work_id,text_name,category,tradition_or_sect,region,language,script,translator,commentator,edition,translation_year,source_name,source_url,source_type,format,licence,copyright_status,can_store,can_show_excerpts,can_embed_full_text,can_use_for_rag,attribution_required,commercial_use_allowed,permission_needed,provenance_confidence,ingestion_difficulty,review_needed,human_reviewer_notes,status
bhagavad_gita_candidate,Bhagavad Gita,scripture,general,pan_indian,Sanskrit,Devanagari/IAST,none,none,TBD,TBD,TBD,TBD,TBD,TBD,TBD,Unknown,Unclear,Unclear,Unclear,Unclear,TBD,Unclear,Unclear,Unknown,Medium,legal; content; OCR,,candidate
principal_upanishads_candidate,Principal Upanishads,scripture,general,pan_indian,Sanskrit/English,Devanagari/IAST,TBD,none,TBD,TBD,TBD,TBD,TBD,TBD,TBD,Unknown,Unclear,Unclear,Unclear,Unclear,TBD,Unclear,Unclear,Unknown,Medium,legal; content; OCR,,candidate
yoga_sutras_candidate,Yoga Sutras,scripture,yoga,pan_indian,Sanskrit/English,Devanagari/IAST,TBD,TBD,TBD,TBD,TBD,TBD,TBD,TBD,TBD,Unknown,Unclear,Unclear,Unclear,Unclear,TBD,Unclear,Unclear,Unknown,Medium,legal; content; theological,,candidate
glossary_in_house_candidate,Core Hindu Glossary,glossary,general,pan_indian,English,Roman,in_house,none,Sandhya original,2026,Sandhya,in_house,in_house,Markdown,Sandhya proprietary,Owned,Yes,Yes,Yes,"Yes, can ingest",Sandhya,Yes,No,High,Easy,content; theological; regional,,candidate
festival_rules_candidate,Festival Rules and Explanations,festival,general,pan_indian,English,Roman,in_house,none,Sandhya original,2026,Sandhya,in_house,in_house,Markdown,Sandhya proprietary,Owned,Yes,Yes,Yes,"Yes, can ingest",Sandhya,Yes,No,High,Medium,content; theological; regional; calendar,,candidate
daily_puja_candidate,Daily Puja Practice Guide,practice_guide,general,pan_indian,English,Roman,in_house,none,Sandhya original,2026,Sandhya,in_house,in_house,Markdown,Sandhya proprietary,Owned,Yes,Yes,Yes,"Yes, can ingest",Sandhya,Yes,No,High,Easy,content; theological; ritual; regional,,candidate
bhagavad_gita_arnold_1885_en,Bhagavad Gita,scripture,general,pan_indian,English,Roman,Edwin Arnold,none,The Song Celestial,1885,Project Gutenberg,https://www.gutenberg.org/ebooks/2388,ebook,TXT/HTML,Project Gutenberg public domain terms,Public domain,Yes,Yes,Yes,"Yes, can ingest",Credit Project Gutenberg and Edwin Arnold; remove or comply with Project Gutenberg trademark/license boilerplate,Yes,No,High,Easy,content; OCR; attribution,Old poetic English; may need modern in-house summary layer.,staged_candidate
upanishads_paramananda_en,Principal Upanishads,scripture,general,pan_indian,English/Romanized Sanskrit,Roman,Swami Paramananda,none,The Upanishads,1919,Project Gutenberg,https://www.gutenberg.org/ebooks/3283,ebook,TXT/HTML,Project Gutenberg public domain terms,Public domain,Yes,Yes,Yes,"Yes, can ingest",Credit Project Gutenberg and Swami Paramananda; remove or comply with Project Gutenberg trademark/license boilerplate,Yes,No,High,Easy,content; coverage; attribution,Check which principal Upanishads are included before claiming full 10-13 coverage.,staged_candidate
yoga_sutras_johnston_en,Yoga Sutras,scripture,yoga,pan_indian,English/Romanized Sanskrit,Roman,Charles Johnston,none,The Yoga Sutras of Patanjali,1912,Project Gutenberg,https://www.gutenberg.org/ebooks/2526,ebook,TXT/HTML,Project Gutenberg public domain terms,Public domain,Yes,Yes,Yes,"Yes, can ingest",Credit Project Gutenberg and Charles Johnston; remove or comply with Project Gutenberg trademark/license boilerplate,Yes,No,High,Easy,content; theological; attribution,Terminology is older; human review needed.,staged_candidate
ramayana_griffith_en,Valmiki Ramayana,itihasa,general,pan_indian,English,Roman,Ralph T. H. Griffith,none,The Ramayana,1870,Project Gutenberg,https://www.gutenberg.org/ebooks/24869,ebook,TXT/HTML,Project Gutenberg public domain terms,Public domain,Yes,Yes,Yes,"Yes, can ingest",Credit Project Gutenberg and Ralph T. H. Griffith; remove or comply with Project Gutenberg trademark/license boilerplate,Yes,No,High,Medium,content; attribution; key-passage selection,Use key passages first; old poetic English.,staged_candidate
mahabharata_ganguli_en,Mahabharata,itihasa,general,pan_indian,English,Roman,Kisari Mohan Ganguli,none,The Mahabharata of Krishna-Dwaipayana Vyasa,1883-1896,Project Gutenberg,https://www.gutenberg.org/ebooks/7864,ebook,TXT/HTML,Project Gutenberg public domain terms,Public domain,Yes,Yes,Yes,"Yes, can ingest",Credit Project Gutenberg and Kisari Mohan Ganguli; remove or comply with Project Gutenberg trademark/license boilerplate,Yes,No,High,Hard,content; attribution; key-passage selection,Very large; ingest selected passages first.,staged_candidate
rig_veda_griffith_en,Rig Veda,shruti,general,pan_indian,English,Roman,Ralph T. H. Griffith,none,The Hymns of the Rigveda,1889,Sacred Texts,https://sacred-texts.com/hin/rigveda/,website,HTML,Sacred Texts public-domain source with site terms,Likely public domain,Yes,Yes,Only public-domain version,"Yes, can ingest",Credit Sacred Texts and Ralph T. H. Griffith; preserve source metadata,Yes,No,Medium,Medium,legal; content; Vedic review; attribution,Prefer selected hymns only. Sacred Texts terms should be rechecked before public release.,staged_candidate
tirukkural_project_madurai_ta_en,Tirukkural,regional_wisdom,general,tamil,Tamil/English,Tamil/Roman,G. U. Pope; W. H. Drew; John Lazarus; F. W. Ellis,none,Tirukkural English Translation and Commentary,1886,Project Madurai,https://www.projectmadurai.org/pm_etexts/utf8/pmuni0153.html,etext,HTML/PDF,Project Madurai distribution terms,Public domain or used with consent per project statement,Yes,Yes,Yes,"Yes, can ingest",Preserve Project Madurai header and credits; contact Project Madurai before public online redistribution,Unclear,Unclear,Medium,Easy,legal; content; Tamil review; attribution,Best Tamil-first candidate; contact before shipping.,staged_candidate
bhagavad_gita_sanskrit_gita_json,Bhagavad Gita,scripture,general,pan_indian,Sanskrit,Devanagari/IAST,none,none,gita/gita JSON,TBD,gita/gita,https://github.com/gita/gita,repository,JSON,Unlicense,Open licensed repo with provenance review needed,Unclear,Unclear,Unclear,Unclear,Check repository/file attribution,Unclear,Unclear,Medium,Easy,legal; provenance; content,Use only Sanskrit verse fields after verifying upstream source.,candidate_review_first
bhagavad_gita_sanskrit_bhagavadgita_com,Bhagavad Gita,scripture,general,pan_indian,Sanskrit,Devanagari/IAST,none,none,Original Sanskrit verses,TBD,BhagavadGita.com,https://bhagavadgita.com/copyright,website/API,HTML/API,BhagavadGita.com copyright note for Sanskrit verses,Public domain for original Sanskrit verses only,Yes,Yes,Yes,"Yes, can ingest",Do not use their translations/commentaries/API commercially without permission,Yes for Sanskrit only,No for Sanskrit only,Medium,Easy,legal; provenance; content,Sanskrit only. Their translations/commentaries are not usable commercially.,candidate_review_first
gretil_sanskrit_corpus_candidate,Multiple Sanskrit works,corpus,general,pan_indian,Sanskrit,Roman/Unicode/TBD,various,various,Per-file GRETIL e-texts,TBD,GRETIL,https://gretil.sub.uni-goettingen.de/gretil.html,corpus,TXT/TEI/XML,Per-file terms/provenance,Unknown,Unclear,Unclear,Unclear,Unclear,Per-file source/inputter attribution required where stated,Unclear,Unclear,High,Medium,legal; provenance; TEI; content,Use as source candidate list; clear each file before ingestion.,candidate_review_first
dnyaneshwari_commons_scan_mr,Dnyaneshwari,commentary,vaishnava/warkari,marathi,Marathi,Devanagari,Sant Dnyaneshwar,Sant Dnyaneshwar,Commons DJVU scan,TBD,Wikimedia Commons,https://commons.wikimedia.org/wiki/File:Dnyaneshwari.djvu,scan,DJVU/PDF,Commons public-domain file status,Public domain scan indicated,Yes,Yes,Yes,"Yes, can ingest after OCR/proofing",Credit scan source and edition details from file page,Yes,No,Medium,Hard,legal; OCR; Marathi review; tradition review,"Marathi commentary/tradition text, not a simple Gita translation.",inventory_only
gita_rahasya_commons_scan_mr,Gita Rahasya,commentary,general/modern,marathi,Marathi,Devanagari,Bal Gangadhar Tilak,Bal Gangadhar Tilak,Commons PDF scan,1915,Wikimedia Commons,https://commons.wikimedia.org/wiki/File:Geeta_Rahasya_BG_Tilak.pdf,scan,PDF,Commons public-domain file status,Public domain scan indicated,Yes,Yes,Yes,"Yes, can ingest after OCR/proofing",Credit scan source and edition details from file page,Yes,No,Medium,Hard,legal; OCR; Marathi review; tradition review,Modern nationalist/philosophical interpretation; tag clearly as commentary.,inventory_only
vedanta_sutras_sankara_thibaut_en,Vedanta Sutras with Sankara Commentary,darshana,advaita,pan_indian,English,Roman,George Thibaut,Adi Sankaracharya,Sacred Books of the East Volume 1,1890,Project Gutenberg,https://www.gutenberg.org/ebooks/16295,ebook,TXT,Project Gutenberg public domain terms,Public domain,Yes,Yes,Yes,"Yes, can ingest",Credit Project Gutenberg George Thibaut and Sankaracharya; remove or comply with Project Gutenberg trademark/license boilerplate,Yes,No,High,Medium,legal; content; attribution; theological,Advanced Vedanta commentary; not beginner devotional text.,staged_candidate
vedanta_sutras_ramanuja_thibaut_en,Vedanta Sutras with Ramanuja Commentary,darshana,vishishtadvaita,pan_indian,English,Roman,George Thibaut,Ramanuja,Sacred Books of the East Volume 48,1904,Project Gutenberg,https://www.gutenberg.org/ebooks/7297,ebook,TXT,Project Gutenberg public domain terms,Public domain,Yes,Yes,Yes,"Yes, can ingest",Credit Project Gutenberg George Thibaut and Ramanuja; remove or comply with Project Gutenberg trademark/license boilerplate,Yes,No,High,Medium,legal; content; attribution; theological,Use to represent Vishishtadvaita perspective with review.,staged_candidate
vishnu_purana_dutt_wilson_en,Vishnu Purana,purana,vaishnava,pan_indian,English,Roman,Manmatha Nath Dutt; H H Wilson,none,A Prose English Translation of Vishnupuranam,1896,Project Gutenberg,https://www.gutenberg.org/ebooks/66208,ebook,TXT,Project Gutenberg public domain terms,Public domain,Yes,Yes,Yes,"Yes, can ingest",Credit Project Gutenberg Manmatha Nath Dutt and H H Wilson; remove or comply with Project Gutenberg trademark/license boilerplate,Yes,No,High,Hard,legal; content; attribution; Vaishnava review,Large Purana text; use selected passages first.,staged_candidate
markandeya_purana_books_7_8_wortham_en,Markandeya Purana Books VII and VIII,purana,general,pan_indian,English,Roman,R Hale Wortham,none,Markandeya Purana Books VII and VIII,1888,Project Gutenberg,https://www.gutenberg.org/ebooks/7169,ebook,TXT,Project Gutenberg public domain terms,Public domain,Yes,Yes,Yes,"Yes, can ingest",Credit Project Gutenberg and R Hale Wortham; remove or comply with Project Gutenberg trademark/license boilerplate,Yes,No,High,Easy,legal; content; attribution,Not Devi Mahatmya; do not label as full Markandeya Purana.,staged_candidate
vishnu_sahasranamam_pg9000_en,Vishnu Sahasranama,stotra,vaishnava/smarta,pan_indian,English/Romanized Sanskrit,Roman,TBD,none,Sri Vishnu Sahasranaamam Project Gutenberg 9000,TBD,Project Gutenberg,https://www.gutenberg.org/ebooks/9000,ebook,TXT,Project Gutenberg public domain terms,Public domain,Yes,Yes,Yes,"Yes, can ingest",Credit Project Gutenberg and listed contributors; remove or comply with Project Gutenberg trademark/license boilerplate,Yes,No,Medium,Easy,legal; content; attribution; Sanskrit review,Check transliteration and source provenance before practice use.,staged_candidate
wikisource_bhagavad_gita_sa,Bhagavad Gita and Mahabharata index,scripture,general,pan_indian,Sanskrit,Devanagari,none,none,Sanskrit Wikisource raw pages,2026,Sanskrit Wikisource,https://sa.wikisource.org/wiki/भगवद्गीता,website_export,JSONL/Wikitext,CC BY-SA 4.0 or public domain page status via Wikimedia terms,Open licensed with public-domain source review needed,Yes,Yes,Only with attribution/share-alike review,metadata only until reviewed,Attribute Wikisource page history and preserve page URLs; verify underlying public-domain status,Yes with CC BY-SA compliance,Unclear,Medium,Medium,legal; provenance; Sanskrit review; attribution,Raw export includes 18 Gita chapters plus Mahabharata index; verify chapter completeness.,staged_candidate
bhagavad_gita_public_domain_mark_hi,Bhagavad Gita,scripture,general,pan_indian,Hindi,Devanagari,TBD,none,Internet Archive public-domain-mark scan,TBD,Internet Archive,https://archive.org/details/bhagavad_gita_202004,scan_ocr,TXT/JSON metadata,Public Domain Mark 1.0 claim,Public domain claim needs verification,Yes,Yes,Yes if claim valid,"Yes, after legal review",Credit Internet Archive item and edition details,Yes if claim valid,Unclear,Medium,Medium,legal; OCR; Hindi review; provenance,OCR staged; verify edition translator and whether public-domain mark is reliable.,staged_candidate
gita_rahasya_tilak_sapre_1933_hi,Gita Rahasya Hindi,commentary,general/modern,marathi/hindi,Hindi,Devanagari,Bal Gangadhar Tilak; Madhavrao Sapre,Bal Gangadhar Tilak,Hindi translation 1933,1933,Internet Archive,https://archive.org/details/Srimad_Bhagavad_Gita_Rahasya_Bal_Gangadhar_Tilak_Hindi,scan_ocr,TXT/JSON metadata,Public Domain Mark 1.0 claim,Public domain claim needs verification,Yes,Yes,Yes if claim valid,"Yes, after legal review",Credit Internet Archive item Tilak and Sapre,Yes if claim valid,Unclear,Medium,Hard,legal; OCR; Hindi review; tradition review,Commentary not neutral translation; tag as Tilak interpretation.,staged_candidate
wikisource_ramcharitmanas_hi,Ramcharitmanas,itihasa/devotional,vaishnava/north_indian,north_india,Hindi/Awadhi,Devanagari,Tulsidas,none,Hindi Wikisource raw pages,TBD,Hindi Wikisource,https://hi.wikisource.org/wiki/रामचरितमानस,website_export,JSONL/Wikitext,CC BY-SA 4.0 or public domain page status via Wikimedia terms,Open licensed with public-domain source review needed,Yes,Yes,Only with attribution/share-alike review,metadata only until reviewed,Attribute Wikisource page history and preserve page URLs,Yes with CC BY-SA compliance,Unclear,Medium,Medium,legal; provenance; Hindi review; attribution,Only main and Balakand raw pages succeeded; use Internet Archive candidate for broader OCR.,partial_staged_candidate
ramcharitmanas_ia_hi_metadata,Ramcharitmanas,itihasa/devotional,vaishnava/north_indian,north_india,Hindi/Awadhi,Devanagari,Tulsidas,none,Internet Archive scan metadata,TBD,Internet Archive,https://archive.org/details/ramcharitmanas_202204,scan,JSON metadata,No clear license captured,Unknown,Unclear,Unclear,Unclear,reference only,Record item metadata only until rights are verified,Unclear,Unclear,Low,Medium,legal; OCR; Hindi review,Metadata only; full text not downloaded because commercial rights are unclear.,metadata_only
wikisource_bharati_bhagavad_gita_ta,Bhagavad Gita Tamil Bharati translation,scripture,general,tamil,Tamil,Tamil,Subramania Bharati,none,Tamil Wikisource raw pages,TBD,Tamil Wikisource,https://ta.wikisource.org/wiki/பாரதியாரின்_பகவத்_கீதை_மொழிபெயர்ப்பு,website_export,JSONL/Wikitext,CC BY-SA 4.0 or public domain page status via Wikimedia terms,Open licensed with public-domain source review needed,Yes,Yes,Only with attribution/share-alike review,metadata only until reviewed,Attribute Wikisource page history and preserve page URLs,Yes with CC BY-SA compliance,Unclear,Medium,Medium,legal; provenance; Tamil review; attribution,Full 18 chapter raw export staged; verify Bharati public-domain status and text quality.,staged_candidate
bhagavad_gita_bankim_1902_bn,Bhagavad Gita Bengali Bankim,scripture,general,bengal,Bengali,Bengali,Bankim Chandra Chattopadhyay,none,1902 Bengali edition,1902,Internet Archive,https://archive.org/details/dli.bengal.10689.4667,scan_ocr,TXT/JSON metadata,In Public Domain metadata claim,Public domain claim needs verification,Yes,Yes,Yes if claim valid,"Yes, after legal review",Credit Internet Archive West Bengal Public Library Network and edition details,Yes if claim valid,Unclear,Medium,Hard,legal; OCR; Bengali review; provenance,OCR quality must be checked before segmentation.,staged_candidate
bhagavad_gita_hitalal_mishra_1853_bn,Bhagavad Gita Bengali Hitalal Mishra,scripture,general,bengal,Bengali,Bengali,Hitalal Mishra,none,1853 Bengali edition,1853,Internet Archive,https://archive.org/details/dli.bengal.10689.4571,scan_ocr,TXT/JSON metadata,Public-domain/old edition metadata,Public domain likely but verify,Yes,Yes,Yes if verified,"Yes, after legal review",Credit Internet Archive West Bengal Public Library Network and edition details,Yes if verified,Unclear,Medium,Hard,legal; OCR; Bengali review; provenance,Very old edition; OCR needs heavy proofing.,staged_candidate
bhagavad_gita_kailash_chandra_singha_1885_bn,Bhagavad Gita Bengali Kailash Chandra Singha,scripture,general,bengal,Bengali,Bengali,Kailash Chandra Singha,none,1885 Bengali edition,1885,Internet Archive,https://archive.org/details/dli.bengal.10689.5268,scan_ocr,TXT/JSON metadata,Public-domain/old edition metadata,Public domain likely but verify,Yes,Yes,Yes if verified,"Yes, after legal review",Credit Internet Archive West Bengal Public Library Network and edition details,Yes if verified,Unclear,Medium,Hard,legal; OCR; Bengali review; provenance,OCR quality must be checked before segmentation.,staged_candidate
bhagavad_gita_kaliprasanna_sarkar_1894_bn,Bhagavad Gita Bengali Kaliprasanna Sarkar,scripture,general,bengal,Bengali,Bengali,Kaliprasanna Sarkar,none,1894 Bengali edition Vol 1,1894,Internet Archive,https://archive.org/details/dli.bengal.10689.7877,scan_ocr,TXT/JSON metadata,In Public Domain metadata claim,Public domain claim needs verification,Yes,Yes,Yes if claim valid,"Yes, after legal review",Credit Internet Archive Uttarpara Jaykrishna Public Library and edition details,Yes if claim valid,Unclear,Medium,Hard,legal; OCR; Bengali review; provenance,Volume 1 only; includes Sridhar Swami commentary per metadata.,staged_candidate
wikisource_bhagavad_gita_indexes_bn,Bengali Bhagavad Gita work index and Pandava Gita,scripture/devotional,general,bengal,Bengali,Bengali,various,various,Bengali Wikisource raw pages,2026,Bengali Wikisource,https://bn.wikisource.org/wiki/রচনা:ভগবদ্গীতা,website_export,JSONL/Wikitext,CC BY-SA 4.0 or public domain page status via Wikimedia terms,Open licensed with public-domain source review needed,Yes,Yes,Only with attribution/share-alike review,metadata only until reviewed,Attribute Wikisource page history and preserve page URLs,Yes with CC BY-SA compliance,Unclear,Medium,Medium,legal; provenance; Bengali review; attribution,Useful checklist of Bengali editions plus Pandava Gita text.,staged_candidate
gita_rahasya_tilak_1924_mr,Gita Rahasya Marathi,commentary,general/modern,marathi,Marathi,Devanagari,Bal Gangadhar Tilak,Bal Gangadhar Tilak,Marathi edition 1924,1924,Internet Archive,https://archive.org/details/Srimad_bhagavad_gita_rahasya-marathi-bal_gangadhar_tilak_1924,scan_ocr,TXT/JSON metadata,Old public-domain candidate,Public domain likely but verify,Yes,Yes,Yes if verified,"Yes, after legal review",Credit Internet Archive and edition details,Yes if verified,Unclear,Medium,Hard,legal; OCR; Marathi review; tradition review,OCR staged; previous Commons row remains separate scan candidate.,staged_candidate
sri_gyaneshwari_marathi_web_mr,Dnyaneshwari Marathi web scan,commentary,vaishnava/warkari,marathi,Marathi,Devanagari,Sant Dnyaneshwar,Sant Dnyaneshwar,Internet Archive scan,TBD,Internet Archive,https://archive.org/details/859SriGyaneshwariMarathiWeb,scan_ocr,TXT/JSON metadata,Public-domain candidate,Public domain likely but verify,Yes,Yes,Yes if verified,"Yes, after legal review",Credit Internet Archive and edition details,Yes if verified,Unclear,Medium,Hard,legal; OCR; Marathi review; Warkari review,OCR staged; requires proofing.,staged_candidate
dnyaneshwari_rajwade_1909_mr,Dnyaneshwari Rajwade edition,commentary,vaishnava/warkari,marathi,Marathi,Devanagari,V K Rajwade editor,Sant Dnyaneshwar,Rajwade edition 1909,1909,Internet Archive,https://archive.org/details/20220709_20220709_1407,scan_ocr,TXT/JSON metadata,Public Domain Mark 1.0 claim,Public domain claim needs verification,Yes,Yes,Yes if claim valid,"Yes, after legal review",Credit Internet Archive Rajwade edition and source library,Yes if claim valid,Unclear,Medium,Hard,legal; OCR; Marathi review; Warkari review,Better historical edition candidate; OCR needs proofing.,staged_candidate
bhagwat_geeta_sanjivanni_gu,Bhagwat Geeta Sanjivanni Gujarati,scripture/commentary,general,gujarat,Gujarati,Gujarati,TBD,TBD,Internet Archive public-domain-mark scan,TBD,Internet Archive,https://archive.org/details/bhagwat-geeta-gujrati,scan_ocr,TXT/JSON metadata,Public Domain Mark 1.0 claim,Public domain claim needs verification,Yes,Yes,Yes if claim valid,"Yes, after legal review",Credit Internet Archive item and edition details,Yes if claim valid,Unclear,Low,Hard,legal; OCR; Gujarati review; provenance,Large OCR staged; source provenance and translator unclear.,staged_candidate
bhagavad_gita_jyoti_1927_gu,Bhagavad Gita Jyoti Gujarati,scripture/commentary,general,gujarat,Gujarati,Gujarati,Bhagvan Bhai Patel,TBD,1927 Gujarati edition,1927,Internet Archive,https://archive.org/details/in.ernet.dli.2015.304399,scan_ocr,TXT/JSON metadata,DLI old edition metadata,Public domain likely but verify,Yes,Yes,Yes if verified,"Yes, after legal review",Credit Internet Archive DLI and edition details,Yes if verified,Unclear,Medium,Hard,legal; OCR; Gujarati review; provenance,OCR detected script metadata may be unreliable; human review required.,staged_candidate
wikisource_gitadhvani_gu,Gitadhvani Gujarati Gita verse translation,scripture,general,gujarat,Gujarati,Gujarati,Kishorlal Ghanshyamlal Mashruwala,none,Gujarati Wikisource raw page,1934,Gujarati Wikisource,https://gu.wikisource.org/wiki/ગીતાધ્વનિ,website_export,JSONL/Wikitext,CC BY-SA 4.0 or public domain page status via Wikimedia terms,Open licensed with public-domain source review needed,Yes,Yes,Only with attribution/share-alike review,metadata only until reviewed,Attribute Wikisource page history and preserve page URLs,Yes with CC BY-SA compliance,Unclear,Medium,Medium,legal; provenance; Gujarati review; attribution,Raw page references Geeta Dhwani; confirm if full text is transcluded elsewhere.,staged_candidate
bhagavad_gita_kantha_bhashyam_bodananda_te,Bhagavad Gita Kantha Bhashyam Telugu,scripture/commentary,general,telugu,Telugu,Telugu,TBD,Bodananda,Telugu Jangamwadi Math collection,TBD,Internet Archive,https://archive.org/details/NcSp_shrimath-bhagavad-gita-kantha-bhashyam-by-bodananda-telugu-jangamwadi-math-collction,scan_ocr,TXT/JSON metadata,CC0 1.0 claim,Open license claim needs uploader authority review,Yes,Yes,Yes if claim valid,"Yes, after legal review",Credit Internet Archive Jangamwadi Math collection and edition details,Yes if claim valid,Unclear,Low,Hard,legal; OCR; Telugu review; provenance,CC0 claim may not clear underlying edition; review before use.,staged_candidate
bhagavad_gita_simple_telugu_public_domain_mark_te,Bhagavad Gita Simple Telugu,scripture,general,telugu,Telugu,Telugu,TBD,none,Internet Archive public-domain-mark scan,TBD,Internet Archive,https://archive.org/details/bhagavad-gita-in-simple-telugu,scan_ocr,TXT/JSON metadata,Public Domain Mark 1.0 claim,Public domain claim needs verification,Yes,Yes,Yes if claim valid,"Yes, after legal review",Credit Internet Archive item and edition details,Yes if claim valid,Unclear,Low,Hard,legal; OCR; Telugu review; provenance,Modern upload; legal review required despite public-domain mark.,staged_candidate
wikisource_bhagavad_gita_translation_te,Bhagavad Gita Telugu Wikisource translation,scripture,general,telugu,Telugu,Telugu,Swamini Sharadapriyananda per page,none,Telugu Wikisource raw pages,TBD,Telugu Wikisource,https://te.wikisource.org/wiki/భగవద్గీత_-_తెలుగు_అనువాదము,website_export,JSONL/Wikitext,CC BY-SA 4.0 or public domain page status via Wikimedia terms,Open licensed with upstream source review needed,Yes,Yes,Only with attribution/share-alike review,metadata only until reviewed,Attribute Wikisource page history and preserve page URLs; verify Chinmaya Mission source rights,Unclear,Unclear,Low,Medium,legal; provenance; Telugu review; attribution,Wikisource page cites Chinmaya Mission material; treat as review-only until rights are verified.,staged_candidate
bhagavat_gita_urdu_khalifa_abdul_hakeem_ur,Bhagavat Gita Urdu Khalifa Abdul Hakeem,scripture,interfaith/modern,urdu,Urdu,Arabic,Dr Khalifa Abdul Hakeem,none,Kashmir Research Institute item,TBD,Internet Archive,https://archive.org/details/KRI279BhagavatGitaUrduTranslationDrKhalifaAbdulHakeem,scan_ocr,TXT/JSON metadata,CC0 1.0 claim,Open license claim needs uploader authority review,Yes,Yes,Yes if claim valid,"Yes, after legal review",Credit Internet Archive Kashmir Research Institute and translator,Yes if claim valid,Unclear,Low,Hard,legal; OCR; Urdu review; provenance,CC0 claim may not clear underlying translation; review before use.,staged_candidate
shrimad_bhagvata_gita_madan_dehlavi_1930_ur,Shrimad Bhagvata Gita Urdu Madan Dehlavi,scripture,interfaith/modern,urdu,Urdu,Arabic,Madan Dehlavi,none,Urdu illustrated edition 1930,1930,Internet Archive,https://archive.org/details/shrimad-bhagvata-gita-urdu-with-illustrations-1930-page-numbering-wrong-from-233,scan_ocr,TXT/JSON metadata,CC0 1.0 claim,Open license claim needs uploader authority review,Yes,Yes,Yes if claim valid,"Yes, after legal review",Credit Internet Archive Kashmir Research Institute and edition details,Yes if claim valid,Unclear,Low,Hard,legal; OCR; Urdu review; provenance,OCR staged; page numbering issue noted by source title.,staged_candidate
bhagvat_geeta_in_urdu_unclear_rights,Bhagvat Geeta in Urdu,scripture,interfaith/modern,urdu,Urdu,Arabic,TBD,none,Internet Archive Urdu item,TBD,Internet Archive,https://archive.org/details/BhagvatGeetaInUrdu,scan,JSON metadata,No clear license captured,Unknown,Unclear,Unclear,Unclear,reference only,Metadata only until rights are verified,Unclear,Unclear,Low,Medium,legal; Urdu review; provenance,Metadata only; full text not downloaded because commercial rights are unclear.,metadata_only
bhagwat_geeta_babu_bhagwan_das_1945_ur_unclear_rights,Bhagwat Geeta Urdu Babu Bhagwan Das,scripture,interfaith/modern,urdu,Urdu,Arabic,Babu Bhagwan Das,none,1945 Urdu edition,1945,Internet Archive,https://archive.org/details/in.ernet.dli.2015.398541,scan,JSON metadata,No clear license captured,Unknown,Unclear,Unclear,Unclear,reference only,Metadata only until copyright status is verified,Unclear,Unclear,Low,Medium,legal; Urdu review; provenance,Metadata only; translator death/copyright status needs research.,metadata_only
bhagavad_gita_urdu_persian_cc_by_nc_nd_blocked,Bhagavad Gita Urdu and Persian translation,scripture,interfaith/modern,urdu/persian,Urdu/Persian,Arabic,TBD,none,Internet Archive 2020 item,2020,Internet Archive,https://archive.org/details/20231004_20231004_1610,scan,JSON metadata,CC BY-NC-ND 4.0,Copyrighted noncommercial no-derivatives,No,No,No,no,Do not ingest; noncommercial and no-derivatives,No,Yes,High,Medium,legal,Metadata only; blocked for commercial app corpus.,blocked_metadata_only
mahabharata_ganguli_volume_1_books_1_3_en,Mahabharata Volume 1 Books 1-3,itihasa,general,pan_indian,English,Roman,Kisari Mohan Ganguli,none,Project Gutenberg volume 1,1883-1896,Project Gutenberg,https://www.gutenberg.org/ebooks/15474,ebook,TXT,Project Gutenberg public domain terms,Public domain,Yes,Yes,Yes,"Yes, can ingest after cleanup/review",Credit Project Gutenberg and Kisari Mohan Ganguli; remove or comply with Project Gutenberg trademark/license boilerplate,Yes,No,High,Hard,content; attribution; key-passage selection,Full Project Gutenberg TXT staged under content/_staging/raw/english on 2026-07-04. Remove or comply with PG boilerplate before app display.,staged_candidate
mahabharata_ganguli_volume_2_books_4_7_en,Mahabharata Volume 2 Books 4-7,itihasa,general,pan_indian,English,Roman,Kisari Mohan Ganguli,none,Project Gutenberg volume 2,1883-1896,Project Gutenberg,https://www.gutenberg.org/ebooks/15475,ebook,TXT,Project Gutenberg public domain terms,Public domain,Yes,Yes,Yes,"Yes, can ingest after cleanup/review",Credit Project Gutenberg and Kisari Mohan Ganguli; remove or comply with Project Gutenberg trademark/license boilerplate,Yes,No,High,Hard,content; attribution; key-passage selection,Full Project Gutenberg TXT staged under content/_staging/raw/english on 2026-07-04. Remove or comply with PG boilerplate before app display.,staged_candidate
mahabharata_ganguli_volume_3_books_8_12_en,Mahabharata Volume 3 Books 8-12,itihasa,general,pan_indian,English,Roman,Kisari Mohan Ganguli,none,Project Gutenberg volume 3,1883-1896,Project Gutenberg,https://www.gutenberg.org/ebooks/15476,ebook,TXT,Project Gutenberg public domain terms,Public domain,Yes,Yes,Yes,"Yes, can ingest after cleanup/review",Credit Project Gutenberg and Kisari Mohan Ganguli; remove or comply with Project Gutenberg trademark/license boilerplate,Yes,No,High,Hard,content; attribution; key-passage selection,Full Project Gutenberg TXT staged under content/_staging/raw/english on 2026-07-04. Remove or comply with PG boilerplate before app display.,staged_candidate
mahabharata_ganguli_volume_4_books_13_18_en,Mahabharata Volume 4 Books 13-18,itihasa,general,pan_indian,English,Roman,Kisari Mohan Ganguli,none,Project Gutenberg volume 4,1883-1896,Project Gutenberg,https://www.gutenberg.org/ebooks/15477,ebook,TXT,Project Gutenberg public domain terms,Public domain,Yes,Yes,Yes,"Yes, can ingest after cleanup/review",Credit Project Gutenberg and Kisari Mohan Ganguli; remove or comply with Project Gutenberg trademark/license boilerplate,Yes,No,High,Hard,content; attribution; key-passage selection,Full Project Gutenberg TXT staged under content/_staging/raw/english on 2026-07-04. Remove or comply with PG boilerplate before app display.,staged_candidate
yajnavalkya_dharma_sastra_judicature_en,Hindu Law and Judicature from the Dharma-Sastra of Yajnavalkya,dharmashastra,general,pan_indian,English,Roman,TBD,none,Project Gutenberg edition,TBD,Project Gutenberg,https://www.gutenberg.org/ebooks/21918,ebook,TXT,Project Gutenberg public domain terms,Public domain,Yes,Yes,Yes,"Yes, can ingest after cleanup/review",Credit Project Gutenberg and edition contributors; remove or comply with Project Gutenberg trademark/license boilerplate,Yes,No,High,Medium,legal; content; attribution,Full Project Gutenberg TXT staged under content/_staging/raw/english on 2026-07-04. Remove or comply with PG boilerplate before app display.,staged_candidate
hindu_literature_hitopadesa_nala_ramayana_sakuntala_en,Hindu Literature anthology,literature,general,pan_indian,English,Roman,Edwin Arnold; Ralph T H Griffith; Monier-Williams,various,Project Gutenberg anthology,1900,Project Gutenberg,https://www.gutenberg.org/ebooks/13268,ebook,TXT,Project Gutenberg public domain terms,Public domain,Yes,Yes,Yes,"Yes, can ingest after cleanup/review",Credit Project Gutenberg anthology contributors; remove or comply with Project Gutenberg trademark/license boilerplate,Yes,No,High,Medium,content; attribution; category tagging,Full Project Gutenberg TXT staged under content/_staging/raw/english on 2026-07-04. Remove or comply with PG boilerplate before app display.,staged_candidate
hindu_tales_from_sanskrit_en,Hindu Tales from the Sanskrit,folklore,general,pan_indian,English,Roman,Siddha Mohana Mitra,none,Project Gutenberg edition,1919,Project Gutenberg,https://www.gutenberg.org/ebooks/11310,ebook,TXT,Project Gutenberg public domain terms,Public domain,Yes,Yes,Yes,"Yes, can ingest after cleanup/review",Credit Project Gutenberg N D'Anvers and Siddha Mohana Mitra; remove or comply with Project Gutenberg trademark/license boilerplate,Yes,No,High,Easy,content; attribution; category tagging,Full Project Gutenberg TXT staged under content/_staging/raw/english on 2026-07-04. Remove or comply with PG boilerplate before app display.,staged_candidate
tales_from_hindu_dramatists_en,Tales from the Hindu Dramatists,literature,general,pan_indian,English,Roman,R N Dutta,none,Project Gutenberg edition,1912,Project Gutenberg,https://www.gutenberg.org/ebooks/18285,ebook,TXT,Project Gutenberg public domain terms,Public domain,Yes,Yes,Yes,"Yes, can ingest after cleanup/review",Credit Project Gutenberg and R N Dutta; remove or comply with Project Gutenberg trademark/license boilerplate,Yes,No,High,Medium,content; attribution; category tagging,Full Project Gutenberg TXT staged under content/_staging/raw/english on 2026-07-04. Remove or comply with PG boilerplate before app display.,staged_candidate
nala_and_damayanti_milman_en,Nala and Damayanti and Other Poems,literature,general,pan_indian,English,Roman,Henry Hart Milman,none,Project Gutenberg edition,1835,Project Gutenberg,https://www.gutenberg.org/ebooks/19529,ebook,TXT,Project Gutenberg public domain terms,Public domain,Yes,Yes,Yes,"Yes, can ingest after cleanup/review",Credit Project Gutenberg and Henry Hart Milman; remove or comply with Project Gutenberg trademark/license boilerplate,Yes,No,High,Easy,content; attribution; category tagging,Full Project Gutenberg TXT staged under content/_staging/raw/english on 2026-07-04. Remove or comply with PG boilerplate before app display.,staged_candidate
hindu_gods_and_heroes_barnett_en,Hindu Gods and Heroes,reference,general,pan_indian,English,Roman,Lionel D Barnett,none,Project Gutenberg edition,1922,Project Gutenberg,https://www.gutenberg.org/ebooks/22885,ebook,TXT,Project Gutenberg public domain terms,Public domain,Yes,Yes,Yes,"Yes, can ingest after cleanup/review",Credit Project Gutenberg and Lionel D Barnett; remove or comply with Project Gutenberg trademark/license boilerplate,Yes,No,High,Easy,content; attribution; theological review,Full Project Gutenberg TXT staged under content/_staging/raw/english on 2026-07-04. Remove or comply with PG boilerplate before app display.,staged_candidate
darshana_graph_corpus_2026,Darshana Graph corpus,corpus,comparative/vedanta,pan_indian,English/Sanskrit,Roman/Devanagari,various,various,arXiv release 2026,2026,arXiv,https://arxiv.org/abs/2606.18222,research_corpus,TBD,Claims public-domain and openly licensed source corpus,Unknown until repository/license found,Unclear,Unclear,Unclear,metadata only,Find repository and per-source licenses before downloading,Unclear,Unclear,Low,Medium,legal; provenance; technical,Paper says full corpus and code are released but source URL was not found in search.,metadata_only_pending_source_url
sbe02_sacred_laws_aryas_part1_en,Sacred Laws of the Aryas Part 1,dharmasutra,general,pan_indian,English,Roman,Georg Buhler,none,Sacred Books of the East Vol 2,1879,Sacred Texts,https://www.sacred-texts.com/hin/sbe02/index.htm,website_html,HTML/JSONL,Public-domain Sacred Books of the East edition; Sacred Texts site terms apply,Public domain translation likely,Yes,Yes,Yes after review,"Yes, can ingest after legal/content review",Credit SBE translator and Sacred Texts source; preserve source URL,Yes if site terms satisfied,Unclear,Medium,Medium,legal; content; attribution,"Page-level Sacred Texts JSONL staged under content/_staging/raw/english/sacred_texts on 2026-07-04. Review site terms, attribution, and sensitive content before production use.",staged_candidate
sbe07_institutes_vishnu_en,Institutes of Vishnu,dharmashastra,general,pan_indian,English,Roman,Julius Jolly,none,Sacred Books of the East Vol 7,1880,Sacred Texts,https://www.sacred-texts.com/hin/sbe07/index.htm,website_html,HTML/JSONL,Public-domain Sacred Books of the East edition; Sacred Texts site terms apply,Public domain translation likely,Yes,Yes,Yes after review,"Yes, can ingest after legal/content review",Credit SBE translator and Sacred Texts source; preserve source URL,Yes if site terms satisfied,Unclear,Medium,Medium,legal; content; attribution,"Page-level Sacred Texts JSONL staged under content/_staging/raw/english/sacred_texts on 2026-07-04. Review site terms, attribution, and sensitive content before production use.",staged_candidate
sbe08_bhagavadgita_sanatsujatiya_anugita_en,Bhagavadgita Sanatsujatiya Anugita,scripture/commentary,general,pan_indian,English,Roman,Kashinath Trimbak Telang,none,Sacred Books of the East Vol 8,1882,Sacred Texts,https://www.sacred-texts.com/hin/sbe08/index.htm,website_html,HTML/JSONL,Public-domain Sacred Books of the East edition; Sacred Texts site terms apply,Public domain translation likely,Yes,Yes,Yes after review,"Yes, can ingest after legal/content review",Credit K T Telang SBE and Sacred Texts source; preserve source URL,Yes if site terms satisfied,Unclear,Medium,Medium,legal; content; attribution,"Page-level Sacred Texts JSONL staged under content/_staging/raw/english/sacred_texts on 2026-07-04. Review site terms, attribution, and sensitive content before production use.",staged_candidate
sbe12_satapatha_brahmana_part1_en,Satapatha Brahmana Part 1,brahmana/veda,general,pan_indian,English,Roman,Julius Eggeling,none,Sacred Books of the East Vol 12,1882,Sacred Texts,https://www.sacred-texts.com/hin/sbr/sbe12/index.htm,website_html,HTML/JSONL,Public-domain Sacred Books of the East edition; Sacred Texts site terms apply,Public domain translation likely,Yes,Limited,Yes after review,"Yes, can ingest after legal/content review",Credit SBE translator and Sacred Texts source; preserve source URL,Yes if site terms satisfied,Unclear,Medium,Hard,legal; Vedic review; ritual review; attribution,"Page-level Sacred Texts JSONL staged under content/_staging/raw/english/sacred_texts on 2026-07-04. Review site terms, attribution, and sensitive content before production use.",staged_candidate
sbe14_sacred_laws_aryas_part2_en,Sacred Laws of the Aryas Part 2,dharmasutra,general,pan_indian,English,Roman,Georg Buhler,none,Sacred Books of the East Vol 14,1882,Sacred Texts,https://www.sacred-texts.com/hin/sbe14/index.htm,website_html,HTML/JSONL,Public-domain Sacred Books of the East edition; Sacred Texts site terms apply,Public domain translation likely,Yes,Yes,Yes after review,"Yes, can ingest after legal/content review",Credit SBE translator and Sacred Texts source; preserve source URL,Yes if site terms satisfied,Unclear,Medium,Medium,legal; content; attribution,"Page-level Sacred Texts JSONL staged under content/_staging/raw/english/sacred_texts on 2026-07-04. Review site terms, attribution, and sensitive content before production use.",staged_candidate
sbe15_upanishads_part2_muller_en,Upanishads Part 2 Max Muller,upanishad/general,vedanta,pan_indian,English,Roman,Max Muller,none,Sacred Books of the East Vol 15,1884,Sacred Texts,https://www.sacred-texts.com/hin/sbe15/index.htm,website_html,HTML/JSONL,Public-domain Sacred Books of the East edition; Sacred Texts site terms apply,Public domain translation likely,Yes,Yes,Yes after review,"Yes, can ingest after legal/content review",Credit Max Muller SBE and Sacred Texts source; preserve source URL,Yes if site terms satisfied,Unclear,Medium,Medium,legal; content; attribution,"Page-level Sacred Texts JSONL staged under content/_staging/raw/english/sacred_texts on 2026-07-04. Review site terms, attribution, and sensitive content before production use.",staged_candidate
sbe25_laws_manu_en,Laws of Manu,dharmashastra,general,pan_indian,English,Roman,Georg Buhler,none,Sacred Books of the East Vol 25,1886,Sacred Texts,https://www.sacred-texts.com/hin/manu.htm,website_html,HTML/JSONL,Public-domain Sacred Books of the East edition; Sacred Texts site terms apply,Public domain translation likely,Yes,Limited,Yes after review,"Yes, can ingest after legal/content review",Credit SBE translator and Sacred Texts source; preserve source URL,Yes if site terms satisfied,Unclear,Medium,Hard,legal; content; social sensitivity review,"Page-level Sacred Texts JSONL staged under content/_staging/raw/english/sacred_texts on 2026-07-04. Review site terms, attribution, and sensitive content before production use.",staged_candidate
sbe29_grihya_sutras_part1_en,Grihya Sutras Part 1,grihya/ritual,general,pan_indian,English,Roman,Hermann Oldenberg,none,Sacred Books of the East Vol 29,1886,Sacred Texts,https://www.sacred-texts.com/hin/sbe29/index.htm,website_html,HTML/JSONL,Public-domain Sacred Books of the East edition; Sacred Texts site terms apply,Public domain translation likely,Yes,Limited,Yes after review,"Yes, can ingest after legal/content review",Credit SBE translator and Sacred Texts source; preserve source URL,Yes if site terms satisfied,Unclear,Medium,Hard,legal; ritual review; Vedic review,"Page-level Sacred Texts JSONL staged under content/_staging/raw/english/sacred_texts on 2026-07-04. Review site terms, attribution, and sensitive content before production use.",staged_candidate
sbe30_grihya_sutras_part2_en,Grihya Sutras Part 2,grihya/ritual,general,pan_indian,English,Roman,Hermann Oldenberg; Max Muller,none,Sacred Books of the East Vol 30,1892,Sacred Texts,https://www.sacred-texts.com/hin/sbe30/index.htm,website_html,HTML/JSONL,Public-domain Sacred Books of the East edition; Sacred Texts site terms apply,Public domain translation likely,Yes,Limited,Yes after review,"Yes, can ingest after legal/content review",Credit SBE translators and Sacred Texts source; preserve source URL,Yes if site terms satisfied,Unclear,Medium,Hard,legal; ritual review; Vedic review,"Page-level Sacred Texts JSONL staged under content/_staging/raw/english/sacred_texts on 2026-07-04. Review site terms, attribution, and sensitive content before production use.",staged_candidate
sbe32_vedic_hymns_part1_en,Vedic Hymns Part 1,veda/hymns,general,pan_indian,English,Roman,Max Muller,none,Sacred Books of the East Vol 32,1891,Sacred Texts,https://www.sacred-texts.com/hin/sbe32/index.htm,website_html,HTML/JSONL,Public-domain Sacred Books of the East edition; Sacred Texts site terms apply,Public domain translation likely,Yes,Yes,Yes after review,"Yes, can ingest after legal/content review",Credit Max Muller SBE and Sacred Texts source; preserve source URL,Yes if site terms satisfied,Unclear,Medium,Medium,legal; Vedic review; attribution,"Page-level Sacred Texts JSONL staged under content/_staging/raw/english/sacred_texts on 2026-07-04. Review site terms, attribution, and sensitive content before production use.",staged_candidate
sbe33_minor_law_books_brihaspati_en,Minor Law Books Brihaspati,dharmashastra,general,pan_indian,English,Roman,Julius Jolly,none,Sacred Books of the East Vol 33,1889,Sacred Texts,https://www.sacred-texts.com/hin/sbe33/index.htm,website_html,HTML/JSONL,Public-domain Sacred Books of the East edition; Sacred Texts site terms apply,Public domain translation likely,Yes,Limited,Yes after review,"Yes, can ingest after legal/content review",Credit SBE translator and Sacred Texts source; preserve source URL,Yes if site terms satisfied,Unclear,Medium,Hard,legal; content; social sensitivity review,"Page-level Sacred Texts JSONL staged under content/_staging/raw/english/sacred_texts on 2026-07-04. Review site terms, attribution, and sensitive content before production use.",staged_candidate
sbe38_vedanta_sutras_sankara_part2_en,Vedanta Sutras Sankara Part 2,vedanta,advaita,pan_indian,English,Roman,George Thibaut,Adi Sankaracharya,Sacred Books of the East Vol 38,1896,Sacred Texts,https://www.sacred-texts.com/hin/sbe38/index.htm,website_html,HTML/JSONL,Public-domain Sacred Books of the East edition; Sacred Texts site terms apply,Public domain translation likely,Yes,Yes,Yes after review,"Yes, can ingest after legal/content review",Credit Thibaut SBE and Sacred Texts source; preserve source URL,Yes if site terms satisfied,Unclear,Medium,Medium,legal; theological review; attribution,"Page-level Sacred Texts JSONL staged under content/_staging/raw/english/sacred_texts on 2026-07-04. Review site terms, attribution, and sensitive content before production use.",staged_candidate
sbe42_hymns_atharva_veda_en,Hymns of the Atharva-Veda,veda/hymns,general,pan_indian,English,Roman,Maurice Bloomfield,none,Sacred Books of the East Vol 42,1897,Sacred Texts,https://www.sacred-texts.com/hin/sbe42/index.htm,website_html,HTML/JSONL,Public-domain Sacred Books of the East edition; Sacred Texts site terms apply,Public domain translation likely,Yes,Limited,Yes after review,"Yes, can ingest after legal/content review",Credit Bloomfield SBE and Sacred Texts source; preserve source URL,Yes if site terms satisfied,Unclear,Medium,Hard,legal; Vedic review; safety review; attribution,"Page-level Sacred Texts JSONL staged under content/_staging/raw/english/sacred_texts on 2026-07-04. Review site terms, attribution, and sensitive content before production use.",staged_candidate
sbe46_vedic_hymns_part2_agni_en,Vedic Hymns Part 2 Hymns to Agni,veda/hymns,general,pan_indian,English,Roman,Hermann Oldenberg,none,Sacred Books of the East Vol 46,1897,Sacred Texts,https://www.sacred-texts.com/hin/sbe46/index.htm,website_html,HTML/JSONL,Public-domain Sacred Books of the East edition; Sacred Texts site terms apply,Public domain translation likely,Yes,Yes,Yes after review,"Yes, can ingest after legal/content review",Credit Oldenberg SBE and Sacred Texts source; preserve source URL,Yes if site terms satisfied,Unclear,Medium,Medium,legal; Vedic review; attribution,"Page-level Sacred Texts JSONL staged under content/_staging/raw/english/sacred_texts on 2026-07-04. Review site terms, attribution, and sensitive content before production use.",staged_candidate
atharva_veda_griffith_sacred_texts_en,Atharva Veda Griffith,veda/hymns,general,pan_indian,English,Roman,Ralph T H Griffith,none,Sacred Texts edition,1895-1896,Sacred Texts,https://www.sacred-texts.com/hin/av/index.htm,website_html,HTML/JSONL,Public-domain translation likely; Sacred Texts site terms apply,Public domain likely,Yes,Limited,Yes after review,"Yes, can ingest after legal/content review",Credit Griffith and Sacred Texts source; preserve source URL,Yes if site terms satisfied,Unclear,Medium,Hard,legal; Vedic review; safety review; attribution,"Page-level Sacred Texts JSONL staged under content/_staging/raw/english/sacred_texts on 2026-07-04. Review site terms, attribution, and sensitive content before production use.",staged_candidate
gretil_mirror_github_metadata,GRETIL mirror repository,corpus,general,pan_indian,Sanskrit,Roman/Unicode,various,various,GitHub mirror,TBD,GitHub,https://github.com/INDOLOGY/GRETIL-mirror,repository,TBD,Mirror license unclear; per-file provenance required,Unknown,Unclear,Unclear,Unclear,metadata only,Per-file source/inputter attribution required where stated,Unclear,Unclear,Medium,Medium,legal; provenance; Sanskrit review,Record repository lead only; do not bulk-ingest until file-level rights are reviewed.,metadata_only
project_madurai_thiruvasagam_part1_ta,Thiruvasagam Part 1,bhakti/shaiva,shaiva,tamil,Tamil,Tamil,Manikkavasagar,none,Project Madurai Unicode HTML,TBD,Project Madurai,https://www.projectmadurai.org/pm_etexts/utf8/pmuni0003_01.html,etext,HTML,Project Madurai distribution terms and public-domain/consent statement,Public domain or used with consent per project statement,Yes,Yes,Yes after review,metadata until downloaded,Preserve Project Madurai header and credits; contact Project Madurai before public online redistribution,Unclear,Unclear,Medium,Medium,legal; Tamil review; Shaiva review; attribution,Tamil Shaiva bhakti canon. Staged by queue reconciliation on 2026-07-06.,staged_candidate
project_madurai_thiruvasagam_part2_ta,Thiruvasagam Part 2,bhakti/shaiva,shaiva,tamil,Tamil,Tamil,Manikkavasagar,none,Project Madurai Unicode HTML,TBD,Project Madurai,https://www.projectmadurai.org/pm_etexts/utf8/pmuni0003_02.html,etext,HTML,Project Madurai distribution terms and public-domain/consent statement,Public domain or used with consent per project statement,Yes,Yes,Yes after review,metadata until downloaded,Preserve Project Madurai header and credits; contact Project Madurai before public online redistribution,Unclear,Unclear,Medium,Medium,legal; Tamil review; Shaiva review; attribution,Tamil Shaiva bhakti canon. Staged by queue reconciliation on 2026-07-06.,staged_candidate
project_madurai_tirumantiram_1_2_ta,Tirumantiram Tantras 1-2,shaiva_siddhanta,shaiva,tamil,Tamil,Tamil,Tirumular,none,Project Madurai Unicode HTML,TBD,Project Madurai,https://www.projectmadurai.org/pm_etexts/utf8/pmuni0004.html,etext,HTML,Project Madurai distribution terms and public-domain/consent statement,Public domain or used with consent per project statement,Yes,Limited,Yes after review,metadata until downloaded,Preserve Project Madurai header and credits; contact Project Madurai before public online redistribution,Unclear,Unclear,Medium,Hard,legal; Tamil review; Shaiva Siddhanta review; attribution,Specialist Shaiva text. Do not flatten as beginner practice guidance. Staged by queue reconciliation on 2026-07-06.,staged_candidate
project_madurai_divya_prabandham_early_ta,Naalayira Divya Prabandham early sections,bhakti/vaishnava,vaishnava,tamil,Tamil,Tamil,Alvars,none,Project Madurai Unicode HTML,TBD,Project Madurai,https://www.projectmadurai.org/pm_etexts/utf8/pmuni0005_01.html,etext,HTML,Project Madurai distribution terms and public-domain/consent statement,Public domain or used with consent per project statement,Yes,Yes,Yes after review,metadata until downloaded,Preserve Project Madurai header and credits; contact Project Madurai before public online redistribution,Unclear,Unclear,Medium,Medium,legal; Tamil review; Sri Vaishnava review; attribution,Tamil Vaishnava Alvar hymn corpus. Staged by queue reconciliation on 2026-07-06.,staged_candidate
project_madurai_divya_prabandham_andal_sections_ta,Naalayira Divya Prabandham Andal and related sections,bhakti/vaishnava,vaishnava,tamil,Tamil,Tamil,Alvars; Andal,none,Project Madurai Unicode HTML,TBD,Project Madurai,https://www.projectmadurai.org/pm_etexts/utf8/pmuni0005_02.html,etext,HTML,Project Madurai distribution terms and public-domain/consent statement,Public domain or used with consent per project statement,Yes,Yes,Yes after review,metadata until downloaded,Preserve Project Madurai header and credits; contact Project Madurai before public online redistribution,Unclear,Unclear,Medium,Medium,legal; Tamil review; Sri Vaishnava review; attribution,Includes Tiruppavai and related Vaishnava hymns. Staged by queue reconciliation on 2026-07-06.,staged_candidate
project_madurai_divya_prabandham_periya_tirumoli_1_ta,Naalayira Divya Prabandham Periya Tirumoli Part 1,bhakti/vaishnava,vaishnava,tamil,Tamil,Tamil,Tirumangai Alvar,none,Project Madurai Unicode HTML,TBD,Project Madurai,https://www.projectmadurai.org/pm_etexts/utf8/pmuni0006_01.html,etext,HTML,Project Madurai distribution terms and public-domain/consent statement,Public domain or used with consent per project statement,Yes,Yes,Yes after review,metadata until downloaded,Preserve Project Madurai header and credits; contact Project Madurai before public online redistribution,Unclear,Unclear,Medium,Medium,legal; Tamil review; Sri Vaishnava review; attribution,Tamil Vaishnava hymn corpus. Staged by queue reconciliation on 2026-07-06.,staged_candidate
project_madurai_divya_prabandham_periya_tirumoli_2_ta,Naalayira Divya Prabandham Periya Tirumoli Part 2,bhakti/vaishnava,vaishnava,tamil,Tamil,Tamil,Tirumangai Alvar,none,Project Madurai Unicode HTML,TBD,Project Madurai,https://www.projectmadurai.org/pm_etexts/utf8/pmuni0006_02.html,etext,HTML,Project Madurai distribution terms and public-domain/consent statement,Public domain or used with consent per project statement,Yes,Yes,Yes after review,metadata until downloaded,Preserve Project Madurai header and credits; contact Project Madurai before public online redistribution,Unclear,Unclear,Medium,Medium,legal; Tamil review; Sri Vaishnava review; attribution,Tamil Vaishnava hymn corpus. Staged by queue reconciliation on 2026-07-06.,staged_candidate
project_madurai_divya_prabandham_misc_ta,Naalayira Divya Prabandham miscellaneous sections,bhakti/vaishnava,vaishnava,tamil,Tamil,Tamil,Alvars,none,Project Madurai Unicode HTML,TBD,Project Madurai,https://www.projectmadurai.org/pm_etexts/utf8/pmuni0007.html,etext,HTML,Project Madurai distribution terms and public-domain/consent statement,Public domain or used with consent per project statement,Yes,Yes,Yes after review,metadata until downloaded,Preserve Project Madurai header and credits; contact Project Madurai before public online redistribution,Unclear,Unclear,Medium,Medium,legal; Tamil review; Sri Vaishnava review; attribution,Tamil Vaishnava hymn corpus. Staged by queue reconciliation on 2026-07-06.,staged_candidate
project_madurai_tiruvaymoli_part1_ta,Tiruvaymoli Part 1,bhakti/vaishnava,vaishnava,tamil,Tamil,Tamil,Nammalvar,none,Project Madurai Unicode HTML,TBD,Project Madurai,https://www.projectmadurai.org/pm_etexts/utf8/pmuni0008_01.html,etext,HTML,Project Madurai distribution terms and public-domain/consent statement,Public domain or used with consent per project statement,Yes,Yes,Yes after review,metadata until downloaded,Preserve Project Madurai header and credits; contact Project Madurai before public online redistribution,Unclear,Unclear,Medium,Medium,legal; Tamil review; Sri Vaishnava review; attribution,Core Sri Vaishnava Tamil text. Staged by queue reconciliation on 2026-07-06.,staged_candidate
project_madurai_tiruvaymoli_part2_ta,Tiruvaymoli Part 2,bhakti/vaishnava,vaishnava,tamil,Tamil,Tamil,Nammalvar,none,Project Madurai Unicode HTML,TBD,Project Madurai,https://www.projectmadurai.org/pm_etexts/utf8/pmuni0008_02.html,etext,HTML,Project Madurai distribution terms and public-domain/consent statement,Public domain or used with consent per project statement,Yes,Yes,Yes after review,metadata until downloaded,Preserve Project Madurai header and credits; contact Project Madurai before public online redistribution,Unclear,Unclear,Medium,Medium,legal; Tamil review; Sri Vaishnava review; attribution,Core Sri Vaishnava Tamil text. Staged by queue reconciliation on 2026-07-06.,staged_candidate
project_madurai_bharati_bhagavad_gita_ta,Bhagavad Gita Tamil Bharati Project Madurai,scripture,general,tamil,Tamil,Tamil,Subramania Bharati,none,Project Madurai Unicode HTML,TBD,Project Madurai,https://www.projectmadurai.org/pm_etexts/utf8/pmuni0014.html,etext,HTML,Project Madurai distribution terms and public-domain/consent statement,Public domain or used with consent per project statement,Yes,Yes,Yes after review,metadata until downloaded,Preserve Project Madurai header and credits; contact Project Madurai before public online redistribution,Unclear,Unclear,Medium,Medium,legal; Tamil review; attribution,Cross-check with existing Tamil Wikisource Bharati Gita export. Staged by queue reconciliation on 2026-07-06.,staged_candidate
project_madurai_kandar_alankaram_anubhuti_ta,Kandar Alankaram and Kandar Anubhuti,bhakti/murugan,shaiva/tamil,tamil,Tamil,Tamil,Arunagirinathar,none,Project Madurai Unicode HTML,TBD,Project Madurai,https://www.projectmadurai.org/pm_etexts/utf8/pmuni0023.html,etext,HTML,Project Madurai distribution terms and public-domain/consent statement,Public domain or used with consent per project statement,Yes,Yes,Yes after review,metadata until downloaded,Preserve Project Madurai header and credits; contact Project Madurai before public online redistribution,Unclear,Unclear,Medium,Medium,legal; Tamil review; Murugan review; attribution,Murugan devotional text. Staged by queue reconciliation on 2026-07-06.,staged_candidate
project_madurai_abirami_andhadhi_ta,Abirami Andhadhi,bhakti/shakta,shakta/tamil,tamil,Tamil,Tamil,Abirami Pattar,none,Project Madurai Unicode HTML,TBD,Project Madurai,https://www.projectmadurai.org/pm_etexts/utf8/pmuni0026_01.html,etext,HTML,Project Madurai distribution terms and public-domain/consent statement,Public domain or used with consent per project statement,Yes,Yes,Yes after review,metadata until downloaded,Preserve Project Madurai header and credits; contact Project Madurai before public online redistribution,Unclear,Unclear,Medium,Medium,legal; Tamil review; Shakta review; attribution,Tamil Shakta devotional text. Staged by queue reconciliation on 2026-07-06.,staged_candidate
project_madurai_kanda_sashti_kavacham_ta,Kanda Sashti Kavacham,bhakti/murugan,shaiva/tamil,tamil,Tamil,Tamil,Devaraya Swamigal,none,Project Madurai Unicode HTML,TBD,Project Madurai,https://www.projectmadurai.org/pm_etexts/utf8/pmuni0034_02.html,etext,HTML,Project Madurai distribution terms and public-domain/consent statement,Public domain or used with consent per project statement,Yes,Yes,Yes after review,metadata until downloaded,Preserve Project Madurai header and credits; contact Project Madurai before public online redistribution,Unclear,Unclear,Medium,Medium,legal; Tamil review; Murugan practice review; attribution,Popular devotional text; practice sensitivity review required. Staged by queue reconciliation on 2026-07-06.,staged_candidate
vinaya_patrika_archive_hi,Vinaya Patrika,bhakti/vaishnava,ramanandi/vaishnava,north_india,Hindi/Braj,Devanagari,Tulsidas,none,Osaka Hindi text mirror via Wayback,TBD,Internet Archive Wayback,https://web.archive.org/web/20070606211824/http://hin.osaka-gaidai.ac.jp/hindi/vinayapatrika.txt,etext,TXT,Public-domain author but web text provenance unclear,Public domain base text likely; transcription source unclear,Yes after download,Yes after review,Yes after review,metadata until downloaded,Preserve source URL and verify transcription provenance,Unclear,Possibly,Low,Medium,legal; Hindi review; provenance,Tulsidas devotional source. Verify edition before use. Staged by queue reconciliation on 2026-07-06.,staged_candidate
dasbodh_ia_marathi_metadata,Dasbodh Marathi,bhakti/practice,ramdasi/marathi,maharashtra,Marathi,Devanagari,Samarth Ramdas,none,Internet Archive item metadata,TBD,Internet Archive,https://archive.org/details/Shri.Dasbodh.of.Shri.Samartha.Ramdas.Marathi,scan_metadata,JSON,Public-domain author; scan/license metadata needs review,Public domain base text likely; scan rights unclear,Yes after review,Yes after review,Yes after review,metadata until OCR selected,Archive item attribution required,Unclear,Possibly,Medium,Hard,legal; Marathi review; OCR review,Download metadata first and select OCR/PDF only after edition review. Staged by queue reconciliation on 2026-07-06.,metadata_staged
eknathi_bhagwat_ia_marathi_metadata,Eknathi Bhagwat Marathi,bhakti/commentary,varkari/marathi,maharashtra,Marathi,Devanagari,Sant Eknath,none,Internet Archive item metadata,TBD,Internet Archive,https://archive.org/details/Shri.Eknathi.Bhagwat.Marathi,scan_metadata,JSON,Public-domain author; scan/license metadata needs review,Public domain base text likely; scan rights unclear,Yes after review,Yes after review,Yes after review,metadata until OCR selected,Archive item attribution required,Unclear,Possibly,Medium,Hard,legal; Marathi review; Varkari review; OCR review,Download metadata first and select OCR/PDF only after edition review. Staged by queue reconciliation on 2026-07-06.,metadata_staged
ekanath_bhaktalilamrita_ia_metadata,Ekanath Bhaktalilamrita,hagiography/bhakti,varkari/marathi,maharashtra,English/Marathi,Roman/Devanagari,Mahipati,none,Internet Archive item metadata,TBD,Internet Archive,https://archive.org/details/Ekanath.Bhaktalilamrita,scan_metadata,JSON,Public-domain or old source likely but verify,Copyright status unclear until edition metadata reviewed,Metadata only,No,No,metadata only,Archive item attribution required,Unclear,Yes,Low,Medium,legal; hagiography review; Marathi review,Internet Archive metadata staged on 2026-07-04. Full text not downloaded or approved; verify scan rights and edition before ingestion.,metadata_only
andhra_mahabharatam_andhrabharati_te,Andhra Mahabharatam,itihasa,vaishnava/telugu,andhra_telugu,Telugu,Telugu,Nannaya; Tikkana; Errana,none,Andhra Bharati HTML,TBD,Andhra Bharati,https://andhrabharati.com/itihAsamulu/bhAratamu/index.html,website_html,HTML,Ancient public-domain base text; website terms unclear,Public domain base text likely; site transcription rights unclear,Yes after permission review,Yes after review,Yes after review,metadata until downloaded,Preserve site attribution and verify reuse terms,Unclear,Possibly,Medium,Hard,legal; Telugu review; itihasa review,Telugu Mahabharata by Kavitrayam. Verify Andhra Bharati reuse terms before ingestion. Staged by queue reconciliation on 2026-07-06.,staged_candidate
ranganatha_ramayanamu_andhrabharati_te,Ranganatha Ramayanamu,itihasa,vaishnava/telugu,andhra_telugu,Telugu,Telugu,Gona Budda Reddy,none,Andhra Bharati HTML,TBD,Andhra Bharati,https://andhrabharati.com/itihAsamulu/RanganathaRamayanamu/index.html,website_html,HTML,Ancient public-domain base text; website terms unclear,Public domain base text likely; site transcription rights unclear,Yes after permission review,Yes after review,Yes after review,metadata until downloaded,Preserve site attribution and verify reuse terms,Unclear,Possibly,Medium,Hard,legal; Telugu review; itihasa review,Telugu Ramayana candidate. Verify site reuse terms before ingestion. Staged by queue reconciliation on 2026-07-06.,staged_candidate
pothana_bhagavatha_rathnalu_ia_metadata,Pothana Bhagavatha Rathnalu,purana/bhakti,vaishnava/telugu,andhra_telugu,Telugu,Telugu,Bammera Pothana,none,Internet Archive item metadata,TBD,Internet Archive,https://archive.org/details/PothanaBhagavathaRathnalu,scan_metadata,JSON,Public-domain author; scan/license metadata needs review,Public domain base text likely; scan rights unclear,Yes after review,Yes after review,Yes after review,metadata until OCR selected,Archive item attribution required,Unclear,Possibly,Medium,Hard,legal; Telugu review; Bhagavata review; OCR review,Download metadata first and select OCR/PDF only after edition review. Staged by queue reconciliation on 2026-07-06.,metadata_staged
dhruvopakhyanamu_ia_metadata,Dhruvopakhyanamu,purana/bhakti,vaishnava/telugu,andhra_telugu,Telugu,Telugu,unknown,none,Internet Archive item metadata,TBD,Internet Archive,https://archive.org/details/Dhruvopakhyanamu,scan_metadata,JSON,Public-domain source likely but verify,Copyright status unclear until edition metadata reviewed,Yes after review,Yes after review,Yes after review,metadata until OCR selected,Archive item attribution required,Unclear,Possibly,Low,Medium,legal; Telugu review; OCR review,Telugu devotional/Bhagavata episode candidate. Metadata first. Staged by queue reconciliation on 2026-07-06.,metadata_staged
narsinh_mehta_rekhta_gujarati_metadata,Narsinh Mehta profile and poems,bhakti/vaishnava,vaishnava/gujarati,gujarat,Gujarati,Gujarati,Narsinh Mehta,none,Rekhta Gujarati profile,TBD,Rekhta Gujarati,https://rekhtagujarati.org/poets/narsinh-mehta/profile,metadata,JSON,Poet public domain; site/text rights unclear,Public domain poems likely; website rights unclear,Metadata only,No,No,metadata only,Record source lead only until terms and edition are reviewed,Unclear,Yes,Low,Medium,legal; Gujarati review; provenance,Do not scrape Rekhta text until terms and edition rights are reviewed.,metadata_only
krittivasi_ramayan_bengali_lead,Krittivasi Ramayan,itihasa,vaishnava/bengali,bengal,Bengali,Bengali,Krittibas Ojha,none,source lead,TBD,Wikipedia/source lead,https://en.wikipedia.org/wiki/Krittivasi_Ramayan,metadata,JSON,Medieval public-domain base text; edition/source needed,Public domain base text likely; usable edition not yet identified,Metadata only,No,No,metadata only,Find public-domain scan or Wikisource edition before downloading,Unclear,Yes,Low,Medium,legal; Bengali review; source discovery,Find a trustworthy public-domain edition before text acquisition.,metadata_only
kashidasi_mahabharat_bengali_lead,Kashidasi Mahabharat,itihasa,vaishnava/bengali,bengal,Bengali,Bengali,Kashiram Das,none,source lead,TBD,Wikipedia/source lead,https://en.wikipedia.org/wiki/Kashiram_Das,metadata,JSON,Medieval public-domain base text; edition/source needed,Public domain base text likely; usable edition not yet identified,Metadata only,No,No,metadata only,Find public-domain scan or Wikisource edition before downloading,Unclear,Yes,Low,Medium,legal; Bengali review; source discovery,Find a trustworthy public-domain edition before text acquisition.,metadata_only
project_madurai_tirumantiram_3_6_part1_ta,Tirumantiram Tantras 3-6 Part 1,shaiva_siddhanta,shaiva,tamil,Tamil,Tamil,Tirumular,none,Project Madurai Unicode HTML,TBD,Project Madurai,https://www.projectmadurai.org/pm_etexts/utf8/pmuni0009_01.html,etext,HTML,Project Madurai distribution terms and public-domain/consent statement,Public domain or used with consent per project statement,Yes after download,Limited,Yes after review,metadata until downloaded,Preserve Project Madurai header and credits; contact Project Madurai before public online redistribution,Unclear,Unclear,Medium,Hard,legal; Tamil review; Shaiva Siddhanta review; attribution,Continuation of Tirumantiram; specialist review required. Staged by queue reconciliation on 2026-07-06.,staged_candidate
project_madurai_tirumantiram_3_6_part2_ta,Tirumantiram Tantras 3-6 Part 2,shaiva_siddhanta,shaiva,tamil,Tamil,Tamil,Tirumular,none,Project Madurai Unicode HTML,TBD,Project Madurai,https://www.projectmadurai.org/pm_etexts/utf8/pmuni0009_02.html,etext,HTML,Project Madurai distribution terms and public-domain/consent statement,Public domain or used with consent per project statement,Yes after download,Limited,Yes after review,metadata until downloaded,Preserve Project Madurai header and credits; contact Project Madurai before public online redistribution,Unclear,Unclear,Medium,Hard,legal; Tamil review; Shaiva Siddhanta review; attribution,Continuation of Tirumantiram; specialist review required. Staged by queue reconciliation on 2026-07-06.,staged_candidate
project_madurai_tirumantiram_3_6_part3_ta,Tirumantiram Tantras 3-6 Part 3,shaiva_siddhanta,shaiva,tamil,Tamil,Tamil,Tirumular,none,Project Madurai Unicode HTML,TBD,Project Madurai,https://www.projectmadurai.org/pm_etexts/utf8/pmuni0009_03.html,etext,HTML,Project Madurai distribution terms and public-domain/consent statement,Public domain or used with consent per project statement,Yes after download,Limited,Yes after review,metadata until downloaded,Preserve Project Madurai header and credits; contact Project Madurai before public online redistribution,Unclear,Unclear,Medium,Hard,legal; Tamil review; Shaiva Siddhanta review; attribution,Continuation of Tirumantiram; specialist review required. Staged by queue reconciliation on 2026-07-06.,staged_candidate
project_madurai_tirumantiram_7_9_part1_ta,Tirumantiram Tantras 7-9 Part 1,shaiva_siddhanta,shaiva,tamil,Tamil,Tamil,Tirumular,none,Project Madurai Unicode HTML,TBD,Project Madurai,https://www.projectmadurai.org/pm_etexts/utf8/pmuni0010_01.html,etext,HTML,Project Madurai distribution terms and public-domain/consent statement,Public domain or used with consent per project statement,Yes after download,Limited,Yes after review,metadata until downloaded,Preserve Project Madurai header and credits; contact Project Madurai before public online redistribution,Unclear,Unclear,Medium,Hard,legal; Tamil review; Shaiva Siddhanta review; attribution,Continuation of Tirumantiram; specialist review required. Staged by queue reconciliation on 2026-07-06.,staged_candidate
project_madurai_tirumantiram_7_9_part2_ta,Tirumantiram Tantras 7-9 Part 2,shaiva_siddhanta,shaiva,tamil,Tamil,Tamil,Tirumular,none,Project Madurai Unicode HTML,TBD,Project Madurai,https://www.projectmadurai.org/pm_etexts/utf8/pmuni0010_02.html,etext,HTML,Project Madurai distribution terms and public-domain/consent statement,Public domain or used with consent per project statement,Yes after download,Limited,Yes after review,metadata until downloaded,Preserve Project Madurai header and credits; contact Project Madurai before public online redistribution,Unclear,Unclear,Medium,Hard,legal; Tamil review; Shaiva Siddhanta review; attribution,Continuation of Tirumantiram; specialist review required. Staged by queue reconciliation on 2026-07-06.,staged_candidate
project_madurai_tirumantiram_7_9_part3_ta,Tirumantiram Tantras 7-9 Part 3,shaiva_siddhanta,shaiva,tamil,Tamil,Tamil,Tirumular,none,Project Madurai Unicode HTML,TBD,Project Madurai,https://www.projectmadurai.org/pm_etexts/utf8/pmuni0010_03.html,etext,HTML,Project Madurai distribution terms and public-domain/consent statement,Public domain or used with consent per project statement,Yes after download,Limited,Yes after review,metadata until downloaded,Preserve Project Madurai header and credits; contact Project Madurai before public online redistribution,Unclear,Unclear,Medium,Hard,legal; Tamil review; Shaiva Siddhanta review; attribution,Continuation of Tirumantiram; specialist review required. Staged by queue reconciliation on 2026-07-06.,staged_candidate
project_madurai_bharati_deiva_padalgal_ta,Bharati Deiva Padalgal,bhakti/general,general/tamil,tamil,Tamil,Tamil,Subramania Bharati,none,Project Madurai Unicode HTML,TBD,Project Madurai,https://www.projectmadurai.org/pm_etexts/utf8/pmuni0012_02.html,etext,HTML,Project Madurai distribution terms and public-domain/consent statement,Public domain or used with consent per project statement,Yes after download,Yes,Yes after review,metadata until downloaded,Preserve Project Madurai header and credits; contact Project Madurai before public online redistribution,Unclear,Unclear,Medium,Medium,legal; Tamil review; attribution,Tamil devotional poems by Bharati. Verify edition before use. Staged by queue reconciliation on 2026-07-06.,staged_candidate
project_madurai_desika_prabandham_ta,Desika Prabandham,bhakti/vaishnava,sri_vaishnava,tamil,Tamil,Tamil,Vedanta Desika,none,Project Madurai Unicode HTML,TBD,Project Madurai,https://www.projectmadurai.org/pm_etexts/utf8/pmuni0013.html,etext,HTML,Project Madurai distribution terms and public-domain/consent statement,Public domain or used with consent per project statement,Yes after download,Yes,Yes after review,metadata until downloaded,Preserve Project Madurai header and credits; contact Project Madurai before public online redistribution,Unclear,Unclear,Medium,Medium,legal; Tamil review; Sri Vaishnava review; attribution,Sri Vaishnava Tamil text; specialist review required. Staged by queue reconciliation on 2026-07-06.,staged_candidate
project_madurai_thiruvarutpa_1_570_ta,Thiruvarutpa Songs 1-570,bhakti/shaiva,shaiva/vallalar,tamil,Tamil,Tamil,Ramalinga Adigal Vallalar,none,Project Madurai Unicode HTML,TBD,Project Madurai,https://www.projectmadurai.org/pm_etexts/utf8/pmuni0018_01.html,etext,HTML,Project Madurai distribution terms and public-domain/consent statement,Public domain or used with consent per project statement,Yes after download,Yes,Yes after review,metadata until downloaded,Preserve Project Madurai header and credits; contact Project Madurai before public online redistribution,Unclear,Unclear,Medium,Medium,legal; Tamil review; Shaiva/Vallalar review; attribution,Vallalar devotional corpus; review before use. Staged by queue reconciliation on 2026-07-06.,staged_candidate
project_madurai_thiruvarutpa_571_1006_ta,Thiruvarutpa Songs 571-1006,bhakti/shaiva,shaiva/vallalar,tamil,Tamil,Tamil,Ramalinga Adigal Vallalar,none,Project Madurai Unicode HTML,TBD,Project Madurai,https://www.projectmadurai.org/pm_etexts/utf8/pmuni0018_02.html,etext,HTML,Project Madurai distribution terms and public-domain/consent statement,Public domain or used with consent per project statement,Yes after download,Yes,Yes after review,metadata until downloaded,Preserve Project Madurai header and credits; contact Project Madurai before public online redistribution,Unclear,Unclear,Medium,Medium,legal; Tamil review; Shaiva/Vallalar review; attribution,Vallalar devotional corpus; review before use. Staged by queue reconciliation on 2026-07-06.,staged_candidate
project_madurai_thiruvarutpa_agaval_ta,Thiruvarutpa Agaval,bhakti/shaiva,shaiva/vallalar,tamil,Tamil,Tamil,Ramalinga Adigal Vallalar,none,Project Madurai Unicode HTML,TBD,Project Madurai,https://www.projectmadurai.org/pm_etexts/utf8/pmuni0031.html,etext,HTML,Project Madurai distribution terms and public-domain/consent statement,Public domain or used with consent per project statement,Yes after download,Yes,Yes after review,metadata until downloaded,Preserve Project Madurai header and credits; contact Project Madurai before public online redistribution,Unclear,Unclear,Medium,Medium,legal; Tamil review; Shaiva/Vallalar review; attribution,Vallalar devotional text; review before use. Staged by queue reconciliation on 2026-07-06.,staged_candidate
project_madurai_shanmuga_kavacham_ta,Shanmuga Kavacham,bhakti/murugan,shaiva/tamil,tamil,Tamil,Tamil,Pamban Kumaragurudasa Swamigal,none,Project Madurai Unicode HTML,TBD,Project Madurai,https://www.projectmadurai.org/pm_etexts/utf8/pmuni0034_01.html,etext,HTML,Project Madurai distribution terms and public-domain/consent statement,Public domain or used with consent per project statement,Yes after download,Yes,Yes after review,metadata until downloaded,Preserve Project Madurai header and credits; contact Project Madurai before public online redistribution,Unclear,Unclear,Medium,Medium,legal; Tamil review; Murugan practice review; attribution,Murugan devotional kavacham; practice sensitivity review required. Staged by queue reconciliation on 2026-07-06.,staged_candidate
project_madurai_kanda_guru_kavacham_ta,Kanda Guru Kavacham,bhakti/murugan,shaiva/tamil,tamil,Tamil,Tamil,Santhananda Swamigal,none,Project Madurai Unicode HTML,TBD,Project Madurai,https://www.projectmadurai.org/pm_etexts/utf8/pmuni0034_03.html,etext,HTML,Project Madurai distribution terms and public-domain/consent statement,Public domain or used with consent per project statement,Yes after download,Yes,Yes after review,metadata until downloaded,Preserve Project Madurai header and credits; contact Project Madurai before public online redistribution,Unclear,Unclear,Medium,Medium,legal; Tamil review; Murugan practice review; attribution,Murugan devotional kavacham; practice sensitivity review required. Staged by queue reconciliation on 2026-07-06.,staged_candidate
itihasa_sanskrit_english_parallel_corpus_metadata,Itihasa Sanskrit-English parallel corpus,itihasa/corpus,general,pan_indian,Sanskrit/English,Devanagari/Roman,various,various,arXiv source lead,2021,arXiv,https://arxiv.org/abs/2106.03269,metadata,JSON,Dataset and upstream text licensing not verified,Unknown,Metadata only,No,No,metadata only,Find repository/dataset license and upstream source rights before download,Unclear,Yes,Low,Hard,legal; dataset review; Sanskrit review,Ramayana/Mahabharata parallel-corpus lead only; do not ingest until released data and rights are verified.,metadata_only_pending_source_url
iwlv_ramayana_multilingual_corpus_metadata,IWLV Ramayana multilingual corpus,itihasa/corpus,general,pan_indian,Sanskrit/Indic multilingual,Multiple,Valmiki and later translators,none,arXiv source lead,2026,arXiv,https://arxiv.org/abs/2604.13078,metadata,JSON,Dataset and upstream text licensing not verified,Unknown,Metadata only,No,No,metadata only,Find repository/dataset license and upstream source rights before download,Unclear,Yes,Low,Hard,legal; dataset review; multilingual review,Ramayana multilingual corpus lead only; verify source editions and rights.,metadata_only_pending_source_url
samasamayik_hindi_sanskrit_dataset_metadata,Samasamayik Hindi-Sanskrit dataset,parallel_corpus,general,pan_indian,Hindi/Sanskrit,Devanagari,various,none,arXiv source lead,2026,arXiv,https://arxiv.org/abs/2603.24307,metadata,JSON,Dataset and upstream text licensing not verified,Unknown,Metadata only,No,No,metadata only,Find repository/dataset license and domain fit before download,Unclear,Yes,Low,Medium,legal; dataset review; Hindi review; Sanskrit review,NLP dataset lead; may not be Hindu religious content.,metadata_only_pending_source_url
mitrasamgraha_sanskrit_english_dataset_metadata,Mitrasamgraha Sanskrit-English corpus,parallel_corpus,general,pan_indian,Sanskrit/English,Devanagari/Roman,various,none,arXiv source lead,2026,arXiv,https://arxiv.org/abs/2601.07314,metadata,JSON,Dataset and upstream text licensing not verified,Unknown,Metadata only,No,No,metadata only,Find repository/dataset license and domain fit before download,Unclear,Yes,Low,Medium,legal; dataset review; Sanskrit review,Sanskrit-English corpus lead; verify whether it contains reusable religious texts.,metadata_only_pending_source_url
sanskritdocuments_sahasranama_index_metadata,SanskritDocuments Sahasranama index,stotra_index,general,pan_indian,Sanskrit,Devanagari/Roman,various,none,SanskritDocuments category,TBD,SanskritDocuments,https://sanskritdocuments.org/sanskrit/sahasranama/,metadata,JSON,Site and per-file reuse terms need review,Unknown,Metadata only,No,No,metadata only,Review site terms and per-file provenance before download,Unclear,Yes,Medium,Medium,legal; Sanskrit review; provenance,Index lead for many Sanskrit sahasranama stotras.,metadata_only
sanskritdocuments_stotra_index_metadata,SanskritDocuments Stotra index,stotra_index,general,pan_indian,Sanskrit,Devanagari/Roman,various,none,SanskritDocuments category,TBD,SanskritDocuments,https://sanskritdocuments.org/sanskrit/stotra/,metadata,JSON,Site and per-file reuse terms need review,Unknown,Metadata only,No,No,metadata only,Review site terms and per-file provenance before download,Unclear,Yes,Medium,Medium,legal; Sanskrit review; provenance,Index lead for Sanskrit stotras.,metadata_only
sanskrit_wikisource_vishnu_sahasranama_metadata,Vishnu Sahasranama Sanskrit Wikisource,stotra,vaishnava/smarta,pan_indian,Sanskrit,Devanagari,traditional,none,Sanskrit Wikisource page,TBD,Sanskrit Wikisource,http://sa.wikisource.org/wiki/श्रीविष्णुसहस्रनामस्तोत्रम्‌,metadata,JSON,Wikimedia terms and source edition status need review,Open licensed with source review needed,Metadata only,No,No,metadata only,Attribute Wikisource page history and verify underlying edition,Unclear,Yes,Medium,Medium,legal; Sanskrit review; attribution,Sanskrit original lead for Vishnu Sahasranama.,metadata_only
sanskrit_wikisource_valmiki_ramayana_metadata,Valmiki Ramayana Sanskrit Wikisource,itihasa,general,pan_indian,Sanskrit,Devanagari,Valmiki,none,Sanskrit Wikisource page,TBD,Sanskrit Wikisource,https://sa.wikisource.org/wiki/वाल्मीकिरामायणम्,metadata,JSON,Wikimedia terms and source edition status need review,Open licensed with source review needed,Metadata only,No,No,metadata only,Attribute Wikisource page history and verify underlying edition,Unclear,Yes,Medium,Hard,legal; Sanskrit review; attribution,Sanskrit Ramayana lead. Verify page completeness and source edition.,metadata_only
bengali_chaitanya_bhagavata_lead,Chaitanya Bhagavata,hagiography/bhakti,gaudiya_vaishnava,bengal,Bengali,Bengali,Vrindavana Dasa Thakura,none,source lead,TBD,Wikipedia/source lead,https://en.wikipedia.org/wiki/Chaitanya_Bhagavata,metadata,JSON,Public-domain base text likely but edition/source needed,Public domain base text likely,Metadata only,No,No,metadata only,Find public-domain scan or Wikisource edition before downloading,Unclear,Yes,Low,Medium,legal; Bengali review; Gaudiya review,Hagiography and theology source. Do not treat as neutral history.,metadata_only
bengali_chaitanya_charitamrita_lead,Chaitanya Charitamrita,hagiography/theology,gaudiya_vaishnava,bengal,Bengali,Bengali/Sanskrit,Krishnadasa Kaviraja,none,source lead,TBD,Wikipedia/source lead,https://en.wikipedia.org/wiki/Chaitanya_Charitamrita,metadata,JSON,Public-domain base text likely but modern translations copyrighted,Public domain base text likely,Metadata only,No,No,metadata only,Find public-domain Bengali edition before downloading,Unclear,Yes,Low,Medium,legal; Bengali review; Gaudiya review,Avoid modern ISKCON or other copyrighted translations unless licensed.,metadata_only
gujarati_akha_bhagat_lead,Akha Bhagat works,bhakti/jnana,vaishnava/gujarati,gujarat,Gujarati,Gujarati,Akha Bhagat,none,source lead,TBD,Wikipedia/source lead,https://en.wikipedia.org/wiki/Akha_Bhagat,metadata,JSON,Public-domain poet but edition/source needed,Public domain base text likely,Metadata only,No,No,metadata only,Find public-domain edition before downloading,Unclear,Yes,Low,Medium,legal; Gujarati review; provenance,Gujarati bhakti and jnana poetry lead.,metadata_only
gujarati_vaishnava_jana_to_lead,Vaishnava Jana To,bhakti/vaishnava,vaishnava/gujarati,gujarat,Gujarati,Gujarati,Narsinh Mehta,none,source lead,TBD,Wikipedia/source lead,https://en.wikipedia.org/wiki/Vaishnava_Jana_To,metadata,JSON,Public-domain poem likely but web text rights unclear,Public domain base text likely,Metadata only,No,No,metadata only,Find reusable Gujarati text source before downloading,Unclear,Yes,Low,Easy,legal; Gujarati review; provenance,Short Narsinh Mehta bhajan lead. Verify text source before use.,metadata_only
telugu_sumati_satakam_lead,Sumati Satakam,neeti/didactic,general/telugu,andhra_telugu,Telugu,Telugu,Baddena Bhupaludu,none,source lead,TBD,Wikipedia/source lead,https://en.wikipedia.org/wiki/Sumathi_Satakam,metadata,JSON,Public-domain base text likely but edition/source needed,Public domain base text likely,Metadata only,No,No,metadata only,Find public-domain Telugu edition before downloading,Unclear,Yes,Low,Medium,legal; Telugu review; content fit review,Didactic classic. Include only if product wants neeti literature beyond scripture.,metadata_only
persian_razmnama_mahabharata_lead,Razmnama Persian Mahabharata,itihasa/translation,mughal/persianate,north_india,Persian/Urdu-script,Persian,Naqib Khan and Akbar court translators,none,source lead,1580s,Wikipedia/source lead,https://en.wikipedia.org/wiki/Razmnama,metadata,JSON,Historical manuscript text rights and edition access unclear,Public domain base text likely but editions unclear,Metadata only,No,No,metadata only,Find public-domain manuscript transcription or scan rights before downloading,Unclear,Yes,Low,Hard,legal; Persian review; Urdu-script review,Persian-script Mahabharata translation lead. Useful for Urdu/Persian-script discovery.,metadata_only
hindi_hanuman_chalisa_lead,Hanuman Chalisa,stotra/bhakti,ramanandi/hanuman,north_india,Hindi/Awadhi,Devanagari,Tulsidas,none,source lead,TBD,Wikipedia/source lead,https://en.wikipedia.org/wiki/Hanuman_Chalisa,metadata,JSON,Public-domain base text likely but edition/source needed,Public domain base text likely,Metadata only,No,No,metadata only,Find reusable Hindi/Awadhi source before downloading,Unclear,Yes,Low,Easy,legal; Hindi review; source discovery,Short popular Tulsidas hymn. Verify exact source text before app use.,metadata_only
hindi_sursagar_surdas_lead,Sursagar Surdas,bhakti/krishna,vallabha/vaishnava,north_india,Hindi/Braj,Devanagari,Surdas,none,source lead,TBD,Wikipedia/source lead,https://en.wikipedia.org/wiki/Surdas,metadata,JSON,Public-domain poet but editions are complex,Public domain base text likely but attribution/authenticity complex,Metadata only,No,No,metadata only,Find public-domain edition and authenticity notes before downloading,Unclear,Yes,Low,Hard,legal; Hindi review; Braj review; authenticity,Surdas corpus has attribution complexity. Do not flatten all poems as authentic Surdas.,metadata_only
hindi_devi_mahatmya_durga_saptashati_lead,Devi Mahatmya Durga Saptashati Hindi,shakta/purana,shakta,pan_indian,Hindi/Sanskrit,Devanagari,traditional,none,source lead,TBD,Wikipedia/source lead,https://en.wikipedia.org/wiki/Devi_Mahatmya,metadata,JSON,Public-domain Sanskrit base text likely; Hindi edition needed,Public domain base text likely but translations vary,Metadata only,No,No,metadata only,Find public-domain Hindi/Sanskrit edition before downloading,Unclear,Yes,Low,Hard,legal; Hindi review; Sanskrit review; Shakta review,Sensitive ritual/devotional text. Avoid modern copyrighted editions.,metadata_only
marathi_tukaram_gatha_lead,Tukaram Gatha,bhakti/abhang,varkari,maharashtra,Marathi,Devanagari,Tukaram,none,source lead,TBD,Wikipedia/source lead,https://en.wikipedia.org/wiki/Tukaram,metadata,JSON,Public-domain poet but edition/source needed,Public domain base text likely but manuscripts/editions vary,Metadata only,No,No,metadata only,Find public-domain Marathi edition before downloading,Unclear,Yes,Low,Hard,legal; Marathi review; Varkari review; authenticity,Large Varkari abhang corpus. Record edition and authenticity limits.,metadata_only
marathi_namdev_gatha_lead,Namdev Gatha,bhakti/abhang,varkari,maharashtra,Marathi,Devanagari,Namdev,none,source lead,TBD,Wikipedia/source lead,https://en.wikipedia.org/wiki/Namdev,metadata,JSON,Public-domain poet but edition/source needed,Public domain base text likely but manuscripts/editions vary,Metadata only,No,No,metadata only,Find public-domain Marathi edition before downloading,Unclear,Yes,Low,Hard,legal; Marathi review; Varkari review; authenticity,Namdev attribution varies by manuscript tradition. Review carefully.,metadata_only
gujarati_bhoja_bhagat_lead,Bhoja Bhagat works,bhakti/saint_poetry,gujarati_bhakti,gujarat,Gujarati,Gujarati,Bhoja Bhagat,none,source lead,TBD,Wikipedia/source lead,https://en.wikipedia.org/wiki/Bhoja_Bhagat,metadata,JSON,Public-domain poet but edition/source needed,Public domain base text likely,Metadata only,No,No,metadata only,Find public-domain Gujarati edition before downloading,Unclear,Yes,Low,Medium,legal; Gujarati review; source discovery,Gujarati Hindu saint-poet lead; verify edition before use.,metadata_only
telugu_vemana_satakam_lead,Vemana Satakam and poems,neeti/philosophical,general/telugu,andhra_telugu,Telugu,Telugu,Vemana,none,source lead,TBD,Wikipedia/source lead,https://en.wikipedia.org/wiki/Vemana,metadata,JSON,Public-domain poet but edition/source needed,Public domain base text likely,Metadata only,No,No,metadata only,Find public-domain Telugu edition and content-fit review before downloading,Unclear,Yes,Low,Medium,legal; Telugu review; content fit review,Moral/philosophical poetry; include only if corpus scope includes neeti/bhakti-adjacent literature.,metadata_only
bengali_manasamangala_lead,Manasamangal Bengali,mangalkavya/shakta,shakta/bengali,bengal,Bengali,Bengali,various,none,source lead,TBD,Wikipedia/source lead,https://en.wikipedia.org/wiki/Manasamangal_Kavya,metadata,JSON,Medieval public-domain base text; edition/source needed,Public domain base text likely,Metadata only,No,No,metadata only,Find public-domain Bengali edition before downloading,Unclear,Yes,Low,Hard,legal; Bengali review; Shakta review,Bengali Manasa mangalkavya tradition lead. Choose edition carefully.,metadata_only
bengali_chandimangal_lead,Chandimangal Bengali,mangalkavya/shakta,shakta/bengali,bengal,Bengali,Bengali,various,none,source lead,TBD,Wikipedia/source lead,https://en.wikipedia.org/wiki/Chandimangal,metadata,JSON,Medieval public-domain base text; edition/source needed,Public domain base text likely,Metadata only,No,No,metadata only,Find public-domain Bengali edition before downloading,Unclear,Yes,Low,Hard,legal; Bengali review; Shakta review,Bengali Chandi mangalkavya tradition lead. Choose edition carefully.,metadata_only
sanskritdocuments_upanishad_index_metadata,SanskritDocuments Upanishad index,upanishad_index,vedanta,pan_indian,Sanskrit,Devanagari/Roman,various,none,SanskritDocuments category,TBD,SanskritDocuments,https://sanskritdocuments.org/sanskrit/upanishhat/,metadata,JSON,Site and per-file reuse terms need review,Unknown,Metadata only,No,No,metadata only,Review site terms and per-file provenance before download,Unclear,Yes,Medium,Medium,legal; Sanskrit review; provenance,Index lead for Sanskrit Upanishad files.,metadata_only
marathi_janabai_abhang_lead,Janabai Abhangs,bhakti/abhang,varkari,maharashtra,Marathi,Devanagari,Janabai,none,source lead,TBD,Wikipedia/source lead,https://en.wikipedia.org/wiki/Janabai,metadata,JSON,Public-domain poet but edition/source needed,Public domain base text likely,Metadata only,No,No,metadata only,Find public-domain Marathi edition before downloading,Unclear,Yes,Low,Medium,legal; Marathi review; Varkari review,Woman Varkari saint-poet lead. Verify edition and attribution.,metadata_only
marathi_ekanath_bharud_abhang_lead,Eknath Bharud and Abhangs,bhakti/abhang,varkari,maharashtra,Marathi,Devanagari,Sant Eknath,none,source lead,TBD,Wikipedia/source lead,https://en.wikipedia.org/wiki/Eknath,metadata,JSON,Public-domain poet but edition/source needed,Public domain base text likely,Metadata only,No,No,metadata only,Find public-domain Marathi edition before downloading,Unclear,Yes,Low,Medium,legal; Marathi review; Varkari review,Separate Eknath poetry lead; not the same as Eknathi Bhagwat.,metadata_only
gujarati_premanand_ramayana_lead,Premanand Ramayana Gujarati,itihasa/ramayana,vaishnava/gujarati,gujarat,Gujarati,Gujarati,Premanand Bhatt,none,source lead,TBD,Wikipedia/source lead,https://en.wikipedia.org/wiki/Ramayana,metadata,JSON,Public-domain base text likely but edition/source needed,Public domain base text likely,Metadata only,No,No,metadata only,Find public-domain Gujarati edition before downloading,Unclear,Yes,Low,Hard,legal; Gujarati review; Ramayana review,Gujarati Ramayana tradition lead attributed to Premanand; source edition needed.,metadata_only
gujarati_dayaram_garbi_lead,Dayaram Garbi and Bhakti poems,bhakti/krishna,vaishnava/gujarati,gujarat,Gujarati,Gujarati,Dayaram,none,source lead,TBD,Wikipedia/source lead,https://en.wikipedia.org/wiki/Dayaram,metadata,JSON,Public-domain poet but edition/source needed,Public domain base text likely,Metadata only,No,No,metadata only,Find public-domain Gujarati edition before downloading,Unclear,Yes,Low,Medium,legal; Gujarati review; Krishna bhakti review,Gujarati Krishna bhakti poet lead.,metadata_only
bengali_vaishnava_padavali_lead,Bengali Vaishnava Padavali,bhakti/krishna,gaudiya_vaishnava,bengal,Bengali,Bengali,various,none,source lead,TBD,Wikipedia/source lead,https://en.wikipedia.org/wiki/Vaishnava_Padavali,metadata,JSON,Public-domain base corpus but editions vary,Public domain base texts likely,Metadata only,No,No,metadata only,Find public-domain Bengali edition before downloading,Unclear,Yes,Low,Hard,legal; Bengali review; Gaudiya review; attribution,Radha-Krishna devotional poetry corpus. Edition selection is critical.,metadata_only
bengali_krishna_mangal_lead,Krishna Mangal Bengali,mangalkavya/krishna,vaishnava/bengali,bengal,Bengali,Bengali,various,none,source lead,TBD,Wikipedia/source lead,https://en.wikipedia.org/wiki/Mangalkavya,metadata,JSON,Public-domain base tradition but edition/source needed,Public domain base text likely,Metadata only,No,No,metadata only,Find public-domain Bengali edition before downloading,Unclear,Yes,Low,Hard,legal; Bengali review; Vaishnava review,Bengali mangalkavya/Krishna tradition source-discovery lead.,metadata_only
hindi_kavitavali_tulsidas_lead,Kavitavali Tulsidas,bhakti/ram,ramanandi/vaishnava,north_india,Hindi/Braj,Devanagari,Tulsidas,none,source lead,TBD,Wikipedia/source lead,https://en.wikipedia.org/wiki/Tulsidas,metadata,JSON,Public-domain author but edition/source needed,Public domain base text likely,Metadata only,No,No,metadata only,Find reusable Hindi/Braj source before downloading,Unclear,Yes,Low,Medium,legal; Hindi review; Braj review,Tulsidas devotional poetry lead.,metadata_only
hindi_gitavali_tulsidas_lead,Gitavali Tulsidas,bhakti/ram,ramanandi/vaishnava,north_india,Hindi/Braj,Devanagari,Tulsidas,none,source lead,TBD,Wikipedia/source lead,https://en.wikipedia.org/wiki/Tulsidas,metadata,JSON,Public-domain author but edition/source needed,Public domain base text likely,Metadata only,No,No,metadata only,Find reusable Hindi/Braj source before downloading,Unclear,Yes,Low,Medium,legal; Hindi review; Braj review,Tulsidas song corpus lead.,metadata_only
telugu_molla_ramayanam_lead,Molla Ramayanam,itihasa/ramayana,vaishnava/telugu,andhra_telugu,Telugu,Telugu,Molla,none,source lead,TBD,Wikipedia/source lead,https://en.wikipedia.org/wiki/Molla_Ramayanam,metadata,JSON,Public-domain base text likely but edition/source needed,Public domain base text likely,Metadata only,No,No,metadata only,Find public-domain Telugu edition before downloading,Unclear,Yes,Low,Hard,legal; Telugu review; Ramayana review,Telugu Ramayana by poet Molla; source edition needed.,metadata_only
telugu_bhaskara_ramayanam_lead,Bhaskara Ramayanam,itihasa/ramayana,vaishnava/telugu,andhra_telugu,Telugu,Telugu,Bhaskara and associated poets,none,source lead,TBD,Wikipedia/source lead,https://en.wikipedia.org/wiki/Ramayana,metadata,JSON,Public-domain base text likely but edition/source needed,Public domain base text likely,Metadata only,No,No,metadata only,Find public-domain Telugu edition before downloading,Unclear,Yes,Low,Hard,legal; Telugu review; Ramayana review,Telugu Ramayana tradition lead; source edition needed.,metadata_only
urdu_razmnama_source_expansion_lead,Urdu/Persian Mahabharata translation leads,itihasa/translation,mughal/persianate,north_india,Urdu/Persian-script,Persian/Urdu,various,none,source lead,TBD,Wikipedia/source lead,https://en.wikipedia.org/wiki/Mahabharata,metadata,JSON,Historical translations exist but editions and rights unclear,Unknown,Metadata only,No,No,metadata only,Find public-domain Urdu or Persian-script edition before downloading,Unclear,Yes,Low,Hard,legal; Urdu review; Persian review,Use Mahabharata translation history to locate Urdu/Persian-script editions.,metadata_only
songs_of_kabir_tagore_pg_en,Songs of Kabir Tagore translation,bhakti/sant,sant/kabir,north_india,English/old Hindi,Roman/Romanized Hindi,Rabindranath Tagore,Kabir,Songs of Kabir,1915,Project Gutenberg,https://www.gutenberg.org/ebooks/6519,ebook,TXT,Project Gutenberg public domain terms,Public domain,Yes after download,Yes,Yes after review,"Yes, can ingest after cleanup/review",Credit Project Gutenberg Tagore Kabir and source edition; remove or comply with PG boilerplate,Yes,No,High,Easy,legal; attribution; sant review,Full Project Gutenberg TXT staged under content/_staging/raw/english on 2026-07-04. Remove or comply with PG boilerplate before app display.,staged_candidate
bijak_kabir_1917_ia_metadata,Bijak of Kabir 1917 translation,bhakti/sant,sant/kabir,north_india,Hindi/English,Devanagari/Roman,Ahmad Shah,Kabir,1917 translation,1917,Internet Archive,https://archive.org/details/bijakofkabirtran00kabiuoft,scan_metadata,JSON,Public-domain/old translation likely but verify scan metadata,Public domain likely but verify,Yes after review,Yes after review,Yes after review,metadata until OCR selected,Archive item attribution required,Unclear,Possibly,Medium,Hard,legal; Hindi review; sant review; OCR review,Internet Archive metadata staged on 2026-07-04. Full text not downloaded or approved; verify scan rights and edition before ingestion.,metadata_only
hindi_mirabai_padavali_lead,Mira Padavali,bhakti/krishna,vaishnava/rajasthani,north_west_india,Hindi/Rajasthani,Devanagari,Mirabai,none,source lead,TBD,Wikipedia/source lead,https://en.wikipedia.org/wiki/Mirabai,metadata,JSON,Public-domain poet but edition/source needed,Public domain base text likely but attribution varies,Metadata only,No,No,metadata only,Find public-domain edition and attribution notes before downloading,Unclear,Yes,Low,Medium,legal; Hindi review; Krishna bhakti review; authenticity,Mirabai corpus has attribution and later devotional expansion issues.,metadata_only
hindi_raskhan_premvatika_lead,Prem Vatika and Raskhan poetry,bhakti/krishna,vaishnava/braj,north_india,Hindi/Braj,Devanagari,Raskhan,none,source lead,TBD,Wikipedia/source lead,https://en.wikipedia.org/wiki/Raskhan,metadata,JSON,Public-domain poet but edition/source needed,Public domain base text likely,Metadata only,No,No,metadata only,Find public-domain Hindi/Braj edition before downloading,Unclear,Yes,Low,Medium,legal; Hindi review; Braj review,Raskhan Krishna bhakti poetry lead; verify edition before use.,metadata_only
hindi_kabir_granthavali_lead,Kabir Granthavali,bhakti/sant,sant/kabir,north_india,Hindi/Sadhukkadi,Devanagari,Kabir,none,source lead,TBD,Wikipedia/source lead,https://en.wikipedia.org/wiki/Kabir,metadata,JSON,Public-domain poet but recensions and editions vary,Public domain base text likely but recension complex,Metadata only,No,No,metadata only,Find public-domain edition and recension notes before downloading,Unclear,Yes,Low,Hard,legal; Hindi review; sant review; authenticity,Kabir corpus is multi-recension and interreligious; avoid flattening sectarian context.,metadata_only
hindi_tulsidas_dohavali_lead,Dohavali Tulsidas,bhakti/ram,ramanandi/vaishnava,north_india,Hindi/Braj,Devanagari,Tulsidas,none,source lead,TBD,Wikipedia/source lead,https://en.wikipedia.org/wiki/Tulsidas,metadata,JSON,Public-domain author but edition/source needed,Public domain base text likely,Metadata only,No,No,metadata only,Find reusable Hindi/Braj source before downloading,Unclear,Yes,Low,Medium,legal; Hindi review; Braj review,Tulsidas doha collection lead; verify edition before use.,metadata_only
sarva_darsana_sangraha_cowell_ia_metadata,Sarva-Darsana-Samgraha Cowell translation,darshana/compendium,advaita/veda_context,india,English/Sanskrit,Roman/Romanized Sanskrit,E. B. Cowell and A. E. Gough,Madhavacharya-Vidyaranya,Internet Archive metadata,TBD,Internet Archive,https://archive.org/details/Sarva-Darsana-Samgraha.by.Madhavacharya-Vidyaranya.tr.by.E.B.Cowell,scan_metadata,JSON,Old public-domain candidate but verify scan metadata,Public domain likely but verify,Yes after review,Yes after review,Yes after review,metadata until OCR selected,Archive item attribution required,Unclear,Possibly,Medium,Hard,legal; Sanskrit review; darshana review,Internet Archive metadata staged on 2026-07-04. Full text not downloaded or approved; verify scan rights and edition before ingestion.,metadata_only
panchadasi_vidyaranya_hindi_ia_metadata,Panchadasi Hindi/Sanskrit,vedanta/advaita,advaita,india,Hindi/Sanskrit,Devanagari,Vidyaranya Swami,none,Internet Archive metadata,TBD,Internet Archive,https://archive.org/details/Panchadasi.by.Vidyaranya.Swami.Hindi,scan_metadata,JSON,Base text public-domain likely but Hindi edition rights need review,Public domain base likely but edition unclear,Yes after review,Yes after review,Yes after review,metadata until OCR selected,Archive item attribution required,Unclear,Possibly,Medium,Hard,legal; Hindi review; Sanskrit review; Advaita review,Advaita Vedanta source with Hindi edition rights and OCR quality still unverified. Staged by queue reconciliation on 2026-07-06.,metadata_staged
shankara_digvijaya_mula_ia_metadata,Shankara Digvijaya Mula,hagiography/advaita,advaita,india,Sanskrit,Devanagari,traditional,none,Internet Archive metadata,TBD,Internet Archive,https://archive.org/details/Shankara.Digvijaya.Mula.Matram,scan_metadata,JSON,Public-domain base likely but edition and scan metadata need review,Public domain base likely but edition unclear,Yes after review,Yes after review,Yes after review,metadata until OCR selected,Archive item attribution required,Unclear,Possibly,Medium,Hard,legal; Sanskrit review; Advaita review,Hagiographic Advaita text. Label as tradition biography rather than scripture. Staged by queue reconciliation on 2026-07-06.,metadata_staged
dasgupta_history_indian_philosophy_vol1_ia_metadata,A History of Indian Philosophy Vol 1,secondary/philosophy,academic/indology,india,English/Sanskrit,Roman/Romanized Sanskrit,Surendranath Dasgupta,none,Internet Archive metadata,TBD,Internet Archive,https://archive.org/details/in.ernet.dli.2015.96713,scan_metadata,JSON,Early twentieth century work but jurisdiction and edition rights need review,Copyright depends on jurisdiction and edition,Yes after review,Yes after review,Possibly after review,context only until approved,Archive item attribution required,Unclear,Possibly,Medium,Hard,legal; philosophy review; secondary-source review,Internet Archive metadata staged on 2026-07-04. Full text not downloaded or approved; verify scan rights and edition before ingestion.,metadata_only
dasgupta_yoga_as_philosophy_religion_ia_metadata,Yoga as Philosophy and Religion,secondary/yoga,academic/indology,india,English/Sanskrit,Roman/Romanized Sanskrit,Surendranath Dasgupta,none,Internet Archive metadata,TBD,Internet Archive,https://archive.org/details/Yoga.As.Philosophy.And.Religion.By.Surendranath.Dasgupta,scan_metadata,JSON,Early twentieth century work but jurisdiction and edition rights need review,Copyright depends on jurisdiction and edition,Yes after review,Yes after review,Possibly after review,context only until approved,Archive item attribution required,Unclear,Possibly,Medium,Hard,legal; yoga review; secondary-source review,Internet Archive metadata staged on 2026-07-04. Full text not downloaded or approved; verify scan rights and edition before ingestion.,metadata_only
sant_tukaram_gatha_ia_metadata,Sant Tukaram Gatha,bhakti/abhang,varkari,maharashtra,Marathi,Devanagari,Tukaram,none,Internet Archive metadata,TBD,Internet Archive,https://archive.org/details/sant-tukaram-gatha,scan_metadata,JSON,Internet Archive page shows Public Domain Mark but edition metadata must be reviewed,Public domain mark claimed; verify edition,Yes after review,Yes after review,Yes after review,metadata until OCR selected,Archive item attribution required,Unclear,Possibly,Medium,Hard,legal; Marathi review; Varkari review; OCR review,Large bundled Tukaram corpus with multiple OCR files. Select exact edition before ingestion. Staged by queue reconciliation on 2026-07-06.,metadata_staged
hindu_mythology_wilkins_1913_ia_metadata,Hindu Mythology Vedic and Puranic,secondary/mythology,academic/missionary-era,india,English,Roman,William Joseph Wilkins,none,1913 edition,1913,Internet Archive,https://archive.org/details/hindumythologyve00inwilk,scan_metadata,JSON,1913 edition by author died 1902 is public-domain candidate but verify scan metadata,Public domain likely but verify,Yes after review,Yes after review,Possibly after review,context only until approved,Archive item attribution required,Unclear,Possibly,Medium,Medium,legal; Hindu mythology review; secondary-source review,Internet Archive metadata staged on 2026-07-04. Full text not downloaded or approved; verify scan rights and edition before ingestion.,metadata_only
bhagavata_purana_gita_press_ia_lead,Bhagavata Purana Gita Press edition,purana/vaishnava,vaishnava,pan_indian,Hindi/Sanskrit,Devanagari,Gita Press editors,none,Gita Press scan,TBD,Internet Archive,https://archive.org/details/bhagavatapuranagitapress_201907,metadata,JSON,Modern Gita Press edition rights unclear for commercial use,Copyright unclear,No,No,No,metadata only until licensed,Seek Gita Press and scan permission before use,Unclear,Yes,Medium,Hard,legal; Hindi review; Sanskrit review; Vaishnava review,Important Bhagavata Purana edition lead but do not ingest without explicit rights clearance.,blocked_metadata_only
bhagavata_purana_mn_dutt_hathitrust_lead,A prose English translation of Srimad Bhagavatam M N Dutt,purana/vaishnava,vaishnava,pan_indian,English/Sanskrit,Roman/Romanized Sanskrit,Manmatha Nath Dutt,none,HathiTrust record,1895,HathiTrust,https://catalog.hathitrust.org/Record/012507010,metadata,JSON,Old public-domain translation candidate but HathiTrust access and reuse terms need review,Public domain likely but access-limited,Metadata only,No,No,metadata only,Find openly downloadable scan and attribution details before ingestion,Unclear,Yes,Medium,Hard,legal; source discovery; Vaishnava review,Potentially valuable public-domain English Bhagavata translation. Needs open source copy.,metadata_only
bhagavata_purana_sanskritdocuments_lead,Bhagavata Purana SanskritDocuments,purana/vaishnava,vaishnava,pan_indian,Sanskrit,Devanagari/IAST,traditional,none,SanskritDocuments page,TBD,SanskritDocuments,https://sanskritdocuments.org/doc_purana/bhagpur.html?lang=sa,metadata,JSON,Base Sanskrit text public-domain but page and transcription terms need review,Public domain base text likely; transcription terms unclear,Metadata only,No,No,metadata only,Verify source edition and SanskritDocuments terms before downloading,Unclear,Yes,Medium,Hard,legal; Sanskrit review; source-edition review,Sanskrit Bhagavata source lead. Do not ingest until edition and transcription rights are recorded.,metadata_only
bhagavata_purana_study_sinha_1901_en,A Study of the Bhagavata Purana,secondary/vaishnava,vaishnava,pan_indian,English,Roman,Purnendu Narayana Sinha,none,Project Gutenberg ebook,TBD,Project Gutenberg,https://www.gutenberg.org/ebooks/39442,ebook,TXT,Project Gutenberg public domain terms,Public domain,Yes,Yes,Yes,"Yes, can ingest after cleanup/review",Credit Project Gutenberg and Purnendu Narayana Sinha; remove or comply with Project Gutenberg trademark/license boilerplate,Yes,No,High,Medium,legal; attribution; Vaishnava review,"Secondary study of the Bhagavata Purana staged at content/_staging/raw/english/bhagavata_purana_study_sinha_1901_en.txt on 2026-07-04. Use as context, not as scripture text.",staged_candidate
sacred_books_of_the_east_wilson_anthology_en,Sacred Books of the East anthology,anthology/comparative,general,pan_asian,English,Roman,various,none,Project Gutenberg revised edition,1900,Project Gutenberg,https://www.gutenberg.org/ebooks/12894,ebook,TXT,Project Gutenberg public domain terms,Public domain,Yes,Yes,Yes,"Yes, can ingest after cleanup/review","Credit Project Gutenberg, Epiphanius Wilson, and listed translators; remove or comply with Project Gutenberg trademark/license boilerplate",Yes,No,High,Medium,legal; attribution; content selection,Comparative anthology staged at content/_staging/raw/english/sacred_books_of_the_east_wilson_anthology_en.txt on 2026-07-04. Use only Hindu-relevant Vedic and Upanishad selections after segmentation.,staged_candidate
hinduism_buddhism_eliot_vol1_en,"Hinduism and Buddhism, An Historical Sketch, Vol. 1",secondary/history,general,pan_asian,English,Roman,Charles Eliot,none,Project Gutenberg ebook,1921,Project Gutenberg,https://www.gutenberg.org/ebooks/15255,ebook,TXT,Project Gutenberg public domain terms,Public domain in the USA; verify non-USA status before broad production use,Yes,Yes,Yes after review,"Yes, can ingest after cleanup/review",Credit Project Gutenberg and Charles Eliot; remove or comply with Project Gutenberg trademark/license boilerplate,Yes if public-domain status applies in deployment jurisdiction,No,High,Medium,legal; attribution; historical bias review,Secondary historical survey staged for context only; review colonial-era framing before production use. Full Project Gutenberg TXT staged at content/_staging/raw/english/hinduism_buddhism_eliot_vol1_en.txt on 2026-07-04.,staged_candidate
hinduism_buddhism_eliot_vol2_en,"Hinduism and Buddhism, An Historical Sketch, Vol. 2",secondary/history,general,pan_asian,English,Roman,Charles Eliot,none,Project Gutenberg ebook,1921,Project Gutenberg,https://www.gutenberg.org/ebooks/16546,ebook,TXT,Project Gutenberg public domain terms,Public domain in the USA; verify non-USA status before broad production use,Yes,Yes,Yes after review,"Yes, can ingest after cleanup/review",Credit Project Gutenberg and Charles Eliot; remove or comply with Project Gutenberg trademark/license boilerplate,Yes if public-domain status applies in deployment jurisdiction,No,High,Medium,legal; attribution; historical bias review,Secondary historical survey staged for context only; review colonial-era framing before production use. Full Project Gutenberg TXT staged at content/_staging/raw/english/hinduism_buddhism_eliot_vol2_en.txt on 2026-07-04.,staged_candidate
hinduism_buddhism_eliot_vol3_en,"Hinduism and Buddhism, An Historical Sketch, Vol. 3",secondary/history,general,pan_asian,English,Roman,Charles Eliot,none,Project Gutenberg ebook,1921,Project Gutenberg,https://www.gutenberg.org/ebooks/16847,ebook,TXT,Project Gutenberg public domain terms,Public domain in the USA; verify non-USA status before broad production use,Yes,Yes,Yes after review,"Yes, can ingest after cleanup/review",Credit Project Gutenberg and Charles Eliot; remove or comply with Project Gutenberg trademark/license boilerplate,Yes if public-domain status applies in deployment jurisdiction,No,High,Medium,legal; attribution; historical bias review,Secondary historical survey staged for context only; review colonial-era framing before production use. Full Project Gutenberg TXT staged at content/_staging/raw/english/hinduism_buddhism_eliot_vol3_en.txt on 2026-07-04.,staged_candidate
history_indian_philosophy_dasgupta_vol1_en,"A History of Indian Philosophy, Volume 1",secondary/philosophy,general,pan_indian,English,Roman,Surendranath Dasgupta,none,Project Gutenberg ebook,1922,Project Gutenberg,https://www.gutenberg.org/ebooks/12956,ebook,TXT,Project Gutenberg public domain terms,Public domain in the USA; verify non-USA status before broad production use,Yes,Yes,Yes after review,"Yes, can ingest after cleanup/review",Credit Project Gutenberg and Surendranath Dasgupta; remove or comply with Project Gutenberg trademark/license boilerplate,Yes if public-domain status applies in deployment jurisdiction,No,High,Medium,legal; attribution; philosophy review,"Secondary philosophy reference staged for context and terminology support, not as scripture. Full Project Gutenberg TXT staged at content/_staging/raw/english/history_indian_philosophy_dasgupta_vol1_en.txt on 2026-07-04.",staged_candidate
loves_of_krishna_archer_en,The Loves of Krishna in Indian Painting and Poetry,secondary/vaishnava/art_history,vaishnava,north_india,English,Roman,W. G. Archer,none,Project Gutenberg ebook,1957,Project Gutenberg,https://www.gutenberg.org/ebooks/11924,ebook,TXT,Project Gutenberg public domain terms,Public domain in the USA; verify non-USA status before broad production use,Yes,Yes,Yes after review,"Yes, can ingest after cleanup/review",Credit Project Gutenberg and W. G. Archer; remove or comply with Project Gutenberg trademark/license boilerplate,Yes if public-domain status applies in deployment jurisdiction,No,High,Medium,legal; attribution; art history review; jurisdiction review,Krishna art and poetry study staged as context only; confirm jurisdiction and image/text rights before production use. Full Project Gutenberg TXT staged at content/_staging/raw/english/loves_of_krishna_archer_en.txt on 2026-07-04.,staged_candidate
lessons_gnani_yoga_atkinson_en,A Series of Lessons in Gnani Yoga,secondary/yoga,modern_yoga,modern_western,English,Roman,Yogi Ramacharaka / William Walker Atkinson,none,Project Gutenberg ebook,1906,Project Gutenberg,https://www.gutenberg.org/ebooks/13407,ebook,TXT,Project Gutenberg public domain terms,Public domain in the USA; verify non-USA status before broad production use,Yes,Yes,Yes after review,"Yes, can ingest after cleanup/review",Credit Project Gutenberg and Yogi Ramacharaka / William Walker Atkinson; remove or comply with Project Gutenberg trademark/license boilerplate,Yes if public-domain status applies in deployment jurisdiction,No,High,Medium,legal; attribution; yoga review; modern occult framing,"Modern yoga/New Thought source staged for review-first context only, not as traditional authority. Full Project Gutenberg TXT staged at content/_staging/raw/english/lessons_gnani_yoga_atkinson_en.txt on 2026-07-04.",staged_candidate
lessons_raja_yoga_atkinson_en,A Series of Lessons in Raja Yoga,secondary/yoga,modern_yoga,modern_western,English,Roman,Yogi Ramacharaka / William Walker Atkinson,none,Project Gutenberg ebook,1906,Project Gutenberg,https://www.gutenberg.org/ebooks/13656,ebook,TXT,Project Gutenberg public domain terms,Public domain in the USA; verify non-USA status before broad production use,Yes,Yes,Yes after review,"Yes, can ingest after cleanup/review",Credit Project Gutenberg and Yogi Ramacharaka / William Walker Atkinson; remove or comply with Project Gutenberg trademark/license boilerplate,Yes if public-domain status applies in deployment jurisdiction,No,High,Medium,legal; attribution; yoga review; modern occult framing,"Modern yoga/New Thought source staged for review-first context only, not as traditional authority. Full Project Gutenberg TXT staged at content/_staging/raw/english/lessons_raja_yoga_atkinson_en.txt on 2026-07-04.",staged_candidate
introduction_to_yoga_besant_en,An Introduction to Yoga,secondary/yoga,modern_yoga/theosophy,modern_western,English,Roman,Annie Besant,none,Project Gutenberg ebook,1908,Project Gutenberg,https://www.gutenberg.org/ebooks/4278,ebook,TXT,Project Gutenberg public domain terms,Public domain in the USA; verify non-USA status before broad production use,Yes,Yes,Yes after review,"Yes, can ingest after cleanup/review",Credit Project Gutenberg and Annie Besant; remove or comply with Project Gutenberg trademark/license boilerplate,Yes if public-domain status applies in deployment jurisdiction,No,High,Medium,legal; attribution; yoga review; theosophy framing,Theosophical yoga lectures staged for context only; do not present as primary Hindu scripture or practice authority. Full Project Gutenberg TXT staged at content/_staging/raw/english/introduction_to_yoga_besant_en.txt on 2026-07-04.,staged_candidate
hindu_yogi_science_breath_atkinson_en,The Hindu-Yogi Science of Breath,secondary/yoga,modern_yoga,modern_western,English,Roman,Yogi Ramacharaka / William Walker Atkinson,none,Project Gutenberg ebook,1903,Project Gutenberg,https://www.gutenberg.org/ebooks/13402,ebook,TXT,Project Gutenberg public domain terms,Public domain in the USA; verify non-USA status before broad production use,Yes,Yes,Yes after review,"Yes, can ingest after cleanup/review",Credit Project Gutenberg and Yogi Ramacharaka / William Walker Atkinson; remove or comply with Project Gutenberg trademark/license boilerplate,Yes if public-domain status applies in deployment jurisdiction,No,High,Medium,legal; attribution; yoga review; modern occult framing; health claims,Modern breath-practice text staged for careful review; health claims must not be surfaced as advice. Full Project Gutenberg TXT staged at content/_staging/raw/english/hindu_yogi_science_breath_atkinson_en.txt on 2026-07-04.,staged_candidate
doctrine_practice_yoga_mukerji_en,The Doctrine and Practice of Yoga,secondary/yoga,modern_yoga,pan_indian,English,Roman,A. P. Mukerji,none,Project Gutenberg ebook,1910,Project Gutenberg,https://www.gutenberg.org/ebooks/13300,ebook,TXT,Project Gutenberg public domain terms,Public domain in the USA; verify non-USA status before broad production use,Yes,Yes,Yes after review,"Yes, can ingest after cleanup/review",Credit Project Gutenberg and A. P. Mukerji; remove or comply with Project Gutenberg trademark/license boilerplate,Yes if public-domain status applies in deployment jurisdiction,No,High,Medium,legal; attribution; yoga review; practice safety,Modern yoga manual staged for review-first context; practice instructions need safety and product review. Full Project Gutenberg TXT staged at content/_staging/raw/english/doctrine_practice_yoga_mukerji_en.txt on 2026-07-04.,staged_candidate
yoga_as_philosophy_religion_dasgupta_en,Yoga as Philosophy and Religion,secondary/yoga/philosophy,general,pan_indian,English,Roman,Surendranath Dasgupta,none,Project Gutenberg ebook,1924,Project Gutenberg,https://www.gutenberg.org/ebooks/74250,ebook,TXT,Project Gutenberg public domain terms,Public domain in the USA; verify non-USA status before broad production use,Yes,Yes,Yes after review,"Yes, can ingest after cleanup/review",Credit Project Gutenberg and Surendranath Dasgupta; remove or comply with Project Gutenberg trademark/license boilerplate,Yes if public-domain status applies in deployment jurisdiction,No,High,Medium,legal; attribution; yoga review; philosophy review,"Secondary yoga philosophy source staged for context and glossary support, not as scripture. Full Project Gutenberg TXT staged at content/_staging/raw/english/yoga_as_philosophy_religion_dasgupta_en.txt on 2026-07-04.",staged_candidate
autobiography_yogi_yogananda_en,Autobiography of a Yogi,modern_spiritual_autobiography,kriya_yoga,modern_indian,English,Roman,Paramahansa Yogananda,none,Project Gutenberg ebook,1946,Project Gutenberg,https://www.gutenberg.org/ebooks/7452,ebook,TXT,Project Gutenberg public domain terms,Public domain in the USA; verify non-USA status before broad production use,Yes,Yes,Yes after review,"Yes, can ingest after cleanup/review",Credit Project Gutenberg and Paramahansa Yogananda; remove or comply with Project Gutenberg trademark/license boilerplate,Yes if public-domain status applies in deployment jurisdiction,No,High,Medium,legal; attribution; jurisdiction review; modern lineage review,Modern spiritual autobiography staged as review-first context only; confirm non-USA jurisdiction and lineage sensitivities before production use. Full Project Gutenberg TXT staged at content/_staging/raw/english/autobiography_yogi_yogananda_en.txt on 2026-07-04.,staged_candidate
gita_and_gospel_farquhar_en,The Gita and the Gospel,secondary/comparative_religion,general,pan_indian,English,Roman,J. N. Farquhar,none,Project Gutenberg ebook,1903,Project Gutenberg,https://www.gutenberg.org/ebooks/73070,ebook,TXT,Project Gutenberg public domain terms,Public domain in the USA; verify non-USA status before broad production use,Yes,Yes,Yes after review,"Yes, can ingest after cleanup/review",Credit Project Gutenberg and J. N. Farquhar; remove or comply with Project Gutenberg trademark/license boilerplate,Yes if public-domain status applies in deployment jurisdiction,No,High,Medium,legal; attribution; comparative religion bias review,Comparative religion text staged for careful review only; do not present as Hindu doctrinal authority. Full Project Gutenberg TXT staged at content/_staging/raw/english/gita_and_gospel_farquhar_en.txt on 2026-07-04.,staged_candidate
jnana_yoga_part2_vivekananda_en,"Jnana Yoga, Part 2",modern_vedanta,advaita/ramakrishna,modern_indian,English,Roman,Swami Vivekananda,none,Project Gutenberg ebook,1896,Project Gutenberg,https://www.gutenberg.org/ebooks/72368,ebook,TXT,Project Gutenberg public domain terms,Public domain in the USA; verify non-USA status before broad production use,Yes,Yes,Yes after review,"Yes, can ingest after cleanup/review",Credit Project Gutenberg and Swami Vivekananda; remove or comply with Project Gutenberg trademark/license boilerplate,Yes if public-domain status applies in deployment jurisdiction,No,High,Medium,legal; attribution; Vedanta review,Modern Vedanta lectures staged for context; distinguish lecture source from scripture and classical commentary. Full Project Gutenberg TXT staged at content/_staging/raw/english/jnana_yoga_part2_vivekananda_en.txt on 2026-07-04.,staged_candidate
tattva_muktavali_cowell_en,The Tattva-Muktavali,darshana,general,pan_indian,English,Roman,E. B. Cowell,none,Project Gutenberg ebook,1871,Project Gutenberg,https://www.gutenberg.org/ebooks/7175,ebook,TXT,Project Gutenberg public domain terms,Public domain in the USA; verify non-USA status before broad production use,Yes,Yes,Yes after review,"Yes, can ingest after cleanup/review",Credit Project Gutenberg and E. B. Cowell; remove or comply with Project Gutenberg trademark/license boilerplate,Yes if public-domain status applies in deployment jurisdiction,No,High,Hard,legal; attribution; philosophy review,Philosophical text staged for specialist review before segmentation or retrieval use. Full Project Gutenberg TXT staged at content/_staging/raw/english/tattva_muktavali_cowell_en.txt on 2026-07-04.,staged_candidate
sarva_darsana_samgraha_cowell_gough_en,The Sarva-Darsana-Samgraha,darshana,general,pan_indian,English,Roman,E. B. Cowell and A. E. Gough,Madhava Acharya,Project Gutenberg ebook,1882,Project Gutenberg,https://www.gutenberg.org/ebooks/34125,ebook,TXT,Project Gutenberg public domain terms,Public domain in the USA; verify non-USA status before broad production use,Yes,Yes,Yes after review,"Yes, can ingest after cleanup/review",Credit Project Gutenberg and E. B. Cowell and A. E. Gough; remove or comply with Project Gutenberg trademark/license boilerplate,Yes if public-domain status applies in deployment jurisdiction,No,High,Hard,legal; attribution; philosophy review; tradition review,Classical survey of philosophical systems staged for review; distinguish polemical source perspective from neutral app voice. Full Project Gutenberg TXT staged at content/_staging/raw/english/sarva_darsana_samgraha_cowell_gough_en.txt on 2026-07-04.,staged_candidate
yoga_vasishtha_mitra_vol1_en,"The Yoga-Vasishtha Maharamayana of Valmiki, Vol. 1",darshana/itihasa,advaita,pan_indian,English,Roman,Vihari-Lala Mitra,none,Project Gutenberg ebook,1891,Project Gutenberg,https://www.gutenberg.org/ebooks/71326,ebook,TXT,Project Gutenberg public domain terms,Public domain in the USA; verify non-USA status before broad production use,Yes,Yes,Yes after review,"Yes, can ingest after cleanup/review",Credit Project Gutenberg and Vihari-Lala Mitra; remove or comply with Project Gutenberg trademark/license boilerplate,Yes if public-domain status applies in deployment jurisdiction,No,High,Hard,legal; attribution; Vedanta review; segmentation,Yoga-Vasishtha volume staged as philosophical scripture candidate; requires careful segmentation and tradition notes. Full Project Gutenberg TXT staged at content/_staging/raw/english/yoga_vasishtha_mitra_vol1_en.txt on 2026-07-04.,staged_candidate
yoga_vasishtha_mitra_vol2_part1_en,"The Yoga-Vasishtha Maharamayana of Valmiki, Vol. 2 Part 1",darshana/itihasa,advaita,pan_indian,English,Roman,Vihari-Lala Mitra,none,Project Gutenberg ebook,1891,Project Gutenberg,https://www.gutenberg.org/ebooks/71063,ebook,TXT,Project Gutenberg public domain terms,Public domain in the USA; verify non-USA status before broad production use,Yes,Yes,Yes after review,"Yes, can ingest after cleanup/review",Credit Project Gutenberg and Vihari-Lala Mitra; remove or comply with Project Gutenberg trademark/license boilerplate,Yes if public-domain status applies in deployment jurisdiction,No,High,Hard,legal; attribution; Vedanta review; segmentation,Yoga-Vasishtha volume staged as philosophical scripture candidate; requires careful segmentation and tradition notes. Full Project Gutenberg TXT staged at content/_staging/raw/english/yoga_vasishtha_mitra_vol2_part1_en.txt on 2026-07-04.,staged_candidate
yoga_vasishtha_mitra_vol2_part2_en,"The Yoga-Vasishtha Maharamayana of Valmiki, Vol. 2 Part 2",darshana/itihasa,advaita,pan_indian,English,Roman,Vihari-Lala Mitra,none,Project Gutenberg ebook,1891,Project Gutenberg,https://www.gutenberg.org/ebooks/71064,ebook,TXT,Project Gutenberg public domain terms,Public domain in the USA; verify non-USA status before broad production use,Yes,Yes,Yes after review,"Yes, can ingest after cleanup/review",Credit Project Gutenberg and Vihari-Lala Mitra; remove or comply with Project Gutenberg trademark/license boilerplate,Yes if public-domain status applies in deployment jurisdiction,No,High,Hard,legal; attribution; Vedanta review; segmentation,Yoga-Vasishtha volume staged as philosophical scripture candidate; requires careful segmentation and tradition notes. Full Project Gutenberg TXT staged at content/_staging/raw/english/yoga_vasishtha_mitra_vol2_part2_en.txt on 2026-07-04.,staged_candidate
yoga_vasishtha_mitra_vol3_part1_en,"The Yoga-Vasishtha Maharamayana of Valmiki, Vol. 3 Part 1",darshana/itihasa,advaita,pan_indian,English,Roman,Vihari-Lala Mitra,none,Project Gutenberg ebook,1891,Project Gutenberg,https://www.gutenberg.org/ebooks/71095,ebook,TXT,Project Gutenberg public domain terms,Public domain in the USA; verify non-USA status before broad production use,Yes,Yes,Yes after review,"Yes, can ingest after cleanup/review",Credit Project Gutenberg and Vihari-Lala Mitra; remove or comply with Project Gutenberg trademark/license boilerplate,Yes if public-domain status applies in deployment jurisdiction,No,High,Hard,legal; attribution; Vedanta review; segmentation,Yoga-Vasishtha volume staged as philosophical scripture candidate; requires careful segmentation and tradition notes. Full Project Gutenberg TXT staged at content/_staging/raw/english/yoga_vasishtha_mitra_vol3_part1_en.txt on 2026-07-04.,staged_candidate
yoga_vasishtha_mitra_vol3_part2_en,"The Yoga-Vasishtha Maharamayana of Valmiki, Vol. 3 Part 2",darshana/itihasa,advaita,pan_indian,English,Roman,Vihari-Lala Mitra,none,Project Gutenberg ebook,1891,Project Gutenberg,https://www.gutenberg.org/ebooks/46531,ebook,TXT,Project Gutenberg public domain terms,Public domain in the USA; verify non-USA status before broad production use,Yes,Yes,Yes after review,"Yes, can ingest after cleanup/review",Credit Project Gutenberg and Vihari-Lala Mitra; remove or comply with Project Gutenberg trademark/license boilerplate,Yes if public-domain status applies in deployment jurisdiction,No,High,Hard,legal; attribution; Vedanta review; segmentation,Yoga-Vasishtha volume staged as philosophical scripture candidate; requires careful segmentation and tradition notes. Full Project Gutenberg TXT staged at content/_staging/raw/english/yoga_vasishtha_mitra_vol3_part2_en.txt on 2026-07-04.,staged_candidate
yoga_vasishtha_mitra_vol4_part1_en,"The Yoga-Vasishtha Maharamayana of Valmiki, Vol. 4 Part 1",darshana/itihasa,advaita,pan_indian,English,Roman,Vihari-Lala Mitra,none,Project Gutenberg ebook,1891,Project Gutenberg,https://www.gutenberg.org/ebooks/71248,ebook,TXT,Project Gutenberg public domain terms,Public domain in the USA; verify non-USA status before broad production use,Yes,Yes,Yes after review,"Yes, can ingest after cleanup/review",Credit Project Gutenberg and Vihari-Lala Mitra; remove or comply with Project Gutenberg trademark/license boilerplate,Yes if public-domain status applies in deployment jurisdiction,No,High,Hard,legal; attribution; Vedanta review; segmentation,Yoga-Vasishtha volume staged as philosophical scripture candidate; requires careful segmentation and tradition notes. Full Project Gutenberg TXT staged at content/_staging/raw/english/yoga_vasishtha_mitra_vol4_part1_en.txt on 2026-07-04.,staged_candidate
yoga_vasishtha_mitra_vol4_part2_en,"The Yoga-Vasishtha Maharamayana of Valmiki, Vol. 4 Part 2",darshana/itihasa,advaita,pan_indian,English,Roman,Vihari-Lala Mitra,none,Project Gutenberg ebook,1891,Project Gutenberg,https://www.gutenberg.org/ebooks/71249,ebook,TXT,Project Gutenberg public domain terms,Public domain in the USA; verify non-USA status before broad production use,Yes,Yes,Yes after review,"Yes, can ingest after cleanup/review",Credit Project Gutenberg and Vihari-Lala Mitra; remove or comply with Project Gutenberg trademark/license boilerplate,Yes if public-domain status applies in deployment jurisdiction,No,High,Hard,legal; attribution; Vedanta review; segmentation,Yoga-Vasishtha volume staged as philosophical scripture candidate; requires careful segmentation and tradition notes. Full Project Gutenberg TXT staged at content/_staging/raw/english/yoga_vasishtha_mitra_vol4_part2_en.txt on 2026-07-04.,staged_candidate
great_indian_epics_oman_en,The Great Indian Epics,secondary/itihasa,general,pan_indian,English,Roman,John Campbell Oman,none,Project Gutenberg ebook,1894,Project Gutenberg,https://www.gutenberg.org/ebooks/73417,ebook,TXT,Project Gutenberg public domain terms,Public domain in the USA; verify non-USA status before broad production use,Yes,Yes,Yes after review,"Yes, can ingest after cleanup/review",Credit Project Gutenberg and John Campbell Oman; remove or comply with Project Gutenberg trademark/license boilerplate,Yes if public-domain status applies in deployment jurisdiction,No,High,Medium,legal; attribution; historical bias review,Secondary epic survey staged for context; review perspective and avoid citing as primary text. Full Project Gutenberg TXT staged at content/_staging/raw/english/great_indian_epics_oman_en.txt on 2026-07-04.,staged_candidate
ramayana_dutt_vol1_en,"The Ramayana, Volume 1: Balakandam and Ayodhyakandam",scripture/itihasa,general,pan_indian,English,Roman,Manmatha Nath Dutt,none,Project Gutenberg ebook,1891,Project Gutenberg,https://www.gutenberg.org/ebooks/57265,ebook,TXT,Project Gutenberg public domain terms,Public domain in the USA; verify non-USA status before broad production use,Yes,Yes,Yes after review,"Yes, can ingest after cleanup/review",Credit Project Gutenberg and Manmatha Nath Dutt; remove or comply with Project Gutenberg trademark/license boilerplate,Yes if public-domain status applies in deployment jurisdiction,No,High,Hard,legal; attribution; epic segmentation; content review,Ramayana prose translation staged as primary itihasa candidate; requires canto-level segmentation and citation review. Full Project Gutenberg TXT staged at content/_staging/raw/english/ramayana_dutt_vol1_en.txt on 2026-07-04.,staged_candidate
ramayana_dutt_vol2_en,"The Ramayana, Volume 2: Aranya, Kishkindha, and Sundara Kandam",scripture/itihasa,general,pan_indian,English,Roman,Manmatha Nath Dutt,none,Project Gutenberg ebook,1891,Project Gutenberg,https://www.gutenberg.org/ebooks/57826,ebook,TXT,Project Gutenberg public domain terms,Public domain in the USA; verify non-USA status before broad production use,Yes,Yes,Yes after review,"Yes, can ingest after cleanup/review",Credit Project Gutenberg and Manmatha Nath Dutt; remove or comply with Project Gutenberg trademark/license boilerplate,Yes if public-domain status applies in deployment jurisdiction,No,High,Hard,legal; attribution; epic segmentation; content review,Ramayana prose translation staged as primary itihasa candidate; requires canto-level segmentation and citation review. Full Project Gutenberg TXT staged at content/_staging/raw/english/ramayana_dutt_vol2_en.txt on 2026-07-04.,staged_candidate
ramayana_dutt_vol3_en,"The Ramayana, Volume 3: Yuddhakandam",scripture/itihasa,general,pan_indian,English,Roman,Manmatha Nath Dutt,none,Project Gutenberg ebook,1892,Project Gutenberg,https://www.gutenberg.org/ebooks/60188,ebook,TXT,Project Gutenberg public domain terms,Public domain in the USA; verify non-USA status before broad production use,Yes,Yes,Yes after review,"Yes, can ingest after cleanup/review",Credit Project Gutenberg and Manmatha Nath Dutt; remove or comply with Project Gutenberg trademark/license boilerplate,Yes if public-domain status applies in deployment jurisdiction,No,High,Hard,legal; attribution; epic segmentation; content review,Ramayana prose translation staged as primary itihasa candidate; requires canto-level segmentation and citation review. Full Project Gutenberg TXT staged at content/_staging/raw/english/ramayana_dutt_vol3_en.txt on 2026-07-04.,staged_candidate
ramayana_dutt_vol4_en,"The Ramayana, Volume 4: Uttara Kanda",scripture/itihasa,general,pan_indian,English,Roman,Manmatha Nath Dutt,none,Project Gutenberg ebook,1892,Project Gutenberg,https://www.gutenberg.org/ebooks/62496,ebook,TXT,Project Gutenberg public domain terms,Public domain in the USA; verify non-USA status before broad production use,Yes,Yes,Yes after review,"Yes, can ingest after cleanup/review",Credit Project Gutenberg and Manmatha Nath Dutt; remove or comply with Project Gutenberg trademark/license boilerplate,Yes if public-domain status applies in deployment jurisdiction,No,High,Hard,legal; attribution; epic segmentation; content review,Ramayana prose translation staged as primary itihasa candidate; requires canto-level segmentation and citation review. Full Project Gutenberg TXT staged at content/_staging/raw/english/ramayana_dutt_vol4_en.txt on 2026-07-04.,staged_candidate
harivamsha_dutt_en,A Prose English Translation of Harivamsha,scripture/itihasa/purana,vaishnava,pan_indian,English,Roman,Manmatha Nath Dutt,none,Project Gutenberg ebook,1897,Project Gutenberg,https://www.gutenberg.org/ebooks/61937,ebook,TXT,Project Gutenberg public domain terms,Public domain in the USA; verify non-USA status before broad production use,Yes,Yes,Yes after review,"Yes, can ingest after cleanup/review",Credit Project Gutenberg and Manmatha Nath Dutt; remove or comply with Project Gutenberg trademark/license boilerplate,Yes if public-domain status applies in deployment jurisdiction,No,High,Hard,legal; attribution; Vaishnava review; segmentation,Harivamsha staged as primary candidate for Krishna lineage and epic supplement material; requires careful source labeling. Full Project Gutenberg TXT staged at content/_staging/raw/english/harivamsha_dutt_en.txt on 2026-07-04.,staged_candidate
maha_bharata_romesh_dutt_en,Maha-bharata,scripture/itihasa/adaptation,general,pan_indian,English,Roman,Romesh Chunder Dutt,none,Project Gutenberg ebook,1898,Project Gutenberg,https://www.gutenberg.org/ebooks/19630,ebook,TXT,Project Gutenberg public domain terms,Public domain in the USA; verify non-USA status before broad production use,Yes,Yes,Yes after review,"Yes, can ingest after cleanup/review",Credit Project Gutenberg and Romesh Chunder Dutt; remove or comply with Project Gutenberg trademark/license boilerplate,Yes if public-domain status applies in deployment jurisdiction,No,High,Medium,legal; attribution; adaptation review; epic segmentation,Condensed English verse adaptation staged for accessible epic context; do not treat as complete Mahabharata translation. Full Project Gutenberg TXT staged at content/_staging/raw/english/maha_bharata_romesh_dutt_en.txt on 2026-07-04.,staged_candidate
religions_india_hopkins_en,The Religions of India,secondary/history,general,pan_indian,English,Roman,Edward Washburn Hopkins,none,Project Gutenberg ebook,1895,Project Gutenberg,https://www.gutenberg.org/ebooks/14499,ebook,TXT,Project Gutenberg public domain terms,Public domain in the USA; verify non-USA status before broad production use,Yes,Yes,Yes after review,"Yes, can ingest after cleanup/review",Credit Project Gutenberg and Edward Washburn Hopkins; remove or comply with Project Gutenberg trademark/license boilerplate,Yes if public-domain status applies in deployment jurisdiction,No,High,Medium,legal; attribution; historical bias review,Secondary history of Indian religions staged for context; review dated scholarly framing before production use. Full Project Gutenberg TXT staged at content/_staging/raw/english/religions_india_hopkins_en.txt on 2026-07-04.,staged_candidate
indian_myth_legend_mackenzie_en,Indian Myth and Legend,secondary/mythology,general,pan_indian,English,Roman,Donald A. Mackenzie,none,Project Gutenberg ebook,1913,Project Gutenberg,https://www.gutenberg.org/ebooks/47228,ebook,TXT,Project Gutenberg public domain terms,Public domain in the USA; verify non-USA status before broad production use,Yes,Yes,Yes after review,"Yes, can ingest after cleanup/review",Credit Project Gutenberg and Donald A. Mackenzie; remove or comply with Project Gutenberg trademark/license boilerplate,Yes if public-domain status applies in deployment jurisdiction,No,High,Medium,legal; attribution; mythology review; historical bias review,Mythology and legend survey staged for context only; verify retellings before citation or user-facing display. Full Project Gutenberg TXT staged at content/_staging/raw/english/indian_myth_legend_mackenzie_en.txt on 2026-07-04.,staged_candidate
buddhism_brahmanism_hinduism_monier_williams_en,"Buddhism, in Its Connexion with Brahmanism and Hinduism",secondary/comparative_religion,general,pan_asian,English,Roman,Monier Monier-Williams,none,Project Gutenberg ebook,1889,Project Gutenberg,https://www.gutenberg.org/ebooks/47214,ebook,TXT,Project Gutenberg public domain terms,Public domain in the USA; verify non-USA status before broad production use,Yes,Yes,Yes after review,"Yes, can ingest after cleanup/review",Credit Project Gutenberg and Monier Monier-Williams; remove or comply with Project Gutenberg trademark/license boilerplate,Yes if public-domain status applies in deployment jurisdiction,No,High,Medium,legal; attribution; comparative religion bias review; missionary framing,Comparative religion text staged for review-first background only; do not present its Christian framing as app voice. Full Project Gutenberg TXT staged at content/_staging/raw/english/buddhism_brahmanism_hinduism_monier_williams_en.txt on 2026-07-04.,staged_candidate
siksha_patri_swami_narayana_monier_williams_en,The Siksha-Patri of the Svami-Narayana Sect,scripture/sampradaya,swaminarayan,gujarat,English,Roman,Monier Monier-Williams,none,Project Gutenberg ebook,1882,Project Gutenberg,https://www.gutenberg.org/ebooks/7261,ebook,TXT,Project Gutenberg public domain terms,Public domain in the USA; verify non-USA status before broad production use,Yes,Yes,Yes after review,"Yes, can ingest after cleanup/review",Credit Project Gutenberg and Monier Monier-Williams; remove or comply with Project Gutenberg trademark/license boilerplate,Yes if public-domain status applies in deployment jurisdiction,No,High,Medium,legal; attribution; Swaminarayan review; sectarian context,Swaminarayan scripture translation staged as sampradaya-specific source; label tradition scope explicitly. Full Project Gutenberg TXT staged at content/_staging/raw/english/siksha_patri_swami_narayana_monier_williams_en.txt on 2026-07-04.,staged_candidate
katha_sarit_sagara_tawney_en,"The Katha Sarit Sagara; or, Ocean of the Streams of Story",sanskrit_literature/story,shaiva/kashmir,kashmir,English,Roman,C. H. Tawney,none,Project Gutenberg ebook,1880,Project Gutenberg,https://www.gutenberg.org/ebooks/40588,ebook,TXT,Project Gutenberg public domain terms,Public domain in the USA; verify non-USA status before broad production use,Yes,Yes,Yes after review,"Yes, can ingest after cleanup/review",Credit Project Gutenberg and C. H. Tawney; remove or comply with Project Gutenberg trademark/license boilerplate,Yes if public-domain status applies in deployment jurisdiction,No,High,Hard,legal; attribution; Sanskrit literature review; segmentation,Large Sanskrit story collection staged for literature and folklore context; not a doctrinal scripture source. Full Project Gutenberg TXT staged at content/_staging/raw/english/katha_sarit_sagara_tawney_en.txt on 2026-07-04.,staged_candidate
popular_religion_folklore_north_india_crooke_vol1_en,"The Popular Religion and Folk-Lore of Northern India, Vol. 1",secondary/folklore,folk/regional,north_india,English,Roman,William Crooke,none,Project Gutenberg ebook,1896,Project Gutenberg,https://www.gutenberg.org/ebooks/43681,ebook,TXT,Project Gutenberg public domain terms,Public domain in the USA; verify non-USA status before broad production use,Yes,Yes,Yes after review,"Yes, can ingest after cleanup/review",Credit Project Gutenberg and William Crooke; remove or comply with Project Gutenberg trademark/license boilerplate,Yes if public-domain status applies in deployment jurisdiction,No,High,Medium,legal; attribution; folklore review; colonial-era framing,Regional folklore and popular religion study staged for context; review colonial classifications and sensitive terms. Full Project Gutenberg TXT staged at content/_staging/raw/english/popular_religion_folklore_north_india_crooke_vol1_en.txt on 2026-07-04.,staged_candidate
popular_religion_folklore_north_india_crooke_vol2_en,"The Popular Religion and Folk-Lore of Northern India, Vol. 2",secondary/folklore,folk/regional,north_india,English,Roman,William Crooke,none,Project Gutenberg ebook,1896,Project Gutenberg,https://www.gutenberg.org/ebooks/43682,ebook,TXT,Project Gutenberg public domain terms,Public domain in the USA; verify non-USA status before broad production use,Yes,Yes,Yes after review,"Yes, can ingest after cleanup/review",Credit Project Gutenberg and William Crooke; remove or comply with Project Gutenberg trademark/license boilerplate,Yes if public-domain status applies in deployment jurisdiction,No,High,Medium,legal; attribution; folklore review; colonial-era framing,Regional folklore and popular religion study staged for context; review colonial classifications and sensitive terms. Full Project Gutenberg TXT staged at content/_staging/raw/english/popular_religion_folklore_north_india_crooke_vol2_en.txt on 2026-07-04.,staged_candidate
tales_sun_folklore_southern_india_kingscote_sastri_en,"Tales of the Sun; or, Folklore of Southern India",folklore/story,folk/regional,south_india,English,Roman,Georgiana Kingscote and Pandit Natesa Sastri,none,Project Gutenberg ebook,1890,Project Gutenberg,https://www.gutenberg.org/ebooks/37002,ebook,TXT,Project Gutenberg public domain terms,Public domain in the USA; verify non-USA status before broad production use,Yes,Yes,Yes after review,"Yes, can ingest after cleanup/review",Credit Project Gutenberg and Georgiana Kingscote and Pandit Natesa Sastri; remove or comply with Project Gutenberg trademark/license boilerplate,Yes if public-domain status applies in deployment jurisdiction,No,High,Easy,legal; attribution; folklore review; regional context,Southern Indian folklore collection staged for story/context use after regional review. Full Project Gutenberg TXT staged at content/_staging/raw/english/tales_sun_folklore_southern_india_kingscote_sastri_en.txt on 2026-07-04.,staged_candidate
baital_pachchisi_forbes_platts_en,"The Baital Pachchisi; Or, The Twenty-Five Tales of a Sprite",sanskrit_literature/story,folk/classical,pan_indian,English,Roman,John T. Platts and Duncan Forbes,none,Project Gutenberg ebook,1871,Project Gutenberg,https://www.gutenberg.org/ebooks/54697,ebook,TXT,Project Gutenberg public domain terms,Public domain in the USA; verify non-USA status before broad production use,Yes,Yes,Yes after review,"Yes, can ingest after cleanup/review",Credit Project Gutenberg and John T. Platts and Duncan Forbes; remove or comply with Project Gutenberg trademark/license boilerplate,Yes if public-domain status applies in deployment jurisdiction,No,High,Medium,legal; attribution; folklore review; content sensitivity,Vetala story-cycle translation staged for folklore context; distinguish from devotional or doctrinal material. Full Project Gutenberg TXT staged at content/_staging/raw/english/baital_pachchisi_forbes_platts_en.txt on 2026-07-04.,staged_candidate
vikram_vampire_burton_en,Vikram and the Vampire,folklore/adaptation,folk/classical,pan_indian,English,Roman,Richard F. Burton,none,Project Gutenberg ebook,1870,Project Gutenberg,https://www.gutenberg.org/ebooks/2400,ebook,TXT,Project Gutenberg public domain terms,Public domain in the USA; verify non-USA status before broad production use,Yes,Yes,Yes after review,"Yes, can ingest after cleanup/review",Credit Project Gutenberg and Richard F. Burton; remove or comply with Project Gutenberg trademark/license boilerplate,Yes if public-domain status applies in deployment jurisdiction,No,High,Medium,legal; attribution; folklore review; Burton adaptation bias,Burton adaptation of Vetala tales staged for comparison/context; use Platts/Forbes or primary Sanskrit-derived sources first. Full Project Gutenberg TXT staged at content/_staging/raw/english/vikram_vampire_burton_en.txt on 2026-07-04.,staged_candidate
indian_fairy_tales_jacobs_en,Indian Fairy Tales,folklore/story,folk/regional,pan_indian,English,Roman,Joseph Jacobs,none,Project Gutenberg ebook,1892,Project Gutenberg,https://www.gutenberg.org/ebooks/7128,ebook,TXT,Project Gutenberg public domain terms,Public domain in the USA; verify non-USA status before broad production use,Yes,Yes,Yes after review,"Yes, can ingest after cleanup/review",Credit Project Gutenberg and Joseph Jacobs; remove or comply with Project Gutenberg trademark/license boilerplate,Yes if public-domain status applies in deployment jurisdiction,No,High,Easy,legal; attribution; folklore review; source provenance,Compiled Indian folktales staged for story/context use; verify each tale source before production citation. Full Project Gutenberg TXT staged at content/_staging/raw/english/indian_fairy_tales_jacobs_en.txt on 2026-07-04.,staged_candidate
tales_punjab_folklore_steel_en,Tales of the Punjab: Folklore of India,folklore/story,folk/regional,punjab,English,Roman,Flora Annie Webster Steel,none,Project Gutenberg ebook,1894,Project Gutenberg,https://www.gutenberg.org/ebooks/6145,ebook,TXT,Project Gutenberg public domain terms,Public domain in the USA; verify non-USA status before broad production use,Yes,Yes,Yes after review,"Yes, can ingest after cleanup/review",Credit Project Gutenberg and Flora Annie Webster Steel; remove or comply with Project Gutenberg trademark/license boilerplate,Yes if public-domain status applies in deployment jurisdiction,No,High,Easy,legal; attribution; folklore review; regional context,Punjabi folklore collection staged for story/context use after regional review. Full Project Gutenberg TXT staged at content/_staging/raw/english/tales_punjab_folklore_steel_en.txt on 2026-07-04.,staged_candidate
two_old_faiths_mitchell_muir_en,Two Old Faiths,secondary/comparative_religion,general,pan_asian,English,Roman,J. Murray Mitchell and William Muir,none,Project Gutenberg ebook,1891,Project Gutenberg,https://www.gutenberg.org/ebooks/16996,ebook,TXT,Project Gutenberg public domain terms,Public domain in the USA; verify non-USA status before broad production use,Yes,Yes,Yes after review,"Yes, can ingest after cleanup/review",Credit Project Gutenberg and J. Murray Mitchell and William Muir; remove or comply with Project Gutenberg trademark/license boilerplate,Yes if public-domain status applies in deployment jurisdiction,No,High,Medium,legal; attribution; missionary framing; comparative religion bias review,Comparative religion source staged for background review only; do not surface dismissive or missionary framing as app voice. Full Project Gutenberg TXT staged at content/_staging/raw/english/two_old_faiths_mitchell_muir_en.txt on 2026-07-04.,staged_candidate
bhagavata_purana_mn_dutt_ia_en,Shrimad Bhagwatam,purana/vaishnava,vaishnava,pan_indian,English,Roman/OCR,Manmatha Nath Dutt,none,Internet Archive DLI scan,1896,Internet Archive,https://archive.org/details/in.ernet.dli.2015.272582,scan_ocr,TXT/JSON metadata,Internet Archive scan metadata; public-domain edition likely; IA terms apply,Pre-1929 publication; public domain in USA likely; verify jurisdiction and scan status,Yes for staging,Yes after review,Yes after OCR/legal review,"Yes, can ingest after OCR cleanup/legal/content review","Credit Internet Archive, source library, and Manmatha Nath Dutt; preserve archive identifier",Yes if public-domain status applies in deployment jurisdiction,No for public-domain edition; scan terms still need review,Medium,Hard,legal; OCR review; Vaishnava review; segmentation,M. N. Dutt Bhagavata Purana OCR staged from Internet Archive DLI scan; compare against HathiTrust lead and verify completeness before ingestion. OCR staged at content/_staging/raw/english/bhagavata_purana_mn_dutt_ia_en.txt on 2026-07-04; IA metadata sidecar staged beside it.,staged_candidate
devi_bhagavatam_vijnanananda_en,Srimad Devi Bhagavatam,purana/shakta,shakta,pan_indian,English,Roman/OCR,Swami Vijnanananda,none,Internet Archive University of Toronto scan,1922,Internet Archive,https://archive.org/details/srimaddevibhagav26vijnuoft,scan_ocr,TXT/JSON metadata,Internet Archive scan metadata; public-domain edition likely; IA terms apply,Pre-1929 publication; public domain in USA likely; verify jurisdiction and scan status,Yes for staging,Yes after review,Yes after OCR/legal review,"Yes, can ingest after OCR cleanup/legal/content review","Credit Internet Archive, source library, and Swami Vijnanananda; preserve archive identifier",Yes if public-domain status applies in deployment jurisdiction,No for public-domain edition; scan terms still need review,Medium,Hard,legal; OCR review; Shakta review; Sanskrit/English language check; segmentation,"Devi Bhagavatam translation OCR staged from Internet Archive; metadata marks language as Sanskrit, so verify English coverage and OCR quality before use. OCR staged at content/_staging/raw/english/devi_bhagavatam_vijnanananda_en.txt on 2026-07-04; IA metadata sidecar staged beside it.",staged_candidate
manu_samhita_dutt_1909_en,Manu Samhita: English Translation,dharma_sastra,general,pan_indian,English,Roman/OCR,Manmatha Nath Dutt,none,Internet Archive Cornell scan,1909,Internet Archive,https://archive.org/details/cu31924023014941,scan_ocr,TXT/JSON metadata,Internet Archive scan metadata; public-domain edition likely; IA terms apply,Pre-1929 publication; public domain in USA likely; verify jurisdiction and scan status,Yes for staging,Yes after review,Yes after OCR/legal review,"Yes, can ingest after OCR cleanup/legal/content review","Credit Internet Archive, source library, and Manmatha Nath Dutt; preserve archive identifier",Yes if public-domain status applies in deployment jurisdiction,No for public-domain edition; scan terms still need review,Medium,Hard,legal; OCR review; dharma-sastra review; sensitive content review,Dutt Manu Samhita OCR staged as an alternate to the Sacred Texts Manu scrape; content requires strong contextual labeling. OCR staged at content/_staging/raw/english/manu_samhita_dutt_1909_en.txt on 2026-07-04; IA metadata sidecar staged beside it.,staged_candidate
harita_samhita_dutt_1906_en,Harita Samhita,dharma_sastra,general,pan_indian,English,Roman/OCR,Manmatha Nath Dutt,none,Internet Archive University of Toronto scan,1906,Internet Archive,https://archive.org/details/samhitaoriginalt00duttuoft,scan_ocr,TXT/JSON metadata,Internet Archive scan metadata; public-domain edition likely; IA terms apply,Pre-1929 publication; public domain in USA likely; verify jurisdiction and scan status,Yes for staging,Yes after review,Yes after OCR/legal review,"Yes, can ingest after OCR cleanup/legal/content review","Credit Internet Archive, source library, and Manmatha Nath Dutt; preserve archive identifier",Yes if public-domain status applies in deployment jurisdiction,No for public-domain edition; scan terms still need review,Medium,Hard,legal; OCR review; dharma-sastra review; segmentation,"Harita Samhita OCR staged from Dutt's literal prose English translation; title metadata is ambiguous, so retain archive metadata sidecar. OCR staged at content/_staging/raw/english/harita_samhita_dutt_1906_en.txt on 2026-07-04; IA metadata sidecar staged beside it.",staged_candidate
garuda_purana_dutt_1908_en,The Garuda Puranam,purana/vaishnava,vaishnava,pan_indian,English,Roman/OCR,Manmatha Nath Dutt,none,Internet Archive Harvard/Google scan,1908,Internet Archive,https://archive.org/details/garudapuranam00duttgoog,scan_ocr,TXT/JSON metadata,Internet Archive scan metadata; public-domain edition likely; IA terms apply,Pre-1929 publication; public domain in USA likely; verify jurisdiction and scan status,Yes for staging,Yes after review,Yes after OCR/legal review,"Yes, can ingest after OCR cleanup/legal/content review","Credit Internet Archive, source library, and Manmatha Nath Dutt; preserve archive identifier",Yes if public-domain status applies in deployment jurisdiction,No for public-domain edition; scan terms still need review,Medium,Hard,legal; OCR review; Vaishnava review; afterlife content review; segmentation,Garuda Purana OCR staged from an old English translation; afterlife and ritual content needs careful contextualization. OCR staged at content/_staging/raw/english/garuda_purana_dutt_1908_en.txt on 2026-07-04; IA metadata sidecar staged beside it.,staged_candidate
agni_purana_dutt_vol1_en,Agni Puranam Vol. 1,purana,general,pan_indian,English,Roman/OCR,Manmatha Nath Dutt,none,Internet Archive DLI scan,1903,Internet Archive,https://archive.org/details/in.ernet.dli.2015.279469,scan_ocr,TXT/JSON metadata,Internet Archive scan metadata; public-domain edition likely; IA terms apply,Pre-1929 publication; public domain in USA likely; verify jurisdiction and scan status,Yes for staging,Yes after review,Yes after OCR/legal review,"Yes, can ingest after OCR cleanup/legal/content review","Credit Internet Archive, source library, and Manmatha Nath Dutt; preserve archive identifier",Yes if public-domain status applies in deployment jurisdiction,No for public-domain edition; scan terms still need review,Medium,Hard,legal; OCR review; Purana review; segmentation,Agni Purana volume 1 OCR staged from Internet Archive DLI scan; use only after chapter-level segmentation and review. OCR staged at content/_staging/raw/english/agni_purana_dutt_vol1_en.txt on 2026-07-04; IA metadata sidecar staged beside it.,staged_candidate
agni_purana_dutt_vol2_en,Agni Puranam Vol. 2,purana,general,pan_indian,English,Roman/OCR,Manmatha Nath Dutt,none,Internet Archive DLI scan,1904,Internet Archive,https://archive.org/details/in.ernet.dli.2015.33600,scan_ocr,TXT/JSON metadata,Internet Archive scan metadata; public-domain edition likely; IA terms apply,Pre-1929 publication; public domain in USA likely; verify jurisdiction and scan status,Yes for staging,Yes after review,Yes after OCR/legal review,"Yes, can ingest after OCR cleanup/legal/content review","Credit Internet Archive, source library, and Manmatha Nath Dutt; preserve archive identifier",Yes if public-domain status applies in deployment jurisdiction,No for public-domain edition; scan terms still need review,Medium,Hard,legal; OCR review; Purana review; segmentation,Agni Purana volume 2 OCR staged from Internet Archive DLI scan; compare with duplicate IA scans before production use. OCR staged at content/_staging/raw/english/agni_purana_dutt_vol2_en.txt on 2026-07-04; IA metadata sidecar staged beside it.,staged_candidate
markandeya_purana_dutt_1896_en,Markandeya Puranam,purana/shakta,shakta/general,pan_indian,English,Roman/OCR,Manmatha Nath Dutt,none,Internet Archive DLI scan,1896,Internet Archive,https://archive.org/details/in.ernet.dli.2015.163375,scan_ocr,TXT/JSON metadata,Internet Archive scan metadata; public-domain edition likely; IA terms apply,Pre-1929 publication; public domain in USA likely; verify jurisdiction and scan status,Yes for staging,Yes after review,Yes after OCR/legal review,"Yes, can ingest after OCR cleanup/legal/content review","Credit Internet Archive, source library, and Manmatha Nath Dutt; preserve archive identifier",Yes if public-domain status applies in deployment jurisdiction,No for public-domain edition; scan terms still need review,Medium,Hard,legal; OCR review; Purana review; Devi Mahatmya review; segmentation,Fuller Markandeya Purana OCR staged; earlier Gutenberg staging only covered Books VII and VIII. OCR staged at content/_staging/raw/english/markandeya_purana_dutt_1896_en.txt on 2026-07-04; IA metadata sidecar staged beside it.,staged_candidate
brahmanism_hinduism_monier_williams_1891_en,Brahmanism and Hinduism,secondary/history,general,pan_indian,English,Roman/OCR,Monier Monier-Williams,none,Internet Archive Princeton scan,1891,Internet Archive,https://archive.org/details/brahmanismhindui00moni,scan_ocr,TXT/JSON metadata,Internet Archive scan metadata; public-domain edition likely; IA terms apply,Pre-1929 publication; public domain in USA likely; verify jurisdiction and scan status,Yes for staging,Yes after review,Yes after OCR/legal review,"Yes, can ingest after OCR cleanup/legal/content review","Credit Internet Archive, source library, and Monier Monier-Williams; preserve archive identifier",Yes if public-domain status applies in deployment jurisdiction,No for public-domain edition; scan terms still need review,Medium,Medium,legal; OCR review; historical bias review; missionary framing,Secondary history source staged for background only; do not surface dated or missionary framing as Sandhya voice. OCR staged at content/_staging/raw/english/brahmanism_hinduism_monier_williams_1891_en.txt on 2026-07-04; IA metadata sidecar staged beside it.,staged_candidate
dharmasastra_mn_dutt_6_vols_smritis_en,"Dharmasastra with English Translation, M. N. Dutt, 6 Vols",dharma_sastra,general,pan_indian,English,Roman/OCR,Manmatha Nath Dutt,none,Internet Archive composite scan,1908,Internet Archive,https://archive.org/details/dharmasastra-with-english-translation-mn-dutt-6-vols-20-smritis,scan_ocr,TXT/JSON metadata,Internet Archive scan metadata; public-domain edition likely; IA terms apply,Pre-1929 publication; public domain in USA likely; verify jurisdiction and scan status,Yes for staging,Yes after review,Yes after OCR/legal review,"Yes, can ingest after OCR cleanup/legal/content review","Credit Internet Archive, source library, and Manmatha Nath Dutt; preserve archive identifier",Yes if public-domain status applies in deployment jurisdiction,No for public-domain edition; scan terms still need review,Medium,Hard,legal; OCR review; dharma-sastra review; composite item review; sensitive content review; segmentation,"Composite Dharma Sastra OCR staged by concatenating six IA OCR files; source item metadata is incomplete, so verify each volume before use. OCR staged at content/_staging/raw/english/dharmasastra_mn_dutt_6_vols_smritis_en.txt on 2026-07-04; IA metadata sidecar staged beside it.",staged_candidate
rig_veda_griffith_vol1_ia_en,"The Hymns of the Rigveda, Vol. 1",shruti/veda,vedic,pan_indian,English,Roman/OCR,Ralph T. H. Griffith,none,Internet Archive IGNCA/DLI scan,1896,Internet Archive,https://archive.org/details/in.gov.ignca.16311,scan_ocr,TXT/JSON metadata,Internet Archive scan metadata; public-domain edition likely; IA terms apply,Pre-1929 publication; public domain in USA likely; verify jurisdiction and scan status,Yes for staging,Yes after review,Yes after OCR/legal review,"Yes, can ingest after OCR cleanup/legal/content review","Credit Internet Archive, source library, and Ralph T. H. Griffith; preserve archive identifier",Yes if public-domain status applies in deployment jurisdiction,No for public-domain edition; scan terms still need review,Medium,Hard,legal; OCR review; Vedic review; hymn segmentation,Rig Veda Griffith volume 1 OCR staged as a core Vedic source; cross-check against Sacred Texts before production use. OCR staged at content/_staging/raw/english/rig_veda_griffith_vol1_ia_en.txt on 2026-07-04; IA metadata sidecar staged beside it.,staged_candidate
rig_veda_griffith_vol2_ia_en,"The Hymns of the Rigveda, Vol. 2",shruti/veda,vedic,pan_indian,English,Roman/OCR,Ralph T. H. Griffith,none,Internet Archive DLI scan,1897,Internet Archive,https://archive.org/details/in.ernet.dli.2015.47262,scan_ocr,TXT/JSON metadata,Internet Archive scan metadata; public-domain edition likely; IA terms apply,Pre-1929 publication; public domain in USA likely; verify jurisdiction and scan status,Yes for staging,Yes after review,Yes after OCR/legal review,"Yes, can ingest after OCR cleanup/legal/content review","Credit Internet Archive, source library, and Ralph T. H. Griffith; preserve archive identifier",Yes if public-domain status applies in deployment jurisdiction,No for public-domain edition; scan terms still need review,Medium,Hard,legal; OCR review; Vedic review; hymn segmentation,Rig Veda Griffith volume 2 OCR staged as a core Vedic source; cross-check against Sacred Texts before production use. OCR staged at content/_staging/raw/english/rig_veda_griffith_vol2_ia_en.txt on 2026-07-04; IA metadata sidecar staged beside it.,staged_candidate
rig_veda_griffith_vol3_ia_en,"The Hymns of the Rigveda, Vol. 3",shruti/veda,vedic,pan_indian,English,Roman/OCR,Ralph T. H. Griffith,none,Internet Archive Central Secretariat Library scan,1891,Internet Archive,https://archive.org/details/dli.csl.3712,scan_ocr,TXT/JSON metadata,Internet Archive scan metadata; public-domain edition likely; IA terms apply,Pre-1929 publication; public domain in USA likely; verify jurisdiction and scan status,Yes for staging,Yes after review,Yes after OCR/legal review,"Yes, can ingest after OCR cleanup/legal/content review","Credit Internet Archive, source library, and Ralph T. H. Griffith; preserve archive identifier",Yes if public-domain status applies in deployment jurisdiction,No for public-domain edition; scan terms still need review,Medium,Hard,legal; OCR review; Vedic review; hymn segmentation,"Rig Veda Griffith volume 3 OCR staged after header verification; includes books VII, VIII, and part of IX. OCR staged at content/_staging/raw/english/rig_veda_griffith_vol3_ia_en.txt on 2026-07-04; IA metadata sidecar staged beside it.",staged_candidate
rig_veda_griffith_vol4_ia_en,"The Hymns of the Rigveda, Vol. 4",shruti/veda,vedic,pan_indian,English,Roman/OCR,Ralph T. H. Griffith,none,Internet Archive Central Secretariat Library scan,1892,Internet Archive,https://archive.org/details/dli.csl.6827,scan_ocr,TXT/JSON metadata,Internet Archive scan metadata; public-domain edition likely; IA terms apply,Pre-1929 publication; public domain in USA likely; verify jurisdiction and scan status,Yes for staging,Yes after review,Yes after OCR/legal review,"Yes, can ingest after OCR cleanup/legal/content review","Credit Internet Archive, source library, and Ralph T. H. Griffith; preserve archive identifier",Yes if public-domain status applies in deployment jurisdiction,No for public-domain edition; scan terms still need review,Medium,Hard,legal; OCR review; Vedic review; hymn segmentation,Rig Veda Griffith volume 4 OCR staged after header verification; includes the rest of book IX and book X. OCR staged at content/_staging/raw/english/rig_veda_griffith_vol4_ia_en.txt on 2026-07-04; IA metadata sidecar staged beside it.,staged_candidate
sama_veda_griffith_1893_ia_en,The Hymns of the Sama Veda,shruti/veda,vedic,pan_indian,English,Roman/OCR,Ralph T. H. Griffith,none,Internet Archive DLI scan,1893,Internet Archive,https://archive.org/details/in.ernet.dli.2015.47949,scan_ocr,TXT/JSON metadata,Internet Archive scan metadata; public-domain edition likely; IA terms apply,Pre-1929 publication; public domain in USA likely; verify jurisdiction and scan status,Yes for staging,Yes after review,Yes after OCR/legal review,"Yes, can ingest after OCR cleanup/legal/content review","Credit Internet Archive, source library, and Ralph T. H. Griffith; preserve archive identifier",Yes if public-domain status applies in deployment jurisdiction,No for public-domain edition; scan terms still need review,Medium,Hard,legal; OCR review; Vedic review; chant/liturgy context,Sama Veda Griffith OCR staged as a core Vedic source; requires liturgical context notes because many verses overlap Rig Veda. OCR staged at content/_staging/raw/english/sama_veda_griffith_1893_ia_en.txt on 2026-07-04; IA metadata sidecar staged beside it.,staged_candidate
atharva_veda_griffith_vol1_ia_en,"The Hymns of the Atharva-Veda, Vol. 1",shruti/veda,vedic,pan_indian,English,Roman/OCR,Ralph T. H. Griffith,none,Internet Archive DLI scan,1894,Internet Archive,https://archive.org/details/in.ernet.dli.2015.102416,scan_ocr,TXT/JSON metadata,Internet Archive scan metadata; public-domain edition likely; IA terms apply,Pre-1929 publication; public domain in USA likely; verify jurisdiction and scan status,Yes for staging,Yes after review,Yes after OCR/legal review,"Yes, can ingest after OCR cleanup/legal/content review","Credit Internet Archive, source library, and Ralph T. H. Griffith; preserve archive identifier",Yes if public-domain status applies in deployment jurisdiction,No for public-domain edition; scan terms still need review,Medium,Hard,legal; OCR review; Vedic review; sensitive ritual/medical content review,Atharva Veda Griffith volume 1 OCR staged as an alternate to Sacred Texts scrape; sensitive content requires careful handling. OCR staged at content/_staging/raw/english/atharva_veda_griffith_vol1_ia_en.txt on 2026-07-04; IA metadata sidecar staged beside it.,staged_candidate
atharva_veda_griffith_vol2_ia_en,"The Hymns of the Atharva-Veda, Vol. 2",shruti/veda,vedic,pan_indian,English,Roman/OCR,Ralph T. H. Griffith,none,Internet Archive DLI scan,1917,Internet Archive,https://archive.org/details/in.ernet.dli.2015.188973,scan_ocr,TXT/JSON metadata,Internet Archive scan metadata; public-domain edition likely; IA terms apply,Pre-1929 publication; public domain in USA likely; verify jurisdiction and scan status,Yes for staging,Yes after review,Yes after OCR/legal review,"Yes, can ingest after OCR cleanup/legal/content review","Credit Internet Archive, source library, and Ralph T. H. Griffith; preserve archive identifier",Yes if public-domain status applies in deployment jurisdiction,No for public-domain edition; scan terms still need review,Medium,Hard,legal; OCR review; Vedic review; sensitive ritual/medical content review,Atharva Veda Griffith volume 2 OCR staged as an alternate to Sacred Texts scrape; sensitive content requires careful handling. OCR staged at content/_staging/raw/english/atharva_veda_griffith_vol2_ia_en.txt on 2026-07-04; IA metadata sidecar staged beside it.,staged_candidate
white_yajurveda_griffith_1899_ia_en,The White Yajurveda,shruti/veda,vedic,pan_indian,English,Roman/OCR,Ralph T. H. Griffith,none,Internet Archive DLI scan,1899,Internet Archive,https://archive.org/details/in.ernet.dli.2015.196045,scan_ocr,TXT/JSON metadata,Internet Archive scan metadata; public-domain edition likely; IA terms apply,Pre-1929 publication; public domain in USA likely; verify jurisdiction and scan status,Yes for staging,Yes after review,Yes after OCR/legal review,"Yes, can ingest after OCR cleanup/legal/content review","Credit Internet Archive, source library, and Ralph T. H. Griffith; preserve archive identifier",Yes if public-domain status applies in deployment jurisdiction,No for public-domain edition; scan terms still need review,Medium,Hard,legal; OCR review; Vedic review; ritual/liturgy context,White Yajurveda Griffith OCR staged as a core Vedic source; requires ritual context and careful segmentation. OCR staged at content/_staging/raw/english/white_yajurveda_griffith_1899_ia_en.txt on 2026-07-04; IA metadata sidecar staged beside it.,staged_candidate
sbe01_upanishads_part1_muller_en,The Upanishads Part 1,upanishad/vedanta,general,pan_indian,English,Roman/HTML,F. Max Muller,none,Sacred Books of the East Vol 1,1879,Sacred Texts,https://www.sacred-texts.com/hin/sbe01/index.htm,website_html,HTML/JSONL,Public-domain Sacred Books of the East edition; Sacred Texts site terms apply,Public domain translation likely; site terms and jurisdiction need review,Yes for staging,Yes after review,Yes after legal/content review,"Yes, can ingest after legal/content review","Credit Sacred Books of the East Vol 1, F. Max Muller, none, and Sacred Texts; preserve page URLs",Yes if site terms and public-domain status apply,Unclear,Medium,Hard,legal; Upanishad review; Vedanta review; attribution; segmentation,Completes the Muller SBE Upanishads pair with existing SBE15 Part 2; includes introductory series material and multiple principal Upanishads. Page-level Sacred Texts JSONL staged at content/_staging/raw/english/sacred_texts/sbe01_upanishads_part1_muller_en.jsonl on 2026-07-04.,staged_candidate
sbe26_satapatha_brahmana_part2_en,Satapatha Brahmana Part 2,brahmana/veda,vedic,pan_indian,English,Roman/HTML,Julius Eggeling,none,Sacred Books of the East Vol 26,1885,Sacred Texts,https://www.sacred-texts.com/hin/sbr/sbe26/index.htm,website_html,HTML/JSONL,Public-domain Sacred Books of the East edition; Sacred Texts site terms apply,Public domain translation likely; site terms and jurisdiction need review,Yes for staging,Yes after review,Yes after legal/content review,"Yes, can ingest after legal/content review","Credit Sacred Books of the East Vol 26, Julius Eggeling, none, and Sacred Texts; preserve page URLs",Yes if site terms and public-domain status apply,Unclear,Medium,Hard,legal; Vedic review; ritual review; attribution; segmentation,Satapatha Brahmana Books III and IV page-level scrape; Part 1 was already staged as SBE12. Page-level Sacred Texts JSONL staged at content/_staging/raw/english/sacred_texts/sbe26_satapatha_brahmana_part2_en.jsonl on 2026-07-04.,staged_candidate
sbe34_vedanta_sutras_sankara_part1_en,Vedanta Sutras with Sankara Commentary Part 1,vedanta,advaita,pan_indian,English,Roman/HTML,George Thibaut,Adi Sankaracharya,Sacred Books of the East Vol 34,1890,Sacred Texts,https://www.sacred-texts.com/hin/sbe34/index.htm,website_html,HTML/JSONL,Public-domain Sacred Books of the East edition; Sacred Texts site terms apply,Public domain translation likely; site terms and jurisdiction need review,Yes for staging,Yes after review,Yes after legal/content review,"Yes, can ingest after legal/content review","Credit Sacred Books of the East Vol 34, George Thibaut, Adi Sankaracharya, and Sacred Texts; preserve page URLs",Yes if site terms and public-domain status apply,Unclear,Medium,Hard,legal; Vedanta review; Advaita review; attribution; sensitive content review; segmentation,Completes the Sacred Texts page-level Sankara Vedanta-Sutras pair with existing SBE38 Part 2. Page-level Sacred Texts JSONL staged at content/_staging/raw/english/sacred_texts/sbe34_vedanta_sutras_sankara_part1_en.jsonl on 2026-07-04.,staged_candidate
sbe41_satapatha_brahmana_part3_en,Satapatha Brahmana Part 3,brahmana/veda,vedic,pan_indian,English,Roman/HTML,Julius Eggeling,none,Sacred Books of the East Vol 41,1894,Sacred Texts,https://www.sacred-texts.com/hin/sbr/sbe41/index.htm,website_html,HTML/JSONL,Public-domain Sacred Books of the East edition; Sacred Texts site terms apply,Public domain translation likely; site terms and jurisdiction need review,Yes for staging,Yes after review,Yes after legal/content review,"Yes, can ingest after legal/content review","Credit Sacred Books of the East Vol 41, Julius Eggeling, none, and Sacred Texts; preserve page URLs",Yes if site terms and public-domain status apply,Unclear,Medium,Hard,legal; Vedic review; ritual review; attribution; segmentation,"Satapatha Brahmana Books V, VI, and VII page-level scrape. Page-level Sacred Texts JSONL staged at content/_staging/raw/english/sacred_texts/sbe41_satapatha_brahmana_part3_en.jsonl on 2026-07-04.",staged_candidate
sbe43_satapatha_brahmana_part4_en,Satapatha Brahmana Part 4,brahmana/veda,vedic,pan_indian,English,Roman/HTML,Julius Eggeling,none,Sacred Books of the East Vol 43,1897,Sacred Texts,https://www.sacred-texts.com/hin/sbr/sbe43/index.htm,website_html,HTML/JSONL,Public-domain Sacred Books of the East edition; Sacred Texts site terms apply,Public domain translation likely; site terms and jurisdiction need review,Yes for staging,Yes after review,Yes after legal/content review,"Yes, can ingest after legal/content review","Credit Sacred Books of the East Vol 43, Julius Eggeling, none, and Sacred Texts; preserve page URLs",Yes if site terms and public-domain status apply,Unclear,Medium,Hard,legal; Vedic review; ritual review; attribution; segmentation,"Satapatha Brahmana Books VIII, IX, and X page-level scrape. Page-level Sacred Texts JSONL staged at content/_staging/raw/english/sacred_texts/sbe43_satapatha_brahmana_part4_en.jsonl on 2026-07-04.",staged_candidate
sbe44_satapatha_brahmana_part5_en,Satapatha Brahmana Part 5,brahmana/veda,vedic,pan_indian,English,Roman/HTML,Julius Eggeling,none,Sacred Books of the East Vol 44,1900,Sacred Texts,https://www.sacred-texts.com/hin/sbr/sbe44/index.htm,website_html,HTML/JSONL,Public-domain Sacred Books of the East edition; Sacred Texts site terms apply,Public domain translation likely; site terms and jurisdiction need review,Yes for staging,Yes after review,Yes after legal/content review,"Yes, can ingest after legal/content review","Credit Sacred Books of the East Vol 44, Julius Eggeling, none, and Sacred Texts; preserve page URLs",Yes if site terms and public-domain status apply,Unclear,Medium,Hard,legal; Vedic review; ritual review; attribution; segmentation,"Final Satapatha Brahmana volume, Books XI-XIV, page-level scrape. Page-level Sacred Texts JSONL staged at content/_staging/raw/english/sacred_texts/sbe44_satapatha_brahmana_part5_en.jsonl on 2026-07-04.",staged_candidate
sbe48_vedanta_sutras_ramanuja_en,Vedanta Sutras with Ramanuja Commentary,vedanta,vishishtadvaita,pan_indian,English,Roman/HTML,George Thibaut,Ramanuja,Sacred Books of the East Vol 48,1904,Sacred Texts,https://www.sacred-texts.com/hin/sbe48/index.htm,website_html,HTML/JSONL,Public-domain Sacred Books of the East edition; Sacred Texts site terms apply,Public domain translation likely; site terms and jurisdiction need review,Yes for staging,Yes after review,Yes after legal/content review,"Yes, can ingest after legal/content review","Credit Sacred Books of the East Vol 48, George Thibaut, Ramanuja, and Sacred Texts; preserve page URLs",Yes if site terms and public-domain status apply,Unclear,Medium,Hard,legal; Vedanta review; Vishishtadvaita review; attribution; sensitive content review; segmentation,Ramanuja Vedanta-Sutras commentary page-level scrape; pair with existing Project Gutenberg and Sacred Texts Vedanta sources. Page-level Sacred Texts JSONL staged at content/_staging/raw/english/sacred_texts/sbe48_vedanta_sutras_ramanuja_en.jsonl on 2026-07-04.,staged_candidate
sankhya_aphorisms_kapila_ballantyne_en,The Sankhya Aphorisms of Kapila,darshana/sankhya,sankhya,pan_indian,English,Roman/HTML,James R. Ballantyne,Kapila; Vijnanabhikshu extracts,Third edition edited by Fitzedward Hall,1885,Sacred Texts,https://www.sacred-texts.com/hin/sak/index.htm,website_html,HTML/JSONL,Public-domain source edition likely; Sacred Texts site terms apply,Public domain translation likely; site terms and jurisdiction need review,Yes for staging,Yes after review,Yes after legal/content review,"Yes, can ingest after legal/content review","Credit Third edition edited by Fitzedward Hall, James R. Ballantyne, Kapila; Vijnanabhikshu extracts, and Sacred Texts; preserve page URLs",Yes if site terms and public-domain status apply,Unclear,Medium,Hard,legal; Sankhya review; Sanskrit omission review; attribution; segmentation,"Classical Sankhya aphorism translation staged from Sacred Texts; the hypertext notes say Sanskrit was omitted from the transcription, so citation and source-form review are required. Page-level Sacred Texts JSONL staged at content/_staging/raw/english/sacred_texts/sankhya_aphorisms_kapila_ballantyne_en.jsonl on 2026-07-05.",staged_candidate
vishnu_purana_wilson_sacred_texts_en,The Vishnu Purana,purana/vaishnava,vaishnava,pan_indian,English,Roman/HTML,H. H. Wilson,none,Sacred Texts HTML edition,1840,Sacred Texts,https://www.sacred-texts.com/hin/vp/index.htm,website_html,HTML/JSONL,Public-domain source edition likely; Sacred Texts site terms apply,Public domain translation likely; site terms and jurisdiction need review,Yes for staging,Yes after review,Yes after legal/content review,"Yes, can ingest after legal/content review","Credit Sacred Texts HTML edition, H. H. Wilson, none, and Sacred Texts; preserve page URLs",Yes if site terms and public-domain status apply,Unclear,Medium,Hard,legal; Vaishnava review; Purana review; attribution; segmentation,Page-level Sacred Texts scrape staged to provide stable citation URLs for the Wilson Vishnu Purana alongside the existing Project Gutenberg TXT source. Page-level Sacred Texts JSONL staged at content/_staging/raw/english/sacred_texts/vishnu_purana_wilson_sacred_texts_en.jsonl on 2026-07-05.,staged_candidate
mahanirvana_tantra_avalon_en,Mahanirvana Tantra,tantra/shakta,shakta/tantric,pan_indian,English,Roman/HTML,Arthur Avalon / John Woodroffe,none,Sacred Texts HTML edition,1913,Sacred Texts,https://www.sacred-texts.com/tantra/maha/index.htm,website_html,HTML/JSONL,Public-domain source edition likely; Sacred Texts site terms apply,Public domain translation likely; site terms and jurisdiction need review,Yes for staging,Yes after review,Yes after legal/content review,"Yes, can ingest after legal/content review","Credit Sacred Texts HTML edition, Arthur Avalon / John Woodroffe, none, and Sacred Texts; preserve page URLs",Yes if site terms and public-domain status apply,Unclear,Medium,Hard,legal; Tantra review; Shakta review; ritual/sensitive content review; attribution; segmentation,"Tantric source staged for review-first use only; ritual, initiatory, and sensitive material must be gated and contextualized before any production retrieval. Page-level Sacred Texts JSONL staged at content/_staging/raw/english/sacred_texts/mahanirvana_tantra_avalon_en.jsonl on 2026-07-05.",staged_candidate
nyaya_sutras_gotama_vidyabhusana_1913_en,The Nyaya Sutras of Gotama,darshana/nyaya,nyaya,pan_indian,English,Roman/OCR,Satis Chandra Vidyabhusana,Gotama; Vatsyayana and later commentators,Internet Archive CC0 scan,1913,Internet Archive,https://archive.org/details/TheNyayaSutrasOfGotama,scan_ocr,TXT/JSON metadata,Internet Archive scan metadata; public-domain edition likely; IA terms apply,Pre-1929 publication; public domain in USA likely; verify jurisdiction and scan status,Yes for staging,Yes after review,Yes after OCR/legal review,"Yes, can ingest after OCR cleanup/legal/content review","Credit Internet Archive, source library, and Satis Chandra Vidyabhusana; preserve archive identifier",Yes if public-domain status applies in deployment jurisdiction,No for public-domain edition; scan terms still need review,Medium,Hard,legal; OCR review; Nyaya review; Sanskrit/English alignment; segmentation,"Nyaya Sutras OCR staged as a core darshana source; IA metadata marks the item CC0, but public-domain and source-form review are still required. OCR staged at content/_staging/raw/english/nyaya_sutras_gotama_vidyabhusana_1913_en.txt on 2026-07-05; IA metadata sidecar staged beside it.",staged_candidate
vaisesika_sutras_kanada_sinha_1923_en,The Vaisesika Sutras of Kanada,darshana/vaisesika,vaisesika,pan_indian,English,Roman/OCR,Nandalal Sinha,Sankara Misra and other commentators,Internet Archive University of Toronto scan,1923,Internet Archive,https://archive.org/details/thevaiasesikasut00kanauoft,scan_ocr,TXT/JSON metadata,Internet Archive scan metadata; public-domain edition likely; IA terms apply,Pre-1929 publication; public domain in USA likely; verify jurisdiction and scan status,Yes for staging,Yes after review,Yes after OCR/legal review,"Yes, can ingest after OCR cleanup/legal/content review","Credit Internet Archive, source library, and Nandalal Sinha; preserve archive identifier",Yes if public-domain status applies in deployment jurisdiction,No for public-domain edition; scan terms still need review,Medium,Hard,legal; OCR review; Vaisesika review; Sanskrit/English alignment; segmentation,Vaisheshika Sutras OCR staged as a core darshana source; OCR quality and commentary boundaries need review before retrieval use. OCR staged at content/_staging/raw/english/vaisesika_sutras_kanada_sinha_1923_en.txt on 2026-07-05; IA metadata sidecar staged beside it.,staged_candidate
purva_mimamsa_sutras_jaimini_jha_1916_en,The Purva Mimamsa Sutras of Jaimini,darshana/mimamsa,purva_mimamsa,pan_indian,English,Roman/OCR,Ganganath Jha,Jaimini and classical commentators,Internet Archive DLI scan,1916,Internet Archive,https://archive.org/details/in.ernet.dli.2015.274358,scan_ocr,TXT/JSON metadata,Internet Archive scan metadata; public-domain edition likely; IA terms apply,Pre-1929 publication; public domain in USA likely; verify jurisdiction and scan status,Yes for staging,Yes after review,Yes after OCR/legal review,"Yes, can ingest after OCR cleanup/legal/content review","Credit Internet Archive, source library, and Ganganath Jha; preserve archive identifier",Yes if public-domain status applies in deployment jurisdiction,No for public-domain edition; scan terms still need review,Medium,Hard,legal; OCR review; Mimamsa review; ritual context; segmentation,Purva Mimamsa Sutras OCR staged as a core darshana and ritual-exegesis source; requires specialist context before retrieval use. OCR staged at content/_staging/raw/english/purva_mimamsa_sutras_jaimini_jha_1916_en.txt on 2026-07-05; IA metadata sidecar staged beside it.,staged_candidate
yoga_system_patanjali_woods_1914_en,The Yoga-System of Patanjali,darshana/yoga,yoga,pan_indian,English,Roman/OCR,James Haughton Woods,Vyasa; Vachaspati Misra,Internet Archive University of Toronto scan,1914,Internet Archive,https://archive.org/details/yogasystemofpata00wooduoft,scan_ocr,TXT/JSON metadata,Internet Archive scan metadata; public-domain edition likely; IA terms apply,Pre-1929 publication; public domain in USA likely; verify jurisdiction and scan status,Yes for staging,Yes after review,Yes after OCR/legal review,"Yes, can ingest after OCR cleanup/legal/content review","Credit Internet Archive, source library, and James Haughton Woods; preserve archive identifier",Yes if public-domain status applies in deployment jurisdiction,No for public-domain edition; scan terms still need review,Medium,Hard,legal; OCR review; Yoga review; commentary boundary review; segmentation,Yoga Sutras with Yoga-bhashya and Tattva-vaisaradi material staged as a scholarly complement to the simpler Johnston Project Gutenberg text. OCR staged at content/_staging/raw/english/yoga_system_patanjali_woods_1914_en.txt on 2026-07-05; IA metadata sidecar staged beside it.,staged_candidate
hymns_to_the_goddess_avalon_en,Hymns to the Goddess,stotra/shakta/tantra,shakta/tantric,pan_indian,English,Roman/HTML,Arthur Avalon / John Woodroffe,none,Sacred Texts HTML edition,1913,Sacred Texts,https://www.sacred-texts.com/tantra/htg/index.htm,website_html,HTML/JSONL,Public-domain source edition likely; Sacred Texts site terms apply,Public domain translation likely; site terms and jurisdiction need review,Yes for staging,Yes after review,Yes after legal/content review,"Yes, can ingest after legal/content review","Credit Sacred Texts HTML edition, Arthur Avalon / John Woodroffe, none, and Sacred Texts; preserve page URLs",Yes if site terms and public-domain status apply,Unclear,Medium,Medium,legal; Shakta review; stotra source review; attribution; segmentation,Collection of translated goddess hymns staged for review-first devotional and source-reference use; individual hymn source categories must remain explicit. Page-level Sacred Texts JSONL staged at content/_staging/raw/english/sacred_texts/hymns_to_the_goddess_avalon_en.jsonl on 2026-07-05.,staged_candidate
hymn_to_kali_avalon_en,Hymn to Kali,stotra/shakta/tantra,shakta/tantric,pan_indian,English,Roman/HTML,Arthur Avalon / John Woodroffe,none,Sacred Texts HTML edition,1922,Sacred Texts,https://www.sacred-texts.com/tantra/htk/index.htm,website_html,HTML/JSONL,Public-domain source edition likely; Sacred Texts site terms apply,Public domain translation likely; site terms and jurisdiction need review,Yes for staging,Yes after review,Yes after legal/content review,"Yes, can ingest after legal/content review","Credit Sacred Texts HTML edition, Arthur Avalon / John Woodroffe, none, and Sacred Texts; preserve page URLs",Yes if site terms and public-domain status apply,Unclear,Medium,Hard,legal; Kali/Shakta review; tantra review; sensitive content review; attribution; segmentation,Kali hymn with extensive tantric notes staged for review-first use; sensitive ritual and doctrinal notes must be contextualized before retrieval use. Page-level Sacred Texts JSONL staged at content/_staging/raw/english/sacred_texts/hymn_to_kali_avalon_en.jsonl on 2026-07-05.,staged_candidate
shakti_and_shakta_avalon_1918_en,Shakti and Shakta,secondary/shakta/tantra,shakta/tantric,pan_indian,English,Roman/HTML,Arthur Avalon / John Woodroffe,none,Sacred Texts HTML edition,1918,Sacred Texts,https://www.sacred-texts.com/tantra/sas/index.htm,website_html,HTML/JSONL,Public-domain source edition likely; Sacred Texts site terms apply,Public domain translation likely; site terms and jurisdiction need review,Yes for staging,Yes after review,Yes after legal/content review,"Yes, can ingest after legal/content review","Credit Sacred Texts HTML edition, Arthur Avalon / John Woodroffe, none, and Sacred Texts; preserve page URLs",Yes if site terms and public-domain status apply,Unclear,Medium,Medium,legal; Shakta review; tantra review; historical framing; attribution; segmentation,Secondary Shakta/Tantra essays staged as context only; do not present as scripture or direct practice authority. Page-level Sacred Texts JSONL staged at content/_staging/raw/english/sacred_texts/shakti_and_shakta_avalon_1918_en.jsonl on 2026-07-05.,staged_candidate
thirteen_principal_upanishads_hume_1921_en,The Thirteen Principal Upanishads,upanishad/vedanta,vedanta,pan_indian,English,Roman/OCR,Robert Ernest Hume,none,Internet Archive Princeton Theological Seminary scan,1921,Internet Archive,https://archive.org/details/thirteenprincipa00hume,scan_ocr,TXT/JSON metadata,Internet Archive scan metadata; public-domain edition likely; IA terms apply,Pre-1929 publication; public domain in USA likely; verify jurisdiction and scan status,Yes for staging,Yes after review,Yes after OCR/legal review,"Yes, can ingest after OCR cleanup/legal/content review","Credit Internet Archive, source library, and Robert Ernest Hume; preserve archive identifier",Yes if public-domain status applies in deployment jurisdiction,No for public-domain edition; scan terms still need review,Medium,Hard,legal; OCR review; Upanishad review; Sanskrit/English alignment; bibliography review; segmentation,Hume's thirteen-principal-Upanishad translation OCR staged as a scholarly complement to Muller and Paramananda; includes substantial introduction and bibliography requiring source-boundary review. OCR staged at content/_staging/raw/english/thirteen_principal_upanishads_hume_1921_en.txt on 2026-07-05; IA metadata sidecar staged beside it.,staged_candidate
thirty_minor_upanishads_aiyar_1914_en,Thirty Minor Upanishads,upanishad/vedanta/yoga,vedanta/yoga,pan_indian,English,Roman/OCR,K. Narayanasvami Aiyar,none,Internet Archive University of Toronto scan,1914,Internet Archive,https://archive.org/details/thirtyminorupani00xxxxuoft,scan_ocr,TXT/JSON metadata,Internet Archive scan metadata; public-domain edition likely; IA terms apply,Pre-1929 publication; public domain in USA likely; verify jurisdiction and scan status,Yes for staging,Yes after review,Yes after OCR/legal review,"Yes, can ingest after OCR cleanup/legal/content review","Credit Internet Archive, source library, and K. Narayanasvami Aiyar; preserve archive identifier",Yes if public-domain status applies in deployment jurisdiction,No for public-domain edition; scan terms still need review,Medium,Hard,legal; OCR review; Upanishad review; yoga/renunciation content review; segmentation,"Thirty Minor Upanishads OCR staged to expand beyond the principal Upanishads; includes Vedantic, yoga, mantra, physiological, and sannyasa materials that need category-specific review. OCR staged at content/_staging/raw/english/thirty_minor_upanishads_aiyar_1914_en.txt on 2026-07-05; IA metadata sidecar staged beside it.",staged_candidate
samkhya_philosophy_sinha_1915_en,The Samkhya Philosophy,darshana/sankhya,sankhya,pan_indian,English,Roman/OCR,Nandalal Sinha,Aniruddha; Vijnana Bhiksu; Mahadeva Vedantin,Internet Archive University of Toronto scan,1915,Internet Archive,https://archive.org/details/thesamkhyaphilos00sinhuoft,scan_ocr,TXT/JSON metadata,Internet Archive scan metadata; public-domain edition likely; IA terms apply,Pre-1929 publication; public domain in USA likely; verify jurisdiction and scan status,Yes for staging,Yes after review,Yes after OCR/legal review,"Yes, can ingest after OCR cleanup/legal/content review","Credit Internet Archive, source library, and Nandalal Sinha; preserve archive identifier",Yes if public-domain status applies in deployment jurisdiction,No for public-domain edition; scan terms still need review,Medium,Hard,legal; OCR review; Sankhya review; commentary boundary review; Sanskrit/English alignment; segmentation,"Sinha's Sacred Books of the Hindus Sankhya volume OCR staged as a core darshana source; includes Samkhya-pravachana-sutram, Aniruddha, Vijnana Bhiksu, Tattva-samasa, Samkhya-karika, and Panchasikha material. OCR staged at content/_staging/raw/english/samkhya_philosophy_sinha_1915_en.txt on 2026-07-05; IA metadata sidecar staged beside it.",staged_candidate
tattva_kaumudi_jha_1896_en,"An English Translation, with the Sanskrit Text of the Tattva-Kaumudi",darshana/sankhya/commentary,sankhya,pan_indian,English,Roman/OCR,Ganganatha Jha,Vachaspati Misra,Internet Archive University of Toronto scan,1896,Internet Archive,https://archive.org/details/anenglishtransla00vaacuoft,scan_ocr,TXT/JSON metadata,Internet Archive scan metadata; public-domain edition likely; IA terms apply,Pre-1929 publication; public domain in USA likely; verify jurisdiction and scan status,Yes for staging,Yes after review,Yes after OCR/legal review,"Yes, can ingest after OCR cleanup/legal/content review","Credit Internet Archive, source library, and Ganganatha Jha; preserve archive identifier",Yes if public-domain status applies in deployment jurisdiction,No for public-domain edition; scan terms still need review,Medium,Hard,legal; OCR review; Sankhya review; commentary boundary review; Sanskrit/English alignment; segmentation,"Jha's English translation of Vachaspati Misra's Tattva-Kaumudi OCR staged as a direct Sankhya-karika commentary source; requires careful separation of Sanskrit text, translation, notes, and glossary material. OCR staged at content/_staging/raw/english/tattva_kaumudi_jha_1896_en.txt on 2026-07-05; IA metadata sidecar staged beside it.",staged_candidate
taittiriya_upanishad_mahadeva_sastri_1903_en,The Taittiriya Upanishad,upanishad/vedanta/commentary,advaita/vedanta,pan_indian,English,Roman/OCR,Alladi Mahadeva Sastri,Sankaracharya; Suresvaracharya; Sayana/Vidyaranya,Internet Archive DLI scan,1903,Internet Archive,https://archive.org/details/in.ernet.dli.2015.217334,scan_ocr,TXT/JSON metadata,Internet Archive scan metadata; public-domain edition likely; IA terms apply,Pre-1929 publication; public domain in USA likely; verify jurisdiction and scan status,Yes for staging,Yes after review,Yes after OCR/legal review,"Yes, can ingest after OCR cleanup/legal/content review","Credit Internet Archive, source library, and Alladi Mahadeva Sastri; preserve archive identifier",Yes if public-domain status applies in deployment jurisdiction,No for public-domain edition; scan terms still need review,Medium,Hard,legal; OCR review; Upanishad review; Advaita review; commentary boundary review; Sanskrit/English alignment; segmentation,"Taittiriya Upanishad OCR staged with English translation of Sankaracharya, Suresvaracharya, and Sayana/Vidyaranya commentary material; requires careful separation of text, translation, and commentary layers. OCR staged at content/_staging/raw/english/taittiriya_upanishad_mahadeva_sastri_1903_en.txt on 2026-07-05; IA metadata sidecar staged beside it.",staged_candidate
amritabindu_kaivalya_upanishads_mahadeva_sastri_1898_en,Amritabindu and Kaivalya Upanishads,upanishad/vedanta,advaita/vedanta,pan_indian,English,Roman/OCR,Alladi Mahadeva Sastri,none,Internet Archive University of Toronto scan,1898,Internet Archive,https://archive.org/details/amritabindukaiva00mahauoft,scan_ocr,TXT/JSON metadata,Internet Archive scan metadata; public-domain edition likely; IA terms apply,Pre-1929 publication; public domain in USA likely; verify jurisdiction and scan status,Yes for staging,Yes after review,Yes after OCR/legal review,"Yes, can ingest after OCR cleanup/legal/content review","Credit Internet Archive, source library, and Alladi Mahadeva Sastri; preserve archive identifier",Yes if public-domain status applies in deployment jurisdiction,No for public-domain edition; scan terms still need review,Medium,Medium,legal; OCR review; Upanishad review; Sanskrit/English alignment; segmentation,Short Upanishad translation OCR staged to improve minor Upanishad coverage with a compact source that should be easier to segment after review. OCR staged at content/_staging/raw/english/amritabindu_kaivalya_upanishads_mahadeva_sastri_1898_en.txt on 2026-07-05; IA metadata sidecar staged beside it.,staged_candidate
panchadasi_vidyaranya_1912_en,Panchadasi of Vidyaranya,vedanta/advaita/prakarana,advaita,pan_indian,English,Roman/OCR,M. Srinivasa Rau and K. A. Krishnaswamy Aiyar,Vidyaranya,Internet Archive Public Domain Mark scan,1912,Internet Archive,https://archive.org/details/PanchadasiOfVidyaranya,scan_ocr,TXT/JSON metadata,Internet Archive scan metadata; public-domain edition likely; IA terms apply,Pre-1929 publication; public domain in USA likely; verify jurisdiction and scan status,Yes for staging,Yes after review,Yes after OCR/legal review,"Yes, can ingest after OCR cleanup/legal/content review","Credit Internet Archive, source library, and M. Srinivasa Rau and K. A. Krishnaswamy Aiyar; preserve archive identifier",Yes if public-domain status applies in deployment jurisdiction,No for public-domain edition; scan terms still need review,Medium,Hard,legal; OCR review; Advaita review; Sanskrit/English alignment; chapter summary boundary review; segmentation,"Panchadasi OCR staged as a major Advaita prakaran text with English translation, explanatory notes, and chapter summaries; distinguish source text, translator notes, and summaries before retrieval use. OCR staged at content/_staging/raw/english/panchadasi_vidyaranya_1912_en.txt on 2026-07-05; IA metadata sidecar staged beside it.",staged_candidate
bhagavad_gita_sankara_bhashya_mahadeva_sastri_1901_en,The Bhagavad-Gita with the Commentary of Sri Sankaracharya,gita/commentary/advaita,advaita/vedanta,pan_indian,English,Roman/OCR,Alladi Mahadeva Sastri,Adi Sankaracharya,Internet Archive University of California scan,1901,Internet Archive,https://archive.org/details/bhagavadgitawith00maharich,scan_ocr,TXT/JSON metadata,Internet Archive scan metadata; public-domain edition likely; IA terms apply,Pre-1929 publication; public domain in USA likely; verify jurisdiction and scan status,Yes for staging,Yes after review,Yes after OCR/legal review,"Yes, can ingest after OCR cleanup/legal/content review","Credit Internet Archive, source library, and Alladi Mahadeva Sastri; preserve archive identifier",Yes if public-domain status applies in deployment jurisdiction,No for public-domain edition; scan terms still need review,Medium,Hard,legal; OCR review; Gita review; Advaita review; commentary boundary review; Sanskrit/English alignment; segmentation,Sankara's Bhagavad Gita commentary in English OCR staged as a core Gita-bhashya source; keep it distinct from free-standing Gita translations and SBE Gita material. OCR staged at content/_staging/raw/english/bhagavad_gita_sankara_bhashya_mahadeva_sastri_1901_en.txt on 2026-07-05; IA metadata sidecar staged beside it.,staged_candidate
narada_bhakti_sutras_sinha_1917_en,The Bhakti Sutras of Narada,bhakti/sutra,bhakti/general,pan_indian,English,Roman/OCR,Nandalal Sinha,Narada,Internet Archive DLI scan,1917,Internet Archive,https://archive.org/details/in.ernet.dli.2015.114952,scan_ocr,TXT/JSON metadata,Internet Archive scan metadata; public-domain edition likely; IA terms apply,Pre-1929 publication; public domain in USA likely; verify jurisdiction and scan status,Yes for staging,Yes after review,Yes after OCR/legal review,"Yes, can ingest after OCR cleanup/legal/content review","Credit Internet Archive, source library, and Nandalal Sinha; preserve archive identifier",Yes if public-domain status applies in deployment jurisdiction,No for public-domain edition; scan terms still need review,Medium,Medium,legal; OCR review; Bhakti review; Sanskrit/English alignment; segmentation,Narada Bhakti Sutras OCR staged as a concise devotional theology source; pair with later Sandilya Bhakti Sutra sourcing if a rights-clear English edition is verified. OCR staged at content/_staging/raw/english/narada_bhakti_sutras_sinha_1917_en.txt on 2026-07-05; IA metadata sidecar staged beside it.,staged_candidate
sri_bhashya_ramanuja_rangacharya_1899_en,The Vedanta-Sutras with the Sri-Bhashya of Ramanujacharya,vedanta/vishishtadvaita/commentary,vishishtadvaita,pan_indian/south_indian,English,Roman/OCR,M. Rangacharya and M. B. Varadaraja Aiyangar,Ramanuja,Internet Archive University of California scan,1899,Internet Archive,https://archive.org/details/vedantasutraswit00badaiala,scan_ocr,TXT/JSON metadata,Internet Archive scan metadata; public-domain edition likely; IA terms apply,Pre-1929 publication; public domain in USA likely; verify jurisdiction and scan status,Yes for staging,Yes after review,Yes after OCR/legal review,"Yes, can ingest after OCR cleanup/legal/content review","Credit Internet Archive, source library, and M. Rangacharya and M. B. Varadaraja Aiyangar; preserve archive identifier",Yes if public-domain status applies in deployment jurisdiction,No for public-domain edition; scan terms still need review,Medium,Hard,legal; OCR review; Vishishtadvaita review; Brahma-sutra review; commentary boundary review; Sanskrit/English alignment; segmentation,"Sri-Bhashya OCR staged as a direct Vishishtadvaita Brahma-sutra commentary source, distinct from the Thibaut/SBE Ramanuja translation already staged. OCR staged at content/_staging/raw/english/sri_bhashya_ramanuja_rangacharya_1899_en.txt on 2026-07-05; IA metadata sidecar staged beside it.",staged_candidate
tiruvacagam_pope_1900_en,The Tiruvacagam,bhakti/shaiva/tamil,shaiva/saiva_siddhanta,tamil,English,Roman/OCR,George Uglow Pope,Manikkavacakar,Internet Archive University of Toronto scan,1900,Internet Archive,https://archive.org/details/tiruvacagamorsac00maniuoft,scan_ocr,TXT/JSON metadata,Internet Archive scan metadata; public-domain edition likely; IA terms apply,Pre-1929 publication; public domain in USA likely; verify jurisdiction and scan status,Yes for staging,Yes after review,Yes after OCR/legal review,"Yes, can ingest after OCR cleanup/legal/content review","Credit Internet Archive, source library, and George Uglow Pope; preserve archive identifier",Yes if public-domain status applies in deployment jurisdiction,No for public-domain edition; scan terms still need review,Medium,Hard,legal; OCR review; Tamil Shaiva review; poetic translation review; source-boundary review; segmentation,"Pope's Tiruvacagam OCR staged to add Tamil Shaiva devotional coverage in English; preserve distinction between Tamil text, translation, notes, and missionary-era framing. OCR staged at content/_staging/raw/english/tiruvacagam_pope_1900_en.txt on 2026-07-05; IA metadata sidecar staged beside it.",staged_candidate
hymns_tamil_saivite_saints_kingsbury_phillips_1921_en,Hymns of the Tamil Saivite Saints,bhakti/shaiva/tamil,shaiva/saiva_siddhanta,tamil,English,Roman/OCR,Francis Kingsbury and Godfrey E. Phillips,Sambandar; Appar; Sundarar; Manikkavacakar,Internet Archive University of Toronto scan,1921,Internet Archive,https://archive.org/details/hymnsoftamilsaiv00kinguoft,scan_ocr,TXT/JSON metadata,Internet Archive scan metadata; public-domain edition likely; IA terms apply,Pre-1929 publication; public domain in USA likely; verify jurisdiction and scan status,Yes for staging,Yes after review,Yes after OCR/legal review,"Yes, can ingest after OCR cleanup/legal/content review","Credit Internet Archive, source library, and Francis Kingsbury and Godfrey E. Phillips; preserve archive identifier",Yes if public-domain status applies in deployment jurisdiction,No for public-domain edition; scan terms still need review,Medium,Medium,legal; OCR review; Tamil Shaiva review; poetic translation review; attribution; segmentation,Tamil Saivite hymn anthology OCR staged to broaden English devotional coverage beyond Sanskrit-centered sources; author and hymn attribution must be preserved at passage level. OCR staged at content/_staging/raw/english/hymns_tamil_saivite_saints_kingsbury_phillips_1921_en.txt on 2026-07-05; IA metadata sidecar staged beside it.,staged_candidate
studies_saiva_siddhanta_nallasvami_1911_en,Studies in Saiva Siddhanta,secondary/shaiva/saiva_siddhanta,shaiva/saiva_siddhanta,tamil/south_indian,English,Roman/OCR,J. M. Nallasvami Pillai,none,Internet Archive DLI scan,1911,Internet Archive,https://archive.org/details/in.ernet.dli.2015.69899,scan_ocr,TXT/JSON metadata,Internet Archive scan metadata; public-domain edition likely; IA terms apply,Pre-1929 publication; public domain in USA likely; verify jurisdiction and scan status,Yes for staging,Yes after review,Yes after OCR/legal review,"Yes, can ingest after OCR cleanup/legal/content review","Credit Internet Archive, source library, and J. M. Nallasvami Pillai; preserve archive identifier",Yes if public-domain status applies in deployment jurisdiction,No for public-domain edition; scan terms still need review,Medium,Medium,legal; OCR review; Saiva Siddhanta review; historical framing; attribution; segmentation,Saiva Siddhanta essays OCR staged as context and terminology support; do not present secondary argumentation as scripture. OCR staged at content/_staging/raw/english/studies_saiva_siddhanta_nallasvami_1911_en.txt on 2026-07-05; IA metadata sidecar staged beside it.,staged_candidate
vedantasara_sadananda_ballantyne_1898_en,The Vedanta-Sara,vedanta/advaita/prakarana,advaita,pan_indian,English,Roman/OCR,James Robert Ballantyne,Sadananda Yogindra,Internet Archive University of Toronto scan,1898,Internet Archive,https://archive.org/details/vedantasara00sadauoft,scan_ocr,TXT/JSON metadata,Internet Archive scan metadata; public-domain edition likely; IA terms apply,Pre-1929 publication; public domain in USA likely; verify jurisdiction and scan status,Yes for staging,Yes after review,Yes after OCR/legal review,"Yes, can ingest after OCR cleanup/legal/content review","Credit Internet Archive, source library, and James Robert Ballantyne; preserve archive identifier",Yes if public-domain status applies in deployment jurisdiction,No for public-domain edition; scan terms still need review,Medium,Medium,legal; OCR review; Advaita review; polemical framing review; source-boundary review; segmentation,Ballantyne's Vedanta-Sara OCR staged as a compact Advaita primer source; the surrounding examination and colonial-era framing must be separated from source translation before retrieval use. OCR staged at content/_staging/raw/english/vedantasara_sadananda_ballantyne_1898_en.txt on 2026-07-05; IA metadata sidecar staged beside it.,staged_candidate
hatha_yoga_pradipika_pancham_sinh_1915_en,The Hatha Yoga Pradipika,yoga/hatha,hatha_yoga/nath,pan_indian,English,Roman/OCR,Pancham Sinh,Svatmarama,Internet Archive Central Secretariat Library scan,1915,Internet Archive,https://archive.org/details/dli.csl.7087,scan_ocr,TXT/JSON metadata,Internet Archive scan metadata; public-domain edition likely; IA terms apply,Pre-1929 publication; public domain in USA likely; verify jurisdiction and scan status,Yes for staging,Yes after review,Yes after OCR/legal review,"Yes, can ingest after OCR cleanup/legal/content review","Credit Internet Archive, source library, and Pancham Sinh; preserve archive identifier",Yes if public-domain status applies in deployment jurisdiction,No for public-domain edition; scan terms still need review,Medium,Hard,legal; OCR review; Yoga review; practice safety review; Sanskrit/English alignment; segmentation,"Hatha Yoga Pradipika OCR staged as a core hatha-yoga source; practice instructions, bodily techniques, and esoteric claims require product-safety gating before retrieval use. OCR staged at content/_staging/raw/english/hatha_yoga_pradipika_pancham_sinh_1915_en.txt on 2026-07-05; IA metadata sidecar staged beside it.",staged_candidate
siva_samhita_vasu_1914_en,Siva Samhita,yoga/hatha/tantra,hatha_yoga/shaiva,pan_indian,English,Roman/OCR,Srisa Chandra Vasu,none,Internet Archive CC0 Sacred Books of the Hindus scan,1914,Internet Archive,https://archive.org/details/sacredbooksofthehindusvol15sivasamhitawithsanskrittextscvasu1914_202002,scan_ocr,TXT/JSON metadata,Internet Archive scan metadata; public-domain edition likely; IA terms apply,Pre-1929 publication; public domain in USA likely; verify jurisdiction and scan status,Yes for staging,Yes after review,Yes after OCR/legal review,"Yes, can ingest after OCR cleanup/legal/content review","Credit Internet Archive, source library, and Srisa Chandra Vasu; preserve archive identifier",Yes if public-domain status applies in deployment jurisdiction,No for public-domain edition; scan terms still need review,Medium,Hard,legal; OCR review; Yoga review; Shaiva/Tantra review; practice safety review; Sanskrit/English alignment; segmentation,Siva Samhita OCR staged from a Sacred Books of the Hindus scan; esoteric and practice-instruction material requires specialist review and safety context before retrieval use. OCR staged at content/_staging/raw/english/siva_samhita_vasu_1914_en.txt on 2026-07-05; IA metadata sidecar staged beside it.,staged_candidate
gheranda_sanhita_vasu_1895_en,The Gheranda Sanhita,yoga/hatha,hatha_yoga,pan_indian,English,Roman/OCR,Srisa Chandra Vasu,none,Internet Archive Wellcome Library scan,1895,Internet Archive,https://archive.org/details/b28140102,scan_ocr,TXT/JSON metadata,Internet Archive scan metadata; public-domain edition likely; IA terms apply,Pre-1929 publication; public domain in USA likely; verify jurisdiction and scan status,Yes for staging,Yes after review,Yes after OCR/legal review,"Yes, can ingest after OCR cleanup/legal/content review","Credit Internet Archive, source library, and Srisa Chandra Vasu; preserve archive identifier",Yes if public-domain status applies in deployment jurisdiction,No for public-domain edition; scan terms still need review,Medium,Hard,legal; OCR review; Yoga review; practice safety review; Sanskrit/English alignment; segmentation,"Gheranda Sanhita OCR staged as a core hatha-yoga source; metadata language is Sanskrit, but the scan includes English translation before Sanskrit and needs source-form review. OCR staged at content/_staging/raw/english/gheranda_sanhita_vasu_1895_en.txt on 2026-07-05; IA metadata sidecar staged beside it.",staged_candidate
satakas_bhartrihari_wortham_1886_en,The Satakas of Bhartrihari,poetry/ethics/renunciation,general,pan_indian,English,Roman/OCR,Biscoe Hale Wortham,Bhartrihari,Internet Archive University of Toronto scan,1886,Internet Archive,https://archive.org/details/satakasofbhartri00bharuoft,scan_ocr,TXT/JSON metadata,Internet Archive scan metadata; public-domain edition likely; IA terms apply,Pre-1929 publication; public domain in USA likely; verify jurisdiction and scan status,Yes for staging,Yes after review,Yes after OCR/legal review,"Yes, can ingest after OCR cleanup/legal/content review","Credit Internet Archive, source library, and Biscoe Hale Wortham; preserve archive identifier",Yes if public-domain status applies in deployment jurisdiction,No for public-domain edition; scan terms still need review,Medium,Medium,legal; OCR review; Sanskrit poetry review; attribution; segmentation,"Bhartrihari's Satakas OCR staged for ethical, devotional, and renunciation poetry coverage; verse-level attribution and thematic tagging are required before retrieval use. OCR staged at content/_staging/raw/english/satakas_bhartrihari_wortham_1886_en.txt on 2026-07-05; IA metadata sidecar staged beside it.",staged_candidate
gita_govinda_arnold_1875_en,The Indian Song of Songs,poetry/bhakti/vaishnava,vaishnava/krishna_bhakti,east_india/pan_indian,English,Roman/OCR,Edwin Arnold,Jayadeva,Internet Archive University of California scan,1875,Internet Archive,https://archive.org/details/indiansongofsong00jayarich,scan_ocr,TXT/JSON metadata,Internet Archive scan metadata; public-domain edition likely; IA terms apply,Pre-1929 publication; public domain in USA likely; verify jurisdiction and scan status,Yes for staging,Yes after review,Yes after OCR/legal review,"Yes, can ingest after OCR cleanup/legal/content review","Credit Internet Archive, source library, and Edwin Arnold; preserve archive identifier",Yes if public-domain status applies in deployment jurisdiction,No for public-domain edition; scan terms still need review,Medium,Medium,legal; OCR review; Vaishnava review; poetic translation review; sensitive romantic/devotional content review; segmentation,Arnold's English rendering of Jayadeva's Gita Govinda OCR staged for Krishna-bhakti poetry coverage; devotional-erotic framing needs careful context before user-facing use. OCR staged at content/_staging/raw/english/gita_govinda_arnold_1875_en.txt on 2026-07-05; IA metadata sidecar staged beside it.,staged_candidate
bhakti_sutras_narada_sandilya_sinha_1917_1918_en,Bhakti Sutras of Narada and Sandilya Sutram,bhakti/sutra,bhakti/general,pan_indian,English,Roman/OCR,Nandalal Sinha,Narada; Sandilya; Svapnesvara,Internet Archive DLI scan,1917/1918,Internet Archive,https://archive.org/details/in.ernet.dli.2015.142440,scan_ocr,TXT/JSON metadata,Internet Archive scan metadata; public-domain edition likely; IA terms apply,Pre-1929 publication; public domain in USA likely; verify jurisdiction and scan status,Yes for staging,Yes after review,Yes after OCR/legal review,"Yes, can ingest after OCR cleanup/legal/content review","Credit Internet Archive, source library, and Nandalal Sinha; preserve archive identifier",Yes if public-domain status applies in deployment jurisdiction,No for public-domain edition; scan terms still need review,Medium,Medium,legal; OCR review; Bhakti review; Sanskrit/English alignment; duplicate Narada boundary review; segmentation,Bound Narada and Sandilya Bhakti Sutra OCR staged to add Sandilya coverage; Narada overlap with the separate Narada Bhakti Sutras staging must be deduplicated at passage level. OCR staged at content/_staging/raw/english/bhakti_sutras_narada_sandilya_sinha_1917_1918_en.txt on 2026-07-05; IA metadata sidecar staged beside it.,staged_candidate
bhagavad_gita_chatterji_1887_en,The Bhagavad Gita,gita/translation,general/theosophical,pan_indian,English,Roman/OCR,Mohini M. Chatterji,none,Internet Archive DLI scan,1887,Internet Archive,https://archive.org/details/in.ernet.dli.2015.180559,scan_ocr,TXT/JSON metadata,Internet Archive scan metadata; public-domain edition likely; IA terms apply,Pre-1929 publication; public domain in USA likely; verify jurisdiction and scan status,Yes for staging,Yes after review,Yes after OCR/legal review,"Yes, can ingest after OCR cleanup/legal/content review","Credit Internet Archive, source library, and Mohini M. Chatterji; preserve archive identifier",Yes if public-domain status applies in deployment jurisdiction,No for public-domain edition; scan terms still need review,Medium,Medium,legal; OCR review; Gita review; theosophical framing review; Sanskrit/English alignment; segmentation,Chatterji's Bhagavad Gita translation OCR staged as an alternate nineteenth-century English Gita rendering; distinguish translation choices and theosophical framing from app voice. OCR staged at content/_staging/raw/english/bhagavad_gita_chatterji_1887_en.txt on 2026-07-05; IA metadata sidecar staged beside it.,staged_candidate
ramakrishna_life_sayings_muller_1898_en,Ramakrishna: His Life and Sayings,modern_saint/teachings,ramakrishna/vedanta,bengal/modern_indian,English,Roman/OCR,F. Max Muller,Ramakrishna,Internet Archive Million Books Project scan,1898,Internet Archive,https://archive.org/details/ramakrishnahisli025100mbp,scan_ocr,TXT/JSON metadata,Internet Archive scan metadata; public-domain edition likely; IA terms apply,Pre-1929 publication; public domain in USA likely; verify jurisdiction and scan status,Yes for staging,Yes after review,Yes after OCR/legal review,"Yes, can ingest after OCR cleanup/legal/content review","Credit Internet Archive, source library, and F. Max Muller; preserve archive identifier",Yes if public-domain status applies in deployment jurisdiction,No for public-domain edition; scan terms still need review,Medium,Medium,legal; OCR review; Ramakrishna tradition review; colonial framing review; quotation/source-boundary review; segmentation,"Max Muller's Ramakrishna life-and-sayings source OCR staged for modern Hindu teaching coverage; separate biography, sayings, and colonial-era interpretation before retrieval use. OCR staged at content/_staging/raw/english/ramakrishna_life_sayings_muller_1898_en.txt on 2026-07-05; IA metadata sidecar staged beside it.",staged_candidate
gospel_ramakrishna_abhedananda_1907_en,The Gospel of Ramakrishna,modern_saint/dialogue,ramakrishna/vedanta,bengal/modern_indian,English,Roman/OCR,Swami Abhedananda,Ramakrishna; Mahendranath Gupta,Internet Archive University of California scan,1907,Internet Archive,https://archive.org/details/gospelofrmakri00ramarich,scan_ocr,TXT/JSON metadata,Internet Archive scan metadata; public-domain edition likely; IA terms apply,Pre-1929 publication; public domain in USA likely; verify jurisdiction and scan status,Yes for staging,Yes after review,Yes after OCR/legal review,"Yes, can ingest after OCR cleanup/legal/content review","Credit Internet Archive, source library, and Swami Abhedananda; preserve archive identifier",Yes if public-domain status applies in deployment jurisdiction,No for public-domain edition; scan terms still need review,Medium,Hard,legal; OCR review; Ramakrishna tradition review; dialogue attribution review; quotation/source-boundary review; segmentation,"Early English Gospel of Ramakrishna OCR staged for modern Hindu dialogue/teaching coverage; speaker attribution, dialogue boundaries, and later-edition differences require review. OCR staged at content/_staging/raw/english/gospel_ramakrishna_abhedananda_1907_en.txt on 2026-07-05; IA metadata sidecar staged beside it.",staged_candidate
raja_yoga_vivekananda_1923_en,Raja Yoga,modern_yoga/vedanta,ramakrishna/modern_yoga,modern_indian/global,English,Roman/OCR,Swami Vivekananda,Patanjali; Swami Vivekananda,"Internet Archive DLI scan, sixth edition",1923,Internet Archive,https://archive.org/details/in.ernet.dli.2015.42344,scan_ocr,TXT/JSON metadata,Internet Archive scan metadata; public-domain edition likely; IA terms apply,Pre-1929 publication; public domain in USA likely; verify jurisdiction and scan status,Yes for staging,Yes after review,Yes after OCR/legal review,"Yes, can ingest after OCR cleanup/legal/content review","Credit Internet Archive, source library, and Swami Vivekananda; preserve archive identifier",Yes if public-domain status applies in deployment jurisdiction,No for public-domain edition; scan terms still need review,Medium,Medium,legal; OCR review; Yoga review; practice safety review; modern framing review; segmentation,Vivekananda's Raja Yoga OCR staged as a modern yoga/Vedanta source; practice instructions and Patanjali commentary should be source-bounded and safety-reviewed. OCR staged at content/_staging/raw/english/raja_yoga_vivekananda_1923_en.txt on 2026-07-05; IA metadata sidecar staged beside it.,staged_candidate
bhakti_yoga_vivekananda_1896_en,Bhakti-Yoga,modern_bhakti/vedanta,ramakrishna/bhakti,modern_indian/global,English,Roman/OCR,Swami Vivekananda,none,Internet Archive DLI scan,1896,Internet Archive,https://archive.org/details/in.ernet.dli.2015.195578,scan_ocr,TXT/JSON metadata,Internet Archive scan metadata; public-domain edition likely; IA terms apply,Pre-1929 publication; public domain in USA likely; verify jurisdiction and scan status,Yes for staging,Yes after review,Yes after OCR/legal review,"Yes, can ingest after OCR cleanup/legal/content review","Credit Internet Archive, source library, and Swami Vivekananda; preserve archive identifier",Yes if public-domain status applies in deployment jurisdiction,No for public-domain edition; scan terms still need review,Medium,Medium,legal; OCR review; Bhakti review; modern framing review; quotation/source-boundary review; segmentation,"Vivekananda's Bhakti-Yoga OCR staged as a modern bhakti/Vedanta teaching source; separate direct quotations, lecture text, and later editorial material before retrieval use. OCR staged at content/_staging/raw/english/bhakti_yoga_vivekananda_1896_en.txt on 2026-07-05; IA metadata sidecar staged beside it.",staged_candidate
karma_yoga_vivekananda_1907_en,Karma Yoga,modern_yoga/vedanta,ramakrishna/karma_yoga,modern_indian/global,English,Roman/OCR,Swami Vivekananda,none,"Internet Archive DLI scan, second edition",1907,Internet Archive,https://archive.org/details/in.ernet.dli.2015.195766,scan_ocr,TXT/JSON metadata,Internet Archive scan metadata; public-domain edition likely; IA terms apply,Pre-1929 publication; public domain in USA likely; verify jurisdiction and scan status,Yes for staging,Yes after review,Yes after OCR/legal review,"Yes, can ingest after OCR cleanup/legal/content review","Credit Internet Archive, source library, and Swami Vivekananda; preserve archive identifier",Yes if public-domain status applies in deployment jurisdiction,No for public-domain edition; scan terms still need review,Medium,Medium,legal; OCR review; Karma Yoga review; modern framing review; quotation/source-boundary review; segmentation,Vivekananda's Karma Yoga OCR staged to complete the core Vivekananda yoga triad beside Raja Yoga and Bhakti-Yoga; lecture boundaries and practical advice framing require review. OCR staged at content/_staging/raw/english/karma_yoga_vivekananda_1907_en.txt on 2026-07-05; IA metadata sidecar staged beside it.,staged_candidate
jnana_yoga_vivekananda_1902_en,Vedanta Philosophy: Lectures on Jnana Yoga,modern_vedanta/jnana_yoga,ramakrishna/advaita,modern_indian/global,English,Roman/OCR,Swami Vivekananda,none,Internet Archive University of California scan,1902,Internet Archive,https://archive.org/details/vedntaphilosop00vive,scan_ocr,TXT/JSON metadata,Internet Archive scan metadata; public-domain edition likely; IA terms apply,Pre-1929 publication; public domain in USA likely; verify jurisdiction and scan status,Yes for staging,Yes after review,Yes after OCR/legal review,"Yes, can ingest after OCR cleanup/legal/content review","Credit Internet Archive, source library, and Swami Vivekananda; preserve archive identifier",Yes if public-domain status applies in deployment jurisdiction,No for public-domain edition; scan terms still need review,Medium,Medium,legal; OCR review; Jnana Yoga review; modern Vedanta review; quotation/source-boundary review; segmentation,Early Jnana Yoga lecture volume OCR staged as fuller Vivekananda Advaita/Vedanta coverage; deduplicate against the separate Project Gutenberg Jnana Yoga Part II staging. OCR staged at content/_staging/raw/english/jnana_yoga_vivekananda_1902_en.txt on 2026-07-05; IA metadata sidecar staged beside it.,staged_candidate
vedanta_philosophy_sketch_tripathi_1901_en,A Sketch of the Vedanta Philosophy,vedanta/secondary,advaita/general,western_india/pan_indian,English,Roman/OCR,Manassukharama Suryarama Tripathi,none,Internet Archive DLI scan,1901,Internet Archive,https://archive.org/details/in.ernet.dli.2015.218962,scan_ocr,TXT/JSON metadata,Internet Archive scan metadata; public-domain edition likely; IA terms apply,Pre-1929 publication; public domain in USA likely; verify jurisdiction and scan status,Yes for staging,Yes after review,Yes after OCR/legal review,"Yes, can ingest after OCR cleanup/legal/content review","Credit Internet Archive, source library, and Manassukharama Suryarama Tripathi; preserve archive identifier",Yes if public-domain status applies in deployment jurisdiction,No for public-domain edition; scan terms still need review,Medium,Medium,legal; OCR review; Vedanta review; historical framing review; segmentation,Tripathi's early English Vedanta exposition OCR staged as a Hindu-authored secondary source; keep explanatory claims distinct from scripture/commentary citations. OCR staged at content/_staging/raw/english/vedanta_philosophy_sketch_tripathi_1901_en.txt on 2026-07-05; IA metadata sidecar staged beside it.,staged_candidate
my_master_vivekananda_1901_en,My Master,modern_saint/teachings,ramakrishna/vedanta,bengal/modern_indian,English,Roman/OCR,Swami Vivekananda,Ramakrishna,Internet Archive Google scan,1901,Internet Archive,https://archive.org/details/mymaster00vivegoog,scan_ocr,TXT/JSON metadata,Internet Archive scan metadata; public-domain edition likely; IA terms apply,Pre-1929 publication; public domain in USA likely; verify jurisdiction and scan status,Yes for staging,Yes after review,Yes after OCR/legal review,"Yes, can ingest after OCR cleanup/legal/content review","Credit Internet Archive, source library, and Swami Vivekananda; preserve archive identifier",Yes if public-domain status applies in deployment jurisdiction,No for public-domain edition; scan terms still need review,Medium,Medium,legal; OCR review; Ramakrishna tradition review; quotation/source-boundary review; segmentation,Vivekananda's My Master OCR staged as a primary modern Ramakrishna-Vedanta teaching source; appended review material must be separated before retrieval use. OCR staged at content/_staging/raw/english/my_master_vivekananda_1901_en.txt on 2026-07-05; IA metadata sidecar staged beside it.,staged_candidate
lectures_colombo_almora_vivekananda_1897_en,Lectures from Colombo to Almora,modern_vedanta/lectures,ramakrishna/vedanta,modern_indian/global,English,Roman/OCR,Swami Vivekananda,none,Internet Archive DLI scan,1897,Internet Archive,https://archive.org/details/in.ernet.dli.2015.195770,scan_ocr,TXT/JSON metadata,Internet Archive scan metadata; public-domain edition likely; IA terms apply,Pre-1929 publication; public domain in USA likely; verify jurisdiction and scan status,Yes for staging,Yes after review,Yes after OCR/legal review,"Yes, can ingest after OCR cleanup/legal/content review","Credit Internet Archive, source library, and Swami Vivekananda; preserve archive identifier",Yes if public-domain status applies in deployment jurisdiction,No for public-domain edition; scan terms still need review,Medium,Medium,legal; OCR review; modern Vedanta review; lecture context review; quotation/source-boundary review; segmentation,"Vivekananda's return-to-India lecture collection OCR staged for modern Hindu public teaching coverage; treat as dated lectures, not scriptural authority. OCR staged at content/_staging/raw/english/lectures_colombo_almora_vivekananda_1897_en.txt on 2026-07-05; IA metadata sidecar staged beside it.",staged_candidate
inspired_talks_vivekananda_1910_en,Inspired Talks,modern_vedanta/teachings,ramakrishna/vedanta,modern_indian/global,English,Roman/OCR,Swami Vivekananda; Sarah Ellen Waldo,none,Internet Archive University of California scan,1910,Internet Archive,https://archive.org/details/inspiredtalks00viverich,scan_ocr,TXT/JSON metadata,Internet Archive scan metadata; public-domain edition likely; IA terms apply,Pre-1929 publication; public domain in USA likely; verify jurisdiction and scan status,Yes for staging,Yes after review,Yes after OCR/legal review,"Yes, can ingest after OCR cleanup/legal/content review","Credit Internet Archive, source library, and Swami Vivekananda; Sarah Ellen Waldo; preserve archive identifier",Yes if public-domain status applies in deployment jurisdiction,No for public-domain edition; scan terms still need review,Medium,Medium,legal; OCR review; modern Vedanta review; notes attribution review; quotation/source-boundary review; segmentation,Inspired Talks OCR staged for informal Vivekananda teaching coverage; attribution to lecture notes and editorial boundaries must be preserved. OCR staged at content/_staging/raw/english/inspired_talks_vivekananda_1910_en.txt on 2026-07-05; IA metadata sidecar staged beside it.,staged_candidate
chaitanya_life_teachings_sarkar_1922_en,Chaitanya's Life and Teachings,vaishnava/biography/teachings,gaudiya_vaishnava,bengal/east_india,English,Roman/OCR,Jadunath Sarkar,Krishnadasa Kaviraja,Internet Archive University of Toronto scan,1922,Internet Archive,https://archive.org/details/chaitanyaslifean00kaviuoft,scan_ocr,TXT/JSON metadata,Internet Archive scan metadata; public-domain edition likely; IA terms apply,Pre-1929 publication; public domain in USA likely; verify jurisdiction and scan status,Yes for staging,Yes after review,Yes after OCR/legal review,"Yes, can ingest after OCR cleanup/legal/content review","Credit Internet Archive, source library, and Jadunath Sarkar; preserve archive identifier",Yes if public-domain status applies in deployment jurisdiction,No for public-domain edition; scan terms still need review,Medium,Medium,legal; OCR review; Gaudiya Vaishnava review; Bengali/English alignment; source-boundary review; segmentation,"Sarkar's English Chaitanya-charitamrita selections OCR staged to improve Gaudiya Vaishnava coverage; distinguish biography, translation, and editorial notes. OCR staged at content/_staging/raw/english/chaitanya_life_teachings_sarkar_1922_en.txt on 2026-07-05; IA metadata sidecar staged beside it.",staged_candidate
chaitanya_companions_sen_1917_en,Chaitanya and His Companions,vaishnava/biography/history,gaudiya_vaishnava,bengal/east_india,English,Roman/OCR,Dinesh Chandra Sen,none,Internet Archive University of Toronto scan,1917,Internet Archive,https://archive.org/details/chaitanyahiscomp00senduoft,scan_ocr,TXT/JSON metadata,Internet Archive scan metadata; public-domain edition likely; IA terms apply,Pre-1929 publication; public domain in USA likely; verify jurisdiction and scan status,Yes for staging,Yes after review,Yes after OCR/legal review,"Yes, can ingest after OCR cleanup/legal/content review","Credit Internet Archive, source library, and Dinesh Chandra Sen; preserve archive identifier",Yes if public-domain status applies in deployment jurisdiction,No for public-domain edition; scan terms still need review,Medium,Medium,legal; OCR review; Gaudiya Vaishnava review; historical framing review; source-boundary review; segmentation,Sen's Chaitanya companion study OCR staged for Bengali Vaishnava context; use as secondary/historical material rather than direct scripture. OCR staged at content/_staging/raw/english/chaitanya_companions_sen_1917_en.txt on 2026-07-05; IA metadata sidecar staged beside it.,staged_candidate
three_great_acharyas_1923_en,"Three Great Acharyas: Sankara, Ramanuja, Madhwa",vedanta/secondary,advaita/vishishtadvaita/dvaita,pan_indian,English,Roman/OCR,Unknown editor,Sankara; Ramanuja; Madhwa,Internet Archive RKAS scan,1923,Internet Archive,https://archive.org/details/rkas.2429.threegreatachary0000unse,scan_ocr,TXT/JSON metadata,Internet Archive scan metadata; public-domain edition likely; IA terms apply,Pre-1929 publication; public domain in USA likely; verify jurisdiction and scan status,Yes for staging,Yes after review,Yes after OCR/legal review,"Yes, can ingest after OCR cleanup/legal/content review","Credit Internet Archive, source library, and Unknown editor; preserve archive identifier",Yes if public-domain status applies in deployment jurisdiction,No for public-domain edition; scan terms still need review,Medium,Medium,legal; OCR review; Vedanta review; Dvaita review; source-boundary review; segmentation,Comparative Acharya source OCR staged to improve Dvaita/Madhva and cross-Vedanta balance; verify authorship and separate historical summary from doctrinal quotation. OCR staged at content/_staging/raw/english/three_great_acharyas_1923_en.txt on 2026-07-05; IA metadata sidecar staged beside it.,staged_candidate
chaitanya_vaishnava_poets_beames_1873_en,Chaitanya and the Vaishnava Poets of Bengal,vaishnava/poetry/history,gaudiya_vaishnava,bengal/east_india,English,Roman,John Beames,none,Project Gutenberg ebook from The Indian Antiquary Vol. II,1873,Project Gutenberg,https://www.gutenberg.org/ebooks/6817,ebook,TXT,Project Gutenberg public domain terms,Public domain in the USA; verify non-USA status before broad production use,Yes,Yes,Yes after review,"Yes, can ingest after cleanup/review",Credit Project Gutenberg and John Beames; remove or comply with Project Gutenberg trademark/license boilerplate,Yes if public-domain status applies in deployment jurisdiction,No,High,Medium,legal; attribution; Gaudiya Vaishnava review; poetic terminology review; colonial framing review,Indian Antiquary article staged for Chaitanya and Bengali Vaishnava poetry context; treat as secondary scholarship and keep colonial-era framing out of app voice. Full Project Gutenberg TXT staged at content/_staging/raw/english/chaitanya_vaishnava_poets_beames_1873_en.txt on 2026-07-05.,staged_candidate
upanishads_madhwa_bhashya_sbh_vol1_1911_en,Sacred Books of the Hindus Vol. 1: Upanishads with Madhwa Bhashya,upanishad/vedanta/commentary,dvaita/madhva,pan_indian,English,Roman/OCR,Various Sanskrit scholars,Madhwa,Internet Archive upload of 1911 Sacred Books of the Hindus Vol. 1,1911,Internet Archive,https://archive.org/details/sacredbooksofthehindusvol01upanishadsisatomandukyawithmadhwabhashya_202002,scan_ocr,TXT/JSON metadata,Internet Archive scan metadata; public-domain edition likely; IA terms apply,Pre-1929 publication; public domain in USA likely; verify jurisdiction and scan status,Yes for staging,Yes after review,Yes after OCR/legal review,"Yes, can ingest after OCR cleanup/legal/content review","Credit Internet Archive, source library, and Various Sanskrit scholars; preserve archive identifier",Yes if public-domain status applies in deployment jurisdiction,No for public-domain edition; scan terms still need review,Medium,Hard,legal; OCR review; Dvaita review; Upanishad review; Sanskrit/English alignment; commentary boundary review; segmentation,"Madhwa-bhashya Upanishad volume OCR staged to improve Dvaita source coverage; IA metadata is a newer CC0-marked upload, while OCR title pages identify a 1911 printed edition, so legal review must verify edition and upload rights. OCR staged at content/_staging/raw/english/upanishads_madhwa_bhashya_sbh_vol1_1911_en.txt on 2026-07-05; IA metadata sidecar staged beside it.",staged_candidate
classical_dictionary_hindu_mythology_dowson_1888_en,A Classical Dictionary of Hindu Mythology and Religion,reference/mythology,general,pan_indian,English,Roman/OCR,John Dowson,none,Internet Archive University of Toronto scan,1888,Internet Archive,https://archive.org/details/aclassicaldictio00dowsuoft,scan_ocr,TXT/JSON metadata,Internet Archive scan metadata; public-domain edition likely; IA terms apply,Pre-1929 publication; public domain in USA likely; verify jurisdiction and scan status,Yes for staging,Yes after review,Yes after OCR/legal review,"Yes, can ingest after OCR cleanup/legal/content review","Credit Internet Archive, source library, and John Dowson; preserve archive identifier",Yes if public-domain status applies in deployment jurisdiction,No for public-domain edition; scan terms still need review,Medium,Medium,legal; OCR review; mythology review; reference-entry segmentation; colonial framing review,Dowson's Hindu mythology and religion dictionary OCR staged as a reference source; entries require terminology review and colonial-era framing must not become app voice. OCR staged at content/_staging/raw/english/classical_dictionary_hindu_mythology_dowson_1888_en.txt on 2026-07-05; IA metadata sidecar staged beside it.,staged_candidate
vedic_mythology_macdonell_1897_en,Vedic Mythology,reference/vedic_mythology,vedic,pan_indian,English,Roman/OCR,Arthur Anthony Macdonell,none,Internet Archive University of Toronto scan,1897,Internet Archive,https://archive.org/details/vedicmythology00macduoft,scan_ocr,TXT/JSON metadata,Internet Archive scan metadata; public-domain edition likely; IA terms apply,Pre-1929 publication; public domain in USA likely; verify jurisdiction and scan status,Yes for staging,Yes after review,Yes after OCR/legal review,"Yes, can ingest after OCR cleanup/legal/content review","Credit Internet Archive, source library, and Arthur Anthony Macdonell; preserve archive identifier",Yes if public-domain status applies in deployment jurisdiction,No for public-domain edition; scan terms still need review,Medium,Medium,legal; OCR review; Vedic review; mythology review; reference segmentation,"Macdonell's Vedic Mythology OCR staged for deity, hymn, and concept reference support; use as secondary scholarship with dated framing review. OCR staged at content/_staging/raw/english/vedic_mythology_macdonell_1897_en.txt on 2026-07-05; IA metadata sidecar staged beside it.",staged_candidate
vedic_reader_macdonell_1917_en,A Vedic Reader for Students,veda/reader,vedic,pan_indian,English,Roman/OCR,Arthur Anthony Macdonell,none,Internet Archive University of California scan,1917,Internet Archive,https://archive.org/details/vedicreaderforst00macd,scan_ocr,TXT/JSON metadata,Internet Archive scan metadata; public-domain edition likely; IA terms apply,Pre-1929 publication; public domain in USA likely; verify jurisdiction and scan status,Yes for staging,Yes after review,Yes after OCR/legal review,"Yes, can ingest after OCR cleanup/legal/content review","Credit Internet Archive, source library, and Arthur Anthony Macdonell; preserve archive identifier",Yes if public-domain status applies in deployment jurisdiction,No for public-domain edition; scan terms still need review,Medium,Hard,legal; OCR review; Vedic review; Sanskrit/English alignment; student-notes boundary review; hymn segmentation,"Macdonell's Vedic Reader OCR staged for Rigveda hymn selections, vocabulary, and notes; separate Sanskrit text, translation, vocabulary, and grammar before retrieval use. OCR staged at content/_staging/raw/english/vedic_reader_macdonell_1917_en.txt on 2026-07-05; IA metadata sidecar staged beside it.",staged_candidate
religion_philosophy_veda_upanishads_keith_part1_1925_en,"The Religion and Philosophy of the Veda and Upanishads, Part 1",secondary/vedic_upanishad,vedic/vedanta,pan_indian,English,Roman/OCR,Arthur Berriedale Keith,none,Internet Archive DLI scan,1925,Internet Archive,https://archive.org/details/in.ernet.dli.2015.33654,scan_ocr,TXT/JSON metadata,Internet Archive scan metadata; public-domain edition likely; IA terms apply,Pre-1929 publication; public domain in USA likely; verify jurisdiction and scan status,Yes for staging,Yes after review,Yes after OCR/legal review,"Yes, can ingest after OCR cleanup/legal/content review","Credit Internet Archive, source library, and Arthur Berriedale Keith; preserve archive identifier",Yes if public-domain status applies in deployment jurisdiction,No for public-domain edition; scan terms still need review,Medium,Hard,legal; OCR review; Vedic review; Upanishad review; historical framing review; segmentation,Keith's Veda and Upanishads study part 1 OCR staged as secondary scholarly context; do not present interpretive claims as scripture or app doctrine. OCR staged at content/_staging/raw/english/religion_philosophy_veda_upanishads_keith_part1_1925_en.txt on 2026-07-05; IA metadata sidecar staged beside it.,staged_candidate
religion_philosophy_veda_upanishads_keith_part2_1925_en,"The Religion and Philosophy of the Veda and Upanishads, Part 2",secondary/vedic_upanishad,vedic/vedanta,pan_indian,English,Roman/OCR,Arthur Berriedale Keith,none,Internet Archive DLI scan,1925,Internet Archive,https://archive.org/details/in.ernet.dli.2015.228867,scan_ocr,TXT/JSON metadata,Internet Archive scan metadata; public-domain edition likely; IA terms apply,Pre-1929 publication; public domain in USA likely; verify jurisdiction and scan status,Yes for staging,Yes after review,Yes after OCR/legal review,"Yes, can ingest after OCR cleanup/legal/content review","Credit Internet Archive, source library, and Arthur Berriedale Keith; preserve archive identifier",Yes if public-domain status applies in deployment jurisdiction,No for public-domain edition; scan terms still need review,Medium,Hard,legal; OCR review; Vedic review; Upanishad review; historical framing review; segmentation,Keith's Veda and Upanishads study part 2 OCR staged as secondary scholarly context; pair with part 1 and source-bound interpretation carefully. OCR staged at content/_staging/raw/english/religion_philosophy_veda_upanishads_keith_part2_1925_en.txt on 2026-07-05; IA metadata sidecar staged beside it.,staged_candidate
hindu_mysticism_dasgupta_1927_en,Hindu Mysticism: Six Lectures,secondary/mysticism,general/vedanta/yoga,pan_indian,English,Roman/OCR,Surendranath Dasgupta,none,Internet Archive University of California scan,1927,Internet Archive,https://archive.org/details/hindumysticismsi00dasg_0,scan_ocr,TXT/JSON metadata,Internet Archive scan metadata; public-domain edition likely; IA terms apply,Pre-1929 publication; public domain in USA likely; verify jurisdiction and scan status,Yes for staging,Yes after review,Yes after OCR/legal review,"Yes, can ingest after OCR cleanup/legal/content review","Credit Internet Archive, source library, and Surendranath Dasgupta; preserve archive identifier",Yes if public-domain status applies in deployment jurisdiction,No for public-domain edition; scan terms still need review,Medium,Medium,legal; OCR review; mysticism review; Vedanta/Yoga review; lecture-boundary review; segmentation,Dasgupta's Hindu Mysticism lectures OCR staged for cross-tradition conceptual context; keep lecture interpretation separate from primary sources. OCR staged at content/_staging/raw/english/hindu_mysticism_dasgupta_1927_en.txt on 2026-07-05; IA metadata sidecar staged beside it.,staged_candidate
religion_of_veda_bloomfield_1908_en,The Religion of the Veda,secondary/vedic_religion,vedic,pan_indian,English,Roman/OCR,Maurice Bloomfield,none,Internet Archive University of Toronto scan,1908,Internet Archive,https://archive.org/details/religionveda00bloouoft,scan_ocr,TXT/JSON metadata,Internet Archive scan metadata; public-domain edition likely; IA terms apply,Pre-1929 publication; public domain in USA likely; verify jurisdiction and scan status,Yes for staging,Yes after review,Yes after OCR/legal review,"Yes, can ingest after OCR cleanup/legal/content review","Credit Internet Archive, source library, and Maurice Bloomfield; preserve archive identifier",Yes if public-domain status applies in deployment jurisdiction,No for public-domain edition; scan terms still need review,Medium,Medium,legal; OCR review; Vedic review; historical framing review; segmentation,Bloomfield's Vedic religion study OCR staged for historical context from Rigveda to Upanishads; review dated scholarly framing before any user-facing use. OCR staged at content/_staging/raw/english/religion_of_veda_bloomfield_1908_en.txt on 2026-07-05; IA metadata sidecar staged beside it.,staged_candidate
vedic_index_macdonell_keith_vol1_1912_en,"Vedic Index of Names and Subjects, Vol. 1",reference/vedic_index,vedic,pan_indian,English,Roman/OCR,Arthur Anthony Macdonell and Arthur Berriedale Keith,none,Internet Archive University of Toronto scan,1912,Internet Archive,https://archive.org/details/vedicindexofname01macduoft,scan_ocr,TXT/JSON metadata,Internet Archive scan metadata; public-domain edition likely; IA terms apply,Pre-1929 publication; public domain in USA likely; verify jurisdiction and scan status,Yes for staging,Yes after review,Yes after OCR/legal review,"Yes, can ingest after OCR cleanup/legal/content review","Credit Internet Archive, source library, and Arthur Anthony Macdonell and Arthur Berriedale Keith; preserve archive identifier",Yes if public-domain status applies in deployment jurisdiction,No for public-domain edition; scan terms still need review,Medium,Hard,legal; OCR review; Vedic review; reference-entry segmentation; terminology review,"Vedic Index volume 1 OCR staged as a high-value reference source for names, places, and terms; entry-level segmentation and terminology review are required. OCR staged at content/_staging/raw/english/vedic_index_macdonell_keith_vol1_1912_en.txt on 2026-07-05; IA metadata sidecar staged beside it.",staged_candidate
vedic_index_macdonell_keith_vol2_1912_en,"Vedic Index of Names and Subjects, Vol. 2",reference/vedic_index,vedic,pan_indian,English,Roman/OCR,Arthur Anthony Macdonell and Arthur Berriedale Keith,none,Internet Archive University of Toronto scan,1912,Internet Archive,https://archive.org/details/vedicindexofname02macduoft,scan_ocr,TXT/JSON metadata,Internet Archive scan metadata; public-domain edition likely; IA terms apply,Pre-1929 publication; public domain in USA likely; verify jurisdiction and scan status,Yes for staging,Yes after review,Yes after OCR/legal review,"Yes, can ingest after OCR cleanup/legal/content review","Credit Internet Archive, source library, and Arthur Anthony Macdonell and Arthur Berriedale Keith; preserve archive identifier",Yes if public-domain status applies in deployment jurisdiction,No for public-domain edition; scan terms still need review,Medium,Hard,legal; OCR review; Vedic review; reference-entry segmentation; terminology review,Vedic Index volume 2 OCR staged as the companion reference source; entry-level segmentation and cross-volume deduplication are required. OCR staged at content/_staging/raw/english/vedic_index_macdonell_keith_vol2_1912_en.txt on 2026-07-05; IA metadata sidecar staged beside it.,staged_candidate
hindu_feasts_fasts_ceremonies_sastri_1903_en,"Hindu Feasts, Fasts and Ceremonies",practice/festivals,general,south_india/pan_indian,English,Roman/OCR,S. M. Natesa Sastri,none,Internet Archive University of Toronto scan,1903,Internet Archive,https://archive.org/details/hindufeastsfasts00sastuoft,scan_ocr,TXT/JSON metadata,Internet Archive scan metadata; public-domain edition likely; IA terms apply,Pre-1929 publication; public domain in USA likely; verify jurisdiction and scan status,Yes for staging,Yes after review,Yes after OCR/legal review,"Yes, can ingest after OCR cleanup/legal/content review","Credit Internet Archive, source library, and S. M. Natesa Sastri; preserve archive identifier",Yes if public-domain status applies in deployment jurisdiction,No for public-domain edition; scan terms still need review,Medium,Medium,legal; OCR review; festival review; regional practice review; sensitive practice review; segmentation,"Natesa Sastri's feasts, fasts, and ceremonies OCR staged for festival/practice context; regional and dated-practice caveats are required before use. OCR staged at content/_staging/raw/english/hindu_feasts_fasts_ceremonies_sastri_1903_en.txt on 2026-07-05; IA metadata sidecar staged beside it.",staged_candidate
hindu_fasts_feasts_mukerji_1918_en,Hindu Fasts and Feasts,practice/festivals,general,north_india/pan_indian,English,Roman/OCR,Abhay Charan Mukerji,none,Internet Archive Cornell scan,1918,Internet Archive,https://archive.org/details/hindufastsfeasts00muke,scan_ocr,TXT/JSON metadata,Internet Archive scan metadata; public-domain edition likely; IA terms apply,Pre-1929 publication; public domain in USA likely; verify jurisdiction and scan status,Yes for staging,Yes after review,Yes after OCR/legal review,"Yes, can ingest after OCR cleanup/legal/content review","Credit Internet Archive, source library, and Abhay Charan Mukerji; preserve archive identifier",Yes if public-domain status applies in deployment jurisdiction,No for public-domain edition; scan terms still need review,Medium,Medium,legal; OCR review; festival review; regional practice review; sensitive practice review; segmentation,Mukerji's Hindu Fasts and Feasts OCR staged for festival/practice context; distinguish descriptive historical material from guidance. OCR staged at content/_staging/raw/english/hindu_fasts_feasts_mukerji_1918_en.txt on 2026-07-05; IA metadata sidecar staged beside it.,staged_candidate
prem_sagar_eastwick_1851_en,"The Prem Sagar; or, The Ocean of Love",vaishnava/krishna_literature,vaishnava/krishna_bhakti,north_india,English,Roman/OCR,Edward Backhouse Eastwick,Chaturbhuj Misr,Internet Archive University of California scan,1851,Internet Archive,https://archive.org/details/premsgarorocea00chat,scan_ocr,TXT/JSON metadata,Internet Archive scan metadata; public-domain edition likely; IA terms apply,Pre-1929 publication; public domain in USA likely; verify jurisdiction and scan status,Yes for staging,Yes after review,Yes after OCR/legal review,"Yes, can ingest after OCR cleanup/legal/content review","Credit Internet Archive, source library, and Edward Backhouse Eastwick; preserve archive identifier",Yes if public-domain status applies in deployment jurisdiction,No for public-domain edition; scan terms still need review,Medium,Hard,legal; OCR review; Vaishnava review; Hindi/English alignment; Bhagavata-derived story review; segmentation,"Prem Sagar OCR staged for Krishna-bhakti narrative coverage derived from the tenth book of the Bhagavata; separate Hindi text, English translation, notes, and story boundaries before retrieval use. OCR staged at content/_staging/raw/english/prem_sagar_eastwick_1851_en.txt on 2026-07-05; IA metadata sidecar staged beside it.",staged_candidate
panchatantra_ryder_1925_en,The Panchatantra,story/ethics/niti,general,pan_indian,English,Roman/OCR,Arthur W. Ryder,none,Internet Archive scan of 1925 University of Chicago edition,1925,Internet Archive,https://archive.org/details/panchatantra0000arth,scan_ocr,TXT/JSON metadata,Internet Archive scan metadata; public-domain edition likely; IA terms apply,Pre-1929 publication; public domain in USA likely; verify jurisdiction and scan status,Yes for staging,Yes after review,Yes after OCR/legal review,"Yes, can ingest after OCR cleanup/legal/content review","Credit Internet Archive, source library, and Arthur W. Ryder; preserve archive identifier",Yes if public-domain status applies in deployment jurisdiction,No for public-domain edition; scan terms still need review,Medium,Medium,legal; OCR review; Sanskrit story review; ethics/niti review; segmentation,Ryder's Panchatantra OCR staged for Sanskrit story and niti coverage; animal-fable morals must be source-labeled and not treated as scripture. OCR staged at content/_staging/raw/english/panchatantra_ryder_1925_en.txt on 2026-07-05; IA metadata sidecar staged beside it.,staged_candidate
hitopadesa_wilkins_1886_en,"Fables and Proverbs from the Sanskrit, Being the Hitopadesa",story/ethics/niti,general,pan_indian,English,Roman/OCR,Charles Wilkins,none,Internet Archive University of Toronto scan,1886,Internet Archive,https://archive.org/details/fablesproverbsfr00wilkuoft,scan_ocr,TXT/JSON metadata,Internet Archive scan metadata; public-domain edition likely; IA terms apply,Pre-1929 publication; public domain in USA likely; verify jurisdiction and scan status,Yes for staging,Yes after review,Yes after OCR/legal review,"Yes, can ingest after OCR cleanup/legal/content review","Credit Internet Archive, source library, and Charles Wilkins; preserve archive identifier",Yes if public-domain status applies in deployment jurisdiction,No for public-domain edition; scan terms still need review,Medium,Medium,legal; OCR review; Sanskrit story review; ethics/niti review; segmentation,Wilkins's Hitopadesa translation OCR staged for Sanskrit fable and proverb coverage; deduplicate against anthology excerpts already staged. OCR staged at content/_staging/raw/english/hitopadesa_wilkins_1886_en.txt on 2026-07-05; IA metadata sidecar staged beside it.,staged_candidate
psalms_maratha_saints_macnicol_1919_en,Psalms of Maratha Saints,bhakti/poetry,varkari/marathi_bhakti,maharashtra,English,Roman/OCR,Nicol Macnicol,none,Internet Archive University of Toronto scan,1919,Internet Archive,https://archive.org/details/psalmsofmarathas00macnuoft,scan_ocr,TXT/JSON metadata,Internet Archive scan metadata; public-domain edition likely; IA terms apply,Pre-1929 publication; public domain in USA likely; verify jurisdiction and scan status,Yes for staging,Yes after review,Yes after OCR/legal review,"Yes, can ingest after OCR cleanup/legal/content review","Credit Internet Archive, source library, and Nicol Macnicol; preserve archive identifier",Yes if public-domain status applies in deployment jurisdiction,No for public-domain edition; scan terms still need review,Medium,Medium,legal; OCR review; Marathi bhakti review; poetic translation review; attribution; segmentation,Macnicol's translations of one hundred and eight Marathi bhakti hymns OCR staged for Varkari/Maratha saint coverage; poem-level attribution and dated framing review are required. OCR staged at content/_staging/raw/english/psalms_maratha_saints_macnicol_1919_en.txt on 2026-07-05; IA metadata sidecar staged beside it.,staged_candidate
bijak_kabir_ahmad_shah_1917_en,The Bijak of Kabir,bhakti/sant,sant/kabir,north_india,English,Roman/OCR,Ahmad Shah,Kabir,Internet Archive University of Toronto scan,1917,Internet Archive,https://archive.org/details/bijakofkabirtran00kabiuoft,scan_ocr,TXT/JSON metadata,Internet Archive scan metadata; public-domain edition likely; IA terms apply,Pre-1929 publication; public domain in USA likely; verify jurisdiction and scan status,Yes for staging,Yes after review,Yes after OCR/legal review,"Yes, can ingest after OCR cleanup/legal/content review","Credit Internet Archive, source library, and Ahmad Shah; preserve archive identifier",Yes if public-domain status applies in deployment jurisdiction,No for public-domain edition; scan terms still need review,Medium,Hard,legal; OCR review; Sant/Kabir review; Hindi/English alignment; poetic translation review; segmentation,Ahmad Shah's English Bijak translation OCR staged as a Kabir/Sant source; source-language alignment and sectarian terminology require specialist review. OCR staged at content/_staging/raw/english/bijak_kabir_ahmad_shah_1917_en.txt on 2026-07-05; IA metadata sidecar staged beside it.,staged_candidate
mystics_ascetics_saints_oman_1905_en,"The Mystics, Ascetics, and Saints of India",secondary/saints/asceticism,general,pan_indian,English,Roman/OCR,John Campbell Oman,none,Internet Archive University of California scan,1905,Internet Archive,https://archive.org/details/mysticsasceticss00oman,scan_ocr,TXT/JSON metadata,Internet Archive scan metadata; public-domain edition likely; IA terms apply,Pre-1929 publication; public domain in USA likely; verify jurisdiction and scan status,Yes for staging,Yes after review,Yes after OCR/legal review,"Yes, can ingest after OCR cleanup/legal/content review","Credit Internet Archive, source library, and John Campbell Oman; preserve archive identifier",Yes if public-domain status applies in deployment jurisdiction,No for public-domain edition; scan terms still need review,Medium,Medium,legal; OCR review; saints/asceticism review; colonial framing review; sensitive practice review; segmentation,"Oman's study of sadhus, yogis, sanyasis, bairagis, and related groups OCR staged as historical context only; colonial and sensational framing must not become app voice. OCR staged at content/_staging/raw/english/mystics_ascetics_saints_oman_1905_en.txt on 2026-07-05; IA metadata sidecar staged beside it.",staged_candidate
matsya_puranam_taluqdar_vol1_1916_en,"The Matsya Puranam, Part 1",purana,general/vaishnava,pan_indian,English,Roman/OCR,A Taluqdar of Oudh,none,"Internet Archive DLI scan, Sacred Books of the Hindus",1916,Internet Archive,https://archive.org/details/in.ernet.dli.2015.45856,scan_ocr,TXT/JSON metadata,Internet Archive scan metadata; public-domain edition likely; IA terms apply,Pre-1929 publication; public domain in USA likely; verify jurisdiction and scan status,Yes for staging,Yes after review,Yes after OCR/legal review,"Yes, can ingest after OCR cleanup/legal/content review","Credit Internet Archive, source library, and A Taluqdar of Oudh; preserve archive identifier",Yes if public-domain status applies in deployment jurisdiction,No for public-domain edition; scan terms still need review,Medium,Hard,legal; OCR review; Purana review; Sanskrit/English alignment; partial-volume boundary review; segmentation,Matsya Purana part 1 OCR staged from the Sacred Books of the Hindus translation series; pair with part 2 and verify chapter coverage before retrieval use. OCR staged at content/_staging/raw/english/matsya_puranam_taluqdar_vol1_1916_en.txt on 2026-07-05; IA metadata sidecar staged beside it.,staged_candidate
matsya_puranam_taluqdar_vol2_1917_en,"The Matsya Puranam, Part 2",purana,general/vaishnava,pan_indian,English,Roman/OCR,A Taluqdar of Oudh,none,"Internet Archive DLI scan, Sacred Books of the Hindus",1917,Internet Archive,https://archive.org/details/in.ernet.dli.2015.45858,scan_ocr,TXT/JSON metadata,Internet Archive scan metadata; public-domain edition likely; IA terms apply,Pre-1929 publication; public domain in USA likely; verify jurisdiction and scan status,Yes for staging,Yes after review,Yes after OCR/legal review,"Yes, can ingest after OCR cleanup/legal/content review","Credit Internet Archive, source library, and A Taluqdar of Oudh; preserve archive identifier",Yes if public-domain status applies in deployment jurisdiction,No for public-domain edition; scan terms still need review,Medium,Hard,legal; OCR review; Purana review; Sanskrit/English alignment; partial-volume boundary review; segmentation,Matsya Purana part 2 OCR staged from the Sacred Books of the Hindus translation series; pair with part 1 and verify chapter coverage before retrieval use. OCR staged at content/_staging/raw/english/matsya_puranam_taluqdar_vol2_1917_en.txt on 2026-07-05; IA metadata sidecar staged beside it.,staged_candidate
brahma_vaivarta_puranam_sen_brahma_prakriti_1920_en,Brahma-Vaivarta Puranam: Brahma and Prakriti Khandas,purana/krishna_shakta,vaishnava/shakta,pan_indian,English,Roman/OCR,Rajendra Nath Sen,none,Internet Archive Central Secretariat Library scan,1920,Internet Archive,https://archive.org/details/dli.csl.4679,scan_ocr,TXT/JSON metadata,Internet Archive scan metadata; public-domain edition likely; IA terms apply,Pre-1929 publication; public domain in USA likely; verify jurisdiction and scan status,Yes for staging,Yes after review,Yes after OCR/legal review,"Yes, can ingest after OCR cleanup/legal/content review","Credit Internet Archive, source library, and Rajendra Nath Sen; preserve archive identifier",Yes if public-domain status applies in deployment jurisdiction,No for public-domain edition; scan terms still need review,Medium,Hard,legal; OCR review; Purana review; Krishna/Shakta review; partial-khanda boundary review; Sanskrit/English alignment; segmentation,Brahma and Prakriti khandas of the Brahma Vaivarta Purana OCR staged; this is not the complete Purana and must be labeled as partial coverage. OCR staged at content/_staging/raw/english/brahma_vaivarta_puranam_sen_brahma_prakriti_1920_en.txt on 2026-07-05; IA metadata sidecar staged beside it.,staged_candidate
vivekachudamani_madhavananda_1921_en,Vivekachudamani of Sri Sankaracharya,vedanta/advaita/prakarana,advaita,pan_indian,English,Roman/OCR,Swami Madhavananda,Adi Sankaracharya,"Internet Archive microform scan, Advaita Ashrama Himalayan Series",1921,Internet Archive,https://archive.org/details/vivekachudamanio00sankrich,scan_ocr,TXT/JSON metadata,Internet Archive scan metadata; public-domain edition likely; IA terms apply,Pre-1929 publication; public domain in USA likely; verify jurisdiction and scan status,Yes for staging,Yes after review,Yes after OCR/legal review,"Yes, can ingest after OCR cleanup/legal/content review","Credit Internet Archive, source library, and Swami Madhavananda; preserve archive identifier",Yes if public-domain status applies in deployment jurisdiction,No for public-domain edition; scan terms still need review,Medium,Hard,legal; OCR review; Advaita review; Sanskrit/English alignment; commentary/notes boundary review; segmentation,"Madhavananda's Vivekachudamani text, translation, notes, and index OCR staged as an Advaita prakarana source; separate Sanskrit text, translation, notes, and index before retrieval use. OCR staged at content/_staging/raw/english/vivekachudamani_madhavananda_1921_en.txt on 2026-07-05; IA metadata sidecar staged beside it.",staged_candidate
prabodha_chandrodaya_atma_bodha_taylor_1893_en,Prabodha Chandrodaya and Atma Bodha,vedanta/advaita/drama_prakarana,advaita,pan_indian,English,Roman/OCR,J. Taylor,Krishna Misra; Adi Sankaracharya,"Internet Archive microform scan, second edition",1893?,Internet Archive,https://archive.org/details/prabdhachandr00krsnrich,scan_ocr,TXT/JSON metadata,Internet Archive scan metadata; public-domain edition likely; IA terms apply,Pre-1929 publication; public domain in USA likely; verify jurisdiction and scan status,Yes for staging,Yes after review,Yes after OCR/legal review,"Yes, can ingest after OCR cleanup/legal/content review","Credit Internet Archive, source library, and J. Taylor; preserve archive identifier",Yes if public-domain status applies in deployment jurisdiction,No for public-domain edition; scan terms still need review,Medium,Hard,legal; OCR review; Advaita review; Sanskrit/Prakrit/English alignment; drama/source-boundary review; segmentation,Taylor's translations of Prabodha Chandrodaya and Atma Bodha OCR staged for Advaita allegorical drama and concise prakarana coverage; verify edition date and source boundaries before use. OCR staged at content/_staging/raw/english/prabodha_chandrodaya_atma_bodha_taylor_1893_en.txt on 2026-07-05; IA metadata sidecar staged beside it.,staged_candidate
bhagavad_gita_besant_bhagavan_das_1905_en,The Bhagavad Gita,gita/translation,general/theosophical,pan_indian,English,Roman/OCR,Annie Besant and Bhagavan Das,none,"Internet Archive scan, 1905 Theosophical Publishing Society edition",1905,Internet Archive,https://archive.org/details/wg1100,scan_ocr,TXT/JSON metadata,Internet Archive scan metadata; public-domain edition likely; IA terms apply,Pre-1929 publication; public domain in USA likely; verify jurisdiction and scan status,Yes for staging,Yes after review,Yes after OCR/legal review,"Yes, can ingest after OCR cleanup/legal/content review","Credit Internet Archive, source library, and Annie Besant and Bhagavan Das; preserve archive identifier",Yes if public-domain status applies in deployment jurisdiction,No for public-domain edition; scan terms still need review,Medium,Medium,legal; OCR review; Gita review; theosophical framing review; duplicate Gita translation review; Sanskrit/English alignment; segmentation,"Besant and Bhagavan Das Bhagavad Gita OCR staged as another early English Gita translation; compare with Arnold, Chatterji, Telang/SBE, Sankara-bhashya, and other staged Gita editions before passage use. OCR staged at content/_staging/raw/english/bhagavad_gita_besant_bhagavan_das_1905_en.txt on 2026-07-05; IA metadata sidecar staged beside it.",staged_candidate
bhagavad_gita_davies_1889_en,"Hindu Philosophy: The Bhagavad Gita; or, The Sacred Lay",gita/translation,general,pan_indian,English,Roman/OCR,John Davies,none,Internet Archive University of Toronto scan,1889,Internet Archive,https://archive.org/details/hinduphilosophyb00daviuoft,scan_ocr,TXT/JSON metadata,Internet Archive scan metadata; public-domain edition likely; IA terms apply,Pre-1929 publication; public domain in USA likely; verify jurisdiction and scan status,Yes for staging,Yes after review,Yes after OCR/legal review,"Yes, can ingest after OCR cleanup/legal/content review","Credit Internet Archive, source library, and John Davies; preserve archive identifier",Yes if public-domain status applies in deployment jurisdiction,No for public-domain edition; scan terms still need review,Medium,Medium,legal; OCR review; Gita review; colonial framing review; duplicate Gita translation review; Sanskrit/English alignment; segmentation,Davies's Bhagavad Gita translation OCR staged as an older English rendering; compare translation choices and introductory framing against other staged Gita sources. OCR staged at content/_staging/raw/english/bhagavad_gita_davies_1889_en.txt on 2026-07-05; IA metadata sidecar staged beside it.,staged_candidate
srimad_bhagavad_gita_swarupananda_1909_en,Shrimad Bhagavad Gita,gita/translation,advaita/ramakrishna,pan_indian,English,Roman/OCR,Swami Swarupananda,none,"Internet Archive DLI scan, Advaita Ashrama edition",1909,Internet Archive,https://archive.org/details/in.ernet.dli.2015.237563,scan_ocr,TXT/JSON metadata,Internet Archive scan metadata; public-domain edition likely; IA terms apply,Pre-1929 publication; public domain in USA likely; verify jurisdiction and scan status,Yes for staging,Yes after review,Yes after OCR/legal review,"Yes, can ingest after OCR cleanup/legal/content review","Credit Internet Archive, source library, and Swami Swarupananda; preserve archive identifier",Yes if public-domain status applies in deployment jurisdiction,No for public-domain edition; scan terms still need review,Medium,Medium,legal; OCR review; Gita review; Advaita/Ramakrishna lineage review; duplicate Gita translation review; Sanskrit/English alignment; segmentation,Swarupananda's Srimad Bhagavad Gita OCR staged as an Advaita Ashrama Gita rendering; duplicate translation review and Sanskrit/English alignment are required before use. OCR staged at content/_staging/raw/english/srimad_bhagavad_gita_swarupananda_1909_en.txt on 2026-07-05; IA metadata sidecar staged beside it.,staged_candidate
ramayana_tulsidas_growse_1914_en,The Ramayana of Tulsi Das,ramayana/bhakti,rama_bhakti,north_india,English,Roman/OCR,F. S. Growse,Tulsidas,"Internet Archive University of Toronto scan, sixth edition",1914,Internet Archive,https://archive.org/details/rmyanaoftuls00tulauoft,scan_ocr,TXT/JSON metadata,Internet Archive scan metadata; public-domain edition likely; IA terms apply,Pre-1929 publication; public domain in USA likely; verify jurisdiction and scan status,Yes for staging,Yes after review,Yes after OCR/legal review,"Yes, can ingest after OCR cleanup/legal/content review","Credit Internet Archive, source library, and F. S. Growse; preserve archive identifier",Yes if public-domain status applies in deployment jurisdiction,No for public-domain edition; scan terms still need review,Medium,Hard,legal; OCR review; Rama bhakti review; Awadhi/Hindi/English alignment; edition boundary review; segmentation,Growse's English Ramayana of Tulsidas OCR staged for Ramcharitmanas/Rama-bhakti coverage; verify canto/chapter coverage and distinguish translator notes from translated text. OCR staged at content/_staging/raw/english/ramayana_tulsidas_growse_1914_en.txt on 2026-07-05; IA metadata sidecar staged beside it.,staged_candidate
ekanath_bhaktalilamrita_abbott_1927_en,Ekanath: A Translation from the Bhaktalilamrita,bhakti/hagiography,varkari/marathi_bhakti,maharashtra,English,Roman/OCR,Justin E. Abbott,Mahipati,"Internet Archive scan, Poet-Saints of Maharashtra No. 2",1927,Internet Archive,https://archive.org/details/Ekanath.Bhaktalilamrita,scan_ocr,TXT/JSON metadata,Internet Archive scan metadata; public-domain edition likely; IA terms apply,Pre-1929 publication; public domain in USA likely; verify jurisdiction and scan status,Yes for staging,Yes after review,Yes after OCR/legal review,"Yes, can ingest after OCR cleanup/legal/content review","Credit Internet Archive, source library, and Justin E. Abbott; preserve archive identifier",Yes if public-domain status applies in deployment jurisdiction,No for public-domain edition; scan terms still need review,Medium,Medium,legal; OCR review; Marathi bhakti review; hagiography review; source-boundary review; segmentation,Abbott's Ekanath translation from Bhaktalilamrita OCR staged for Varkari saint coverage; existing metadata-only lead remains for audit history. OCR staged at content/_staging/raw/english/ekanath_bhaktalilamrita_abbott_1927_en.txt on 2026-07-05; IA metadata sidecar staged beside it.,staged_candidate
bhanudas_bhaktavijaya_abbott_1926_en,Bhanudas,bhakti/hagiography,varkari/marathi_bhakti,maharashtra,English,Roman/OCR,Justin E. Abbott,Mahipati,"Internet Archive DLI scan, Poet-Saints of Maharashtra No. 1",1926,Internet Archive,https://archive.org/details/dli.ernet.236982,scan_ocr,TXT/JSON metadata,Internet Archive scan metadata; public-domain edition likely; IA terms apply,Pre-1929 publication; public domain in USA likely; verify jurisdiction and scan status,Yes for staging,Yes after review,Yes after OCR/legal review,"Yes, can ingest after OCR cleanup/legal/content review","Credit Internet Archive, source library, and Justin E. Abbott; preserve archive identifier",Yes if public-domain status applies in deployment jurisdiction,No for public-domain edition; scan terms still need review,Medium,Medium,legal; OCR review; Marathi bhakti review; hagiography review; Marathi appendix boundary review; segmentation,Abbott's Bhanudas translation from Bhaktavijaya chapters 42-43 OCR staged for Varkari saint coverage; separate English translation from Marathi appendix before retrieval use. OCR staged at content/_staging/raw/english/bhanudas_bhaktavijaya_abbott_1926_en.txt on 2026-07-05; IA metadata sidecar staged beside it.,staged_candidate
bahina_bai_autobiography_verses_abbott_1929_en,Bahina Bai: A Translation of Her Autobiography and Verses,bhakti/autobiography/poetry,varkari/marathi_bhakti,maharashtra,English,Roman/OCR,Justin E. Abbott,Bahina Bai,"Internet Archive DLI scan, Poet-Saints of Maharashtra No. 5",1929,Internet Archive,https://archive.org/details/in.ernet.dli.2015.61668,scan_ocr,TXT/JSON metadata,Internet Archive scan metadata; public-domain edition likely; IA terms apply,Pre-1929 publication; public domain in USA likely; verify jurisdiction and scan status,Yes for staging,Yes after review,Yes after OCR/legal review,"Yes, can ingest after OCR cleanup/legal/content review","Credit Internet Archive, source library, and Justin E. Abbott; preserve archive identifier",Yes if public-domain status applies in deployment jurisdiction,No for public-domain edition; scan terms still need review,Medium,Medium,legal; OCR review; Marathi bhakti review; women's devotional literature review; autobiography/verse boundary review; segmentation,"Abbott's Bahina Bai autobiography and selected verses OCR staged for women's Marathi bhakti coverage; preserve autobiography, poem, and translator-note boundaries. OCR staged at content/_staging/raw/english/bahina_bai_autobiography_verses_abbott_1929_en.txt on 2026-07-05; IA metadata sidecar staged beside it.",staged_candidate
principles_of_tantra_tantratattva_part1_1914_en,"Principles of Tantra: Tantratattva, Part 1",tantra/shakta,shakta/tantra,bengal/pan_indian,English,Roman/OCR,Jnanendralal Majumdar,Shiva Chandra Vidyarnava; Arthur Avalon,Internet Archive DLI Bengal scan,1914,Internet Archive,https://archive.org/details/dli.bengal.10689.636,scan_ocr,TXT/JSON metadata,Internet Archive scan metadata; public-domain edition likely; IA terms apply,Pre-1929 publication; public domain in USA likely; verify jurisdiction and scan status,Yes for staging,Yes after review,Yes after OCR/legal review,"Yes, can ingest after OCR cleanup/legal/content review","Credit Internet Archive, source library, and Jnanendralal Majumdar; preserve archive identifier",Yes if public-domain status applies in deployment jurisdiction,No for public-domain edition; scan terms still need review,Medium,Hard,legal; OCR review; Shakta/Tantra review; practice safety review; source-boundary review; Sanskrit/Bengali/English alignment; segmentation,Principles of Tantra part 1 OCR staged as a Shakta/Tantra doctrinal and ritual source; separate translator/editor framing from source text and apply practice-safety review before use. OCR staged at content/_staging/raw/english/principles_of_tantra_tantratattva_part1_1914_en.txt on 2026-07-05; IA metadata sidecar staged beside it.,staged_candidate
principles_of_tantra_tantratattva_part2_1916_en,"Principles of Tantra: Tantratattva, Part 2",tantra/shakta,shakta/tantra,bengal/pan_indian,English,Roman/OCR,Jnanendralal Majumdar,Shiva Chandra Vidyarnava; Arthur Avalon,Internet Archive University of Illinois scan,1916,Internet Archive,https://archive.org/details/principlesoftant2852bhat,scan_ocr,TXT/JSON metadata,Internet Archive scan metadata; public-domain edition likely; IA terms apply,Pre-1929 publication; public domain in USA likely; verify jurisdiction and scan status,Yes for staging,Yes after review,Yes after OCR/legal review,"Yes, can ingest after OCR cleanup/legal/content review","Credit Internet Archive, source library, and Jnanendralal Majumdar; preserve archive identifier",Yes if public-domain status applies in deployment jurisdiction,No for public-domain edition; scan terms still need review,Medium,Hard,legal; OCR review; Shakta/Tantra review; practice safety review; source-boundary review; Sanskrit/Bengali/English alignment; segmentation,Principles of Tantra part 2 OCR staged as the companion Tantratattva volume; pair with part 1 and preserve translator/editor/source-text boundaries. OCR staged at content/_staging/raw/english/principles_of_tantra_tantratattva_part2_1916_en.txt on 2026-07-05; IA metadata sidecar staged beside it.,staged_candidate
serpent_power_avalon_1924_en,The Serpent Power,tantra/kundalini_yoga,shakta/tantra/yoga,pan_indian,English,Roman/OCR,Arthur Avalon,Purnananda Svami; Kalicharana,"Internet Archive DLI Ministry scan, second revised edition",1924,Internet Archive,https://archive.org/details/dli.ministry.06283,scan_ocr,TXT/JSON metadata,Internet Archive scan metadata; public-domain edition likely; IA terms apply,Pre-1929 publication; public domain in USA likely; verify jurisdiction and scan status,Yes for staging,Yes after review,Yes after OCR/legal review,"Yes, can ingest after OCR cleanup/legal/content review","Credit Internet Archive, source library, and Arthur Avalon; preserve archive identifier",Yes if public-domain status applies in deployment jurisdiction,No for public-domain edition; scan terms still need review,Medium,Hard,legal; OCR review; Shakta/Tantra review; Kundalini/Yoga safety review; Sanskrit/English alignment; commentary boundary review; segmentation,Avalon's Serpent Power OCR staged for Sat-chakra-nirupana and Paduka-pancaka coverage; practice instructions require strict source-boundary and safety review before any user-facing use. OCR staged at content/_staging/raw/english/serpent_power_avalon_1924_en.txt on 2026-07-05; IA metadata sidecar staged beside it.,staged_candidate
garland_of_letters_woodroffe_1922_en,The Garland of Letters,tantra/mantra_shastra,shakta/tantra,pan_indian,English,Roman/OCR,John Woodroffe,none,Internet Archive DLI scan,1922,Internet Archive,https://archive.org/details/in.ernet.dli.2015.274061,scan_ocr,TXT/JSON metadata,Internet Archive scan metadata; public-domain edition likely; IA terms apply,Pre-1929 publication; public domain in USA likely; verify jurisdiction and scan status,Yes for staging,Yes after review,Yes after OCR/legal review,"Yes, can ingest after OCR cleanup/legal/content review","Credit Internet Archive, source library, and John Woodroffe; preserve archive identifier",Yes if public-domain status applies in deployment jurisdiction,No for public-domain edition; scan terms still need review,Medium,Hard,legal; OCR review; Shakta/Tantra review; mantra safety review; terminology review; segmentation,Woodroffe's Garland of Letters OCR staged for mantra-shastra terminology and theory; do not surface mantra practice guidance without specialist review and safety framing. OCR staged at content/_staging/raw/english/garland_of_letters_woodroffe_1922_en.txt on 2026-07-05; IA metadata sidecar staged beside it.,staged_candidate
pancaratra_ahirbudhnya_samhita_schrader_1916_en,Introduction to the Pancaratra and the Ahirbudhnya Samhita,agama/vaishnava/pancaratra,vaishnava/pancaratra,pan_indian,English,Roman/OCR,F. Otto Schrader,none,Internet Archive University of Toronto scan,1916,Internet Archive,https://archive.org/details/introtothepancar00shcruoft,scan_ocr,TXT/JSON metadata,Internet Archive scan metadata; public-domain edition likely; IA terms apply,1930-or-earlier publication; public domain in USA likely as of 2026; verify jurisdiction and scan status,Yes for staging,Yes after review,Yes after OCR/legal review,"Yes, can ingest after OCR cleanup/legal/content review","Credit Internet Archive, source library, and F. Otto Schrader; preserve archive identifier",Yes if public-domain status applies in deployment jurisdiction,No for public-domain edition; scan terms still need review,Medium,Hard,legal; OCR review; Pancaratra review; Vaishnava Agama review; Sanskrit/English alignment; segmentation,"Schrader's Pancaratra and Ahirbudhnya Samhita introduction OCR staged to fill Vaishnava Agama/Pancaratra coverage; separate descriptive scholarship, translated passages, and source-text references. OCR staged at content/_staging/raw/english/pancaratra_ahirbudhnya_samhita_schrader_1916_en.txt on 2026-07-05; IA metadata sidecar staged beside it.",staged_candidate
vedanta_desika_narayanacharya_vol1_1917_en,"Sri Vedanta Desika, Vol. 1",vaishnava/sri_vaishnava/biography_theology,sri_vaishnava,south_india,English,Roman/OCR,K. Narayanacharya,none,Internet Archive Gita Press scan,1917,Internet Archive,https://archive.org/details/gss.srivedantadesika0000knar,scan_ocr,TXT/JSON metadata,Internet Archive scan metadata; public-domain edition likely; IA terms apply,1930-or-earlier publication; public domain in USA likely as of 2026; verify jurisdiction and scan status,Yes for staging,Yes after review,Yes after OCR/legal review,"Yes, can ingest after OCR cleanup/legal/content review","Credit Internet Archive, source library, and K. Narayanacharya; preserve archive identifier",Yes if public-domain status applies in deployment jurisdiction,No for public-domain edition; scan terms still need review,Medium,Hard,legal; OCR review; Sri Vaishnava review; biography/source-boundary review; Sanskrit/Tamil/English alignment,"Narayanacharya's Vedanta Desika volume OCR staged for Sri Vaishnava Acharya coverage; distinguish biography, translation, doctrinal summary, and devotional framing before ingestion. OCR staged at content/_staging/raw/english/vedanta_desika_narayanacharya_vol1_1917_en.txt on 2026-07-05; IA metadata sidecar staged beside it.",staged_candidate
hymns_of_alvars_hooper_1929_en,Hymns of the Alvars,bhakti/vaishnava/alvar_hymns,sri_vaishnava,tamil/south_india,English,Roman/OCR,J. S. M. Hooper,none,Internet Archive DLI scan,1929,Internet Archive,https://archive.org/details/in.ernet.dli.2015.164001,scan_ocr,TXT/JSON metadata,Internet Archive scan metadata; public-domain edition likely; IA terms apply,1930-or-earlier publication; public domain in USA likely as of 2026; verify jurisdiction and scan status,Yes for staging,Yes after review,Yes after OCR/legal review,"Yes, can ingest after OCR cleanup/legal/content review","Credit Internet Archive, source library, and J. S. M. Hooper; preserve archive identifier",Yes if public-domain status applies in deployment jurisdiction,No for public-domain edition; scan terms still need review,Medium,Hard,legal; OCR review; Sri Vaishnava review; Tamil/English alignment; hymn attribution; segmentation,Hooper's English Alvar hymn selections OCR staged to improve Tamil Vaishnava devotional coverage; preserve individual Alvar attribution and avoid treating selections as the full Divya Prabandham. OCR staged at content/_staging/raw/english/hymns_of_alvars_hooper_1929_en.txt on 2026-07-05; IA metadata sidecar staged beside it.,staged_candidate
chaitanya_upadesh_vol1_1919_en,"Shri Shri Chaitanya-upadesh, Vol. 1",vaishnava/gaudiya/teachings,gaudiya_vaishnava,bengal/east_india,English,Roman/OCR,Not available in IA metadata,none,Internet Archive DLI scan,1919,Internet Archive,https://archive.org/details/in.ernet.dli.2015.92361,scan_ocr,TXT/JSON metadata,Internet Archive scan metadata; public-domain edition likely; IA terms apply,1930-or-earlier publication; public domain in USA likely as of 2026; verify jurisdiction and scan status,Yes for staging,Yes after review,Yes after OCR/legal review,"Yes, can ingest after OCR cleanup/legal/content review","Credit Internet Archive, source library, and Not available in IA metadata; preserve archive identifier",Yes if public-domain status applies in deployment jurisdiction,No for public-domain edition; scan terms still need review,Medium,Hard,legal; OCR review; Gaudiya Vaishnava review; Bengali/Sanskrit/English alignment; source-boundary review,"Chaitanya-upadesh volume 1 OCR staged as an additional Gaudiya Vaishnava teachings source; verify translator, edition details, and relation to existing Chaitanya staged sources before ingestion. OCR staged at content/_staging/raw/english/chaitanya_upadesh_vol1_1919_en.txt on 2026-07-05; IA metadata sidecar staged beside it.",staged_candidate
metaphysics_saiva_siddhanta_subramania_pillai_1929_en,The Metaphysics of the Saiva Siddhanta System,secondary/shaiva/saiva_siddhanta,shaiva/saiva_siddhanta,tamil/south_indian,English,Roman/OCR,K. Subramania Pillai,none,Internet Archive scan,1929,Internet Archive,https://archive.org/details/the-metaphysics-of-the-saiva-siddhanta-system,scan_ocr,TXT/JSON metadata,Internet Archive scan metadata; public-domain edition likely; IA terms apply,1930-or-earlier publication; public domain in USA likely as of 2026; verify jurisdiction and scan status,Yes for staging,Yes after review,Yes after OCR/legal review,"Yes, can ingest after OCR cleanup/legal/content review","Credit Internet Archive, source library, and K. Subramania Pillai; preserve archive identifier",Yes if public-domain status applies in deployment jurisdiction,No for public-domain edition; scan terms still need review,Medium,Hard,legal; OCR review; Saiva Siddhanta review; philosophical terminology review; source-boundary review,Subramania Pillai's Saiva Siddhanta metaphysics study OCR staged as secondary doctrinal context; keep category labels clear so argumentation is not treated as scripture. OCR staged at content/_staging/raw/english/metaphysics_saiva_siddhanta_subramania_pillai_1929_en.txt on 2026-07-05; IA metadata sidecar staged beside it.,staged_candidate
siva_jnana_botham_navamoney_david_nadar_1927_en,Siva Jnana Botham,shaiva/saiva_siddhanta,shaiva/saiva_siddhanta,tamil/south_indian,English,Roman/OCR,Navamoney David Nadar,none,Internet Archive scan,1927,Internet Archive,https://archive.org/details/siva-jnana-botham-1927,scan_ocr,TXT/JSON metadata,Internet Archive scan metadata; public-domain edition likely; IA terms apply,1930-or-earlier publication; public domain in USA likely as of 2026; verify jurisdiction and scan status,Yes for staging,Yes after review,Yes after OCR/legal review,"Yes, can ingest after OCR cleanup/legal/content review","Credit Internet Archive, source library, and Navamoney David Nadar; preserve archive identifier",Yes if public-domain status applies in deployment jurisdiction,No for public-domain edition; scan terms still need review,Medium,Hard,legal; OCR review; Saiva Siddhanta review; Tamil/Sanskrit/English alignment; commentary boundary review; segmentation,Navamoney David Nadar's Siva Jnana Botham OCR staged to add a direct Saiva Siddhanta doctrinal text witness; verify Tamil/Sanskrit source boundaries and notes before ingestion. OCR staged at content/_staging/raw/english/siva_jnana_botham_navamoney_david_nadar_1927_en.txt on 2026-07-05; IA metadata sidecar staged beside it.,staged_candidate
sivajnana_siddhiyar_nallaswami_pillai_1913_en,Sivajnana Siddhiyar of Arunandi Sivacharya,shaiva/saiva_siddhanta,shaiva/saiva_siddhanta,tamil/south_indian,English,Roman/OCR,J. M. Nallaswami Pillai,Arunandi Sivacharya,Internet Archive scan,1913,Internet Archive,https://archive.org/details/sivajnanasiddhiyarofarunandisivacharya1913,scan_ocr,TXT/JSON metadata,Internet Archive scan metadata; public-domain edition likely; IA terms apply,1930-or-earlier publication; public domain in USA likely as of 2026; verify jurisdiction and scan status,Yes for staging,Yes after review,Yes after OCR/legal review,"Yes, can ingest after OCR cleanup/legal/content review","Credit Internet Archive, source library, and J. M. Nallaswami Pillai; preserve archive identifier",Yes if public-domain status applies in deployment jurisdiction,No for public-domain edition; scan terms still need review,Medium,Hard,legal; OCR review; Saiva Siddhanta review; Tamil/Sanskrit/English alignment; commentary boundary review; segmentation,"Nallaswami Pillai's Sivajnana Siddhiyar translation OCR staged as another direct Saiva Siddhanta source; preserve sutra, translation, commentary, and notes as distinct passage types. OCR staged at content/_staging/raw/english/sivajnana_siddhiyar_nallaswami_pillai_1913_en.txt on 2026-07-05; IA metadata sidecar staged beside it.",staged_candidate
siddhanta_deepika_complete_14_volumes_1897_1914_en,"Siddhanta Deepika: The Light of Truth, Complete 14 Volumes",periodical/shaiva/saiva_siddhanta,shaiva/saiva_siddhanta,tamil/south_indian,English,Roman/OCR,J. M. Nallasami Pillai and contributors,multiple contributors,Internet Archive composite scan,1897-1914,Internet Archive,https://archive.org/details/SiddhantaDeepika-Complete14Volumes,scan_ocr,TXT/JSON metadata,Internet Archive scan metadata; public-domain edition likely; IA terms apply,1930-or-earlier publication; public domain in USA likely as of 2026; verify jurisdiction and scan status,Yes for staging,Yes after review,Yes after OCR/legal review,"Yes, can ingest after OCR cleanup/legal/content review","Credit Internet Archive, source library, and J. M. Nallasami Pillai and contributors; preserve archive identifier",Yes if public-domain status applies in deployment jurisdiction,No for public-domain edition; scan terms still need review,Medium,Hard,legal; OCR review; Saiva Siddhanta review; periodical article attribution; contributor rights review; segmentation,"Complete Siddhanta Deepika OCR staged as a periodical source for Saiva Siddhanta essays, translations, and debates; article-level attribution, date, and genre labels are mandatory before ingestion. OCR staged at content/_staging/raw/english/siddhanta_deepika_complete_14_volumes_1897_1914_en.txt on 2026-07-05; IA metadata sidecar staged beside it.",staged_candidate
brahma_vaivarta_puranam_sen_part2_1921_en,"Brahma-Vaivarta Puranam, Part 2",purana/krishna_shakta,vaishnava/shakta,pan_indian,English,Roman/OCR,Rajendra Nath Sen,none,"Internet Archive Panini Office scan, Sacred Books of the Hindus",1921,Internet Archive,https://archive.org/details/hrir_the-scared-book-of-hindus-edited-major-b-d-basu-volume-xxiv-part-2-brahma-vaivar,scan_ocr,TXT/JSON metadata,Internet Archive scan metadata; public-domain edition likely; IA terms apply,1930-or-earlier publication; public domain in USA likely as of 2026; verify jurisdiction and scan status,Yes for staging,Yes after review,Yes after OCR/legal review,"Yes, can ingest after OCR cleanup/legal/content review","Credit Internet Archive, source library, and Rajendra Nath Sen; preserve archive identifier",Yes if public-domain status applies in deployment jurisdiction,No for public-domain edition; scan terms still need review,Medium,Hard,legal; OCR review; Purana review; Krishna/Shakta review; partial-khanda boundary review; Sanskrit/English alignment; segmentation,Brahma Vaivarta Purana part 2 OCR staged to extend the existing Brahma/Prakriti khanda coverage; verify khanda boundaries and pair with the other staged parts before retrieval use. OCR staged at content/_staging/raw/english/brahma_vaivarta_puranam_sen_part2_1921_en.txt on 2026-07-05; IA metadata sidecar staged beside it.,staged_candidate
brahma_vaivarta_puranam_sen_ganesh_khanda_part3_en,"Brahma-Vaivarta Puranam: Ganesh Khanda, Part 3",purana/ganesha/krishna_shakta,ganapatya/vaishnava/shakta,pan_indian,English,Roman/OCR,Rajendra Nath Sen,none,"Internet Archive Panini Office scan, Sacred Books of the Hindus",1921?,Internet Archive,https://archive.org/details/wqcb_the-brahma-vaivarta-purana-ganesh-khanda-part-3-bahadurgunj-panini-office,scan_ocr,TXT/JSON metadata,Internet Archive scan metadata; public-domain edition likely; IA terms apply,1930-or-earlier publication; public domain in USA likely as of 2026; verify jurisdiction and scan status,Yes for staging,Yes after review,Yes after OCR/legal review,"Yes, can ingest after OCR cleanup/legal/content review","Credit Internet Archive, source library, and Rajendra Nath Sen; preserve archive identifier",Yes if public-domain status applies in deployment jurisdiction,No for public-domain edition; scan terms still need review,Medium,Hard,legal; OCR review; Purana review; Ganesha tradition review; Krishna/Shakta review; Sanskrit/English alignment; segmentation,Brahma Vaivarta Purana Ganesh Khanda part 3 OCR staged to fill the Ganesha-related portion of the translation series; title page and exact publication date need review. OCR staged at content/_staging/raw/english/brahma_vaivarta_puranam_sen_ganesh_khanda_part3_en.txt on 2026-07-05; IA metadata sidecar staged beside it.,staged_candidate
brahma_vaivarta_puranam_sen_part4_1922_en,"Brahma-Vaivarta Puranam, Part 4",purana/krishna_shakta,vaishnava/shakta,pan_indian,English,Roman/OCR,Rajendra Nath Sen,none,"Internet Archive Panini Office scan, Sacred Books of the Hindus",1922,Internet Archive,https://archive.org/details/guhw_the-sacred-books-of-the-hindus-brahma-vaivarta-puranam-part-4-ed-by-b-d-basu-tra,scan_ocr,TXT/JSON metadata,Internet Archive scan metadata; public-domain edition likely; IA terms apply,1930-or-earlier publication; public domain in USA likely as of 2026; verify jurisdiction and scan status,Yes for staging,Yes after review,Yes after OCR/legal review,"Yes, can ingest after OCR cleanup/legal/content review","Credit Internet Archive, source library, and Rajendra Nath Sen; preserve archive identifier",Yes if public-domain status applies in deployment jurisdiction,No for public-domain edition; scan terms still need review,Medium,Hard,legal; OCR review; Purana review; Krishna/Shakta review; partial-khanda boundary review; Sanskrit/English alignment; segmentation,Brahma Vaivarta Purana part 4 OCR staged from the Panini Office Sacred Books of the Hindus series; pair with other staged parts and verify coverage before ingestion. OCR staged at content/_staging/raw/english/brahma_vaivarta_puranam_sen_part4_1922_en.txt on 2026-07-05; IA metadata sidecar staged beside it.,staged_candidate
yajnavalkya_smriti_mitakshara_vidyarnava_1918_en,Yajnavalkya Smriti with the Mitakshara and Balambhatta,dharma_sastra,general,pan_indian,English,Roman/OCR,Srisa Chandra Vidyarnava,Vijnanesvara; Balambhatta,"Internet Archive scan, Sacred Books of the Hindus",1918,Internet Archive,https://archive.org/details/yajnavalkyasmrit00yj,scan_ocr,TXT/JSON metadata,Internet Archive scan metadata; public-domain edition likely; IA terms apply,1930-or-earlier publication; public domain in USA likely as of 2026; verify jurisdiction and scan status,Yes for staging,Yes after review,Yes after OCR/legal review,"Yes, can ingest after OCR cleanup/legal/content review","Credit Internet Archive, source library, and Srisa Chandra Vidyarnava; preserve archive identifier",Yes if public-domain status applies in deployment jurisdiction,No for public-domain edition; scan terms still need review,Medium,Hard,legal; OCR review; dharma-sastra review; commentary boundary review; sensitive legal/social content review; segmentation,Fuller Yajnavalkya Smriti with Mitakshara and Balambhatta notes OCR staged as a complement to the shorter Gutenberg judicature extract; requires strong contextual labeling. OCR staged at content/_staging/raw/english/yajnavalkya_smriti_mitakshara_vidyarnava_1918_en.txt on 2026-07-05; IA metadata sidecar staged beside it.,staged_candidate
parasara_dharma_samhita_vol1_part2_1893_en,"Parasara Dharma Samhita or Parasara Smriti, Vol. 1 Part 2",dharma_sastra,general,pan_indian,English,Roman/OCR,Vaman Sastri Islampurkar,Madhavacharya; Sayana,Internet Archive DLI scan,1893,Internet Archive,https://archive.org/details/in.ernet.dli.2015.282567,scan_ocr,TXT/JSON metadata,Internet Archive scan metadata; public-domain edition likely; IA terms apply,1930-or-earlier publication; public domain in USA likely as of 2026; verify jurisdiction and scan status,Yes for staging,Yes after review,Yes after OCR/legal review,"Yes, can ingest after OCR cleanup/legal/content review","Credit Internet Archive, source library, and Vaman Sastri Islampurkar; preserve archive identifier",Yes if public-domain status applies in deployment jurisdiction,No for public-domain edition; scan terms still need review,Medium,Hard,legal; OCR review; dharma-sastra review; commentary boundary review; sensitive legal/social content review; partial-volume review,"Parasara Smriti volume 1 part 2 OCR staged for dedicated Parasara dharma-sastra coverage; label as partial and distinguish text, translation, commentary, and notes. OCR staged at content/_staging/raw/english/parasara_dharma_samhita_vol1_part2_1893_en.txt on 2026-07-05; IA metadata sidecar staged beside it.",staged_candidate
parasara_dharma_samhita_vol2_part1_1898_en,"Parasara Dharma Samhita or Parasara Smriti, Vol. 2 Part 1",dharma_sastra,general,pan_indian,English,Roman/OCR,Vaman Sastri Islampurkar,Madhavacharya; Sayana,Internet Archive DLI scan,1898,Internet Archive,https://archive.org/details/in.ernet.dli.2015.283602,scan_ocr,TXT/JSON metadata,Internet Archive scan metadata; public-domain edition likely; IA terms apply,1930-or-earlier publication; public domain in USA likely as of 2026; verify jurisdiction and scan status,Yes for staging,Yes after review,Yes after OCR/legal review,"Yes, can ingest after OCR cleanup/legal/content review","Credit Internet Archive, source library, and Vaman Sastri Islampurkar; preserve archive identifier",Yes if public-domain status applies in deployment jurisdiction,No for public-domain edition; scan terms still need review,Medium,Hard,legal; OCR review; dharma-sastra review; commentary boundary review; sensitive legal/social content review; partial-volume review,Parasara Smriti volume 2 part 1 OCR staged as a continuation of the dedicated Parasara translation/commentary series; verify volume continuity before ingestion. OCR staged at content/_staging/raw/english/parasara_dharma_samhita_vol2_part1_1898_en.txt on 2026-07-05; IA metadata sidecar staged beside it.,staged_candidate
parasara_dharma_samhita_1919_en,Parasara Dharma Samhita or Parasara Smriti,dharma_sastra,general,pan_indian,English,Roman/OCR,Vaman Sastri Islampurkar,Madhavacharya; Sayana,Internet Archive DLI scan,1919,Internet Archive,https://archive.org/details/in.ernet.dli.2015.506272,scan_ocr,TXT/JSON metadata,Internet Archive scan metadata; public-domain edition likely; IA terms apply,1930-or-earlier publication; public domain in USA likely as of 2026; verify jurisdiction and scan status,Yes for staging,Yes after review,Yes after OCR/legal review,"Yes, can ingest after OCR cleanup/legal/content review","Credit Internet Archive, source library, and Vaman Sastri Islampurkar; preserve archive identifier",Yes if public-domain status applies in deployment jurisdiction,No for public-domain edition; scan terms still need review,Medium,Hard,legal; OCR review; dharma-sastra review; commentary boundary review; sensitive legal/social content review; duplicate-volume review; segmentation,Additional Parasara Smriti OCR staged from a 1919 DLI scan; compare against the 1893/1898 partial-volume scans for duplication and completeness before retrieval use. OCR staged at content/_staging/raw/english/parasara_dharma_samhita_1919_en.txt on 2026-07-05; IA metadata sidecar staged beside it.,staged_candidate
elements_hindu_iconography_rao_vol1_part1_1914_en,"Elements of Hindu Iconography, Vol. 1 Part 1",reference/iconography,general,pan_indian,English,Roman/OCR,T. A. Gopinatha Rao,none,Internet Archive IGNCA scan,1914,Internet Archive,https://archive.org/details/in.gov.ignca.39172,scan_ocr,TXT/JSON metadata,Internet Archive scan metadata; public-domain edition likely; IA terms apply,1930-or-earlier publication; public domain in USA likely as of 2026; verify jurisdiction and scan status,Yes for staging,Yes after review,Yes after OCR/legal review,"Yes, can ingest after OCR cleanup/legal/content review","Credit Internet Archive, source library, and T. A. Gopinatha Rao; preserve archive identifier",Yes if public-domain status applies in deployment jurisdiction,No for public-domain edition; scan terms still need review,Medium,Hard,legal; OCR review; iconography review; deity terminology review; image/source-boundary review; segmentation,"Gopinatha Rao's Elements of Hindu Iconography volume 1 part 1 OCR staged for deity and image-description reference use; use as historical/reference context, not as scripture or worship instruction. OCR staged at content/_staging/raw/english/elements_hindu_iconography_rao_vol1_part1_1914_en.txt on 2026-07-05; IA metadata sidecar staged beside it.",staged_candidate
elements_hindu_iconography_rao_vol1_part2_1914_en,"Elements of Hindu Iconography, Vol. 1 Part 2",reference/iconography,general,pan_indian,English,Roman/OCR,T. A. Gopinatha Rao,none,Internet Archive DLI scan,1914,Internet Archive,https://archive.org/details/in.ernet.dli.2015.459193,scan_ocr,TXT/JSON metadata,Internet Archive scan metadata; public-domain edition likely; IA terms apply,1930-or-earlier publication; public domain in USA likely as of 2026; verify jurisdiction and scan status,Yes for staging,Yes after review,Yes after OCR/legal review,"Yes, can ingest after OCR cleanup/legal/content review","Credit Internet Archive, source library, and T. A. Gopinatha Rao; preserve archive identifier",Yes if public-domain status applies in deployment jurisdiction,No for public-domain edition; scan terms still need review,Medium,Hard,legal; OCR review; iconography review; deity terminology review; image/source-boundary review; segmentation,"Gopinatha Rao's Elements of Hindu Iconography volume 1 part 2 OCR staged as the companion to part 1; preserve deity, form, attribute, and plate-reference boundaries before ingestion. OCR staged at content/_staging/raw/english/elements_hindu_iconography_rao_vol1_part2_1914_en.txt on 2026-07-05; IA metadata sidecar staged beside it.",staged_candidate
elements_hindu_iconography_rao_vol2_part1_1916_en,"Elements of Hindu Iconography, Vol. 2 Part 1",reference/iconography,general,pan_indian,English,Roman/OCR,T. A. Gopinatha Rao,none,Internet Archive DLI scan,1916,Internet Archive,https://archive.org/details/in.ernet.dli.2015.506671,scan_ocr,TXT/JSON metadata,Internet Archive scan metadata; public-domain edition likely; IA terms apply,1930-or-earlier publication; public domain in USA likely as of 2026; verify jurisdiction and scan status,Yes for staging,Yes after review,Yes after OCR/legal review,"Yes, can ingest after OCR cleanup/legal/content review","Credit Internet Archive, source library, and T. A. Gopinatha Rao; preserve archive identifier",Yes if public-domain status applies in deployment jurisdiction,No for public-domain edition; scan terms still need review,Medium,Hard,legal; OCR review; iconography review; deity terminology review; image/source-boundary review; segmentation,Gopinatha Rao's Elements of Hindu Iconography volume 2 part 1 OCR staged for expanded iconography coverage; verify OCR around Sanskrit names and plate references. OCR staged at content/_staging/raw/english/elements_hindu_iconography_rao_vol2_part1_1916_en.txt on 2026-07-05; IA metadata sidecar staged beside it.,staged_candidate
elements_hindu_iconography_rao_vol2_part2_1916_en,"Elements of Hindu Iconography, Vol. 2 Part 2",reference/iconography,general,pan_indian,English,Roman/OCR,T. A. Gopinatha Rao,none,Internet Archive DLI scan,1916,Internet Archive,https://archive.org/details/in.ernet.dli.2015.459780,scan_ocr,TXT/JSON metadata,Internet Archive scan metadata; public-domain edition likely; IA terms apply,1930-or-earlier publication; public domain in USA likely as of 2026; verify jurisdiction and scan status,Yes for staging,Yes after review,Yes after OCR/legal review,"Yes, can ingest after OCR cleanup/legal/content review","Credit Internet Archive, source library, and T. A. Gopinatha Rao; preserve archive identifier",Yes if public-domain status applies in deployment jurisdiction,No for public-domain edition; scan terms still need review,Medium,Hard,legal; OCR review; iconography review; deity terminology review; image/source-boundary review; segmentation,Gopinatha Rao's Elements of Hindu Iconography volume 2 part 2 OCR staged to complete the old four-part reference set; compare all parts for duplicate front matter and plate/list boundaries. OCR staged at content/_staging/raw/english/elements_hindu_iconography_rao_vol2_part2_1916_en.txt on 2026-07-05; IA metadata sidecar staged beside it.,staged_candidate
south_indian_images_gods_goddesses_krishna_sastri_1916_en,South-Indian Images of Gods and Goddesses,reference/iconography/south_india,general/south_indian,south_india,English,Roman/OCR,H. Krishna Sastri,none,Internet Archive University of Toronto scan,1916,Internet Archive,https://archive.org/details/southindianimage00krisuoft,scan_ocr,TXT/JSON metadata,Internet Archive scan metadata; public-domain edition likely; IA terms apply,1930-or-earlier publication; public domain in USA likely as of 2026; verify jurisdiction and scan status,Yes for staging,Yes after review,Yes after OCR/legal review,"Yes, can ingest after OCR cleanup/legal/content review","Credit Internet Archive, source library, and H. Krishna Sastri; preserve archive identifier",Yes if public-domain status applies in deployment jurisdiction,No for public-domain edition; scan terms still need review,Medium,Medium,legal; OCR review; iconography review; South Indian deity terminology review; image/source-boundary review; segmentation,Krishna Sastri's South-Indian Images OCR staged as a concise reference for South Indian deity images; use for terminology and historical context after OCR and specialist review. OCR staged at content/_staging/raw/english/south_indian_images_gods_goddesses_krishna_sastri_1916_en.txt on 2026-07-05; IA metadata sidecar staged beside it.,staged_candidate
hindu_religious_year_underhill_1921_en,The Hindu Religious Year,practice/festivals/calendar,general,pan_indian,English,Roman/OCR,M. M. Underhill,none,Internet Archive Cornell scan,1921,Internet Archive,https://archive.org/details/cu31924079584821,scan_ocr,TXT/JSON metadata,Internet Archive scan metadata; public-domain edition likely; IA terms apply,1930-or-earlier publication; public domain in USA likely as of 2026; verify jurisdiction and scan status,Yes for staging,Yes after review,Yes after OCR/legal review,"Yes, can ingest after OCR cleanup/legal/content review","Credit Internet Archive, source library, and M. M. Underhill; preserve archive identifier",Yes if public-domain status applies in deployment jurisdiction,No for public-domain edition; scan terms still need review,Medium,Medium,legal; OCR review; festival/calendar review; regional variation review; historical bias review; segmentation,Underhill's Hindu Religious Year OCR staged as festival-calendar and observance context; use only after regional-variation checks and avoid presenting dated generalizations as universal practice. OCR staged at content/_staging/raw/english/hindu_religious_year_underhill_1921_en.txt on 2026-07-05; IA metadata sidecar staged beside it.,staged_candidate
hindu_manners_customs_ceremonies_dubois_beauchamp_1906_en,"Hindu Manners, Customs and Ceremonies",secondary/customs/ceremonies,general,south_india/pan_indian,English,Roman/OCR,J. A. Dubois; Henry K. Beauchamp,none,"Internet Archive scan, third edition",1906,Internet Archive,https://archive.org/details/hindumannerscust1906dubo,scan_ocr,TXT/JSON metadata,Internet Archive scan metadata; public-domain edition likely; IA terms apply,1930-or-earlier publication; public domain in USA likely as of 2026; verify jurisdiction and scan status,Yes for staging,Yes after review,Yes after OCR/legal review,"Yes, can ingest after OCR cleanup/legal/content review","Credit Internet Archive, source library, and J. A. Dubois; Henry K. Beauchamp; preserve archive identifier",Yes if public-domain status applies in deployment jurisdiction,No for public-domain edition; scan terms still need review,Medium,Hard,legal; OCR review; colonial/missionary bias review; customs review; regional variation review; sensitive caste/social content review; segmentation,Dubois and Beauchamp customs source OCR staged as historical background only; do not present colonial or missionary framing as Sandhya voice or as normative Hindu practice. OCR staged at content/_staging/raw/english/hindu_manners_customs_ceremonies_dubois_beauchamp_1906_en.txt on 2026-07-05; IA metadata sidecar staged beside it.,staged_candidate
sri_ramakrishna_great_master_vol1_1920_en,"Sri Ramakrishna The Great Master, Vol. 1",modern_saint/biography,ramakrishna/vedanta,bengal/modern_indian,English,Roman/OCR,Swami Sharvananda,Swami Saradananda,Internet Archive DLI scan,1920,Internet Archive,https://archive.org/details/in.ernet.dli.2015.203736,scan_ocr,TXT/JSON metadata,Internet Archive scan metadata; public-domain edition likely; IA terms apply,1930-or-earlier publication; public domain in USA likely as of 2026; verify jurisdiction and scan status,Yes for staging,Yes after review,Yes after OCR/legal review,"Yes, can ingest after OCR cleanup/legal/content review","Credit Internet Archive, source library, and Swami Sharvananda; preserve archive identifier",Yes if public-domain status applies in deployment jurisdiction,No for public-domain edition; scan terms still need review,Medium,Hard,legal; OCR review; Ramakrishna tradition review; biography/source-boundary review; quotation attribution; segmentation,English Sri Ramakrishna Great Master volume 1 OCR staged for fuller Ramakrishna biography and tradition context; verify translator/editor boundaries and avoid treating biography as scripture. OCR staged at content/_staging/raw/english/sri_ramakrishna_great_master_vol1_1920_en.txt on 2026-07-05; IA metadata sidecar staged beside it.,staged_candidate
life_swami_vivekananda_disciples_1912_en,The Life of the Swami Vivekananda,modern_saint/biography,ramakrishna/vedanta,modern_indian/global,English,Roman/OCR,Eastern and Western disciples,none,"Internet Archive DLI Ministry scan, Himalayan Series",1912,Internet Archive,https://archive.org/details/dli.ministry.03948,scan_ocr,TXT/JSON metadata,Internet Archive scan metadata; public-domain edition likely; IA terms apply,1930-or-earlier publication; public domain in USA likely as of 2026; verify jurisdiction and scan status,Yes for staging,Yes after review,Yes after OCR/legal review,"Yes, can ingest after OCR cleanup/legal/content review","Credit Internet Archive, source library, and Eastern and Western disciples; preserve archive identifier",Yes if public-domain status applies in deployment jurisdiction,No for public-domain edition; scan terms still need review,Medium,Hard,legal; OCR review; Ramakrishna/Vivekananda tradition review; biography/source-boundary review; quotation attribution; segmentation,"Early disciple biography of Swami Vivekananda OCR staged as modern Hindu movement context; preserve biography, quoted lecture, letter, and editorial boundaries. OCR staged at content/_staging/raw/english/life_swami_vivekananda_disciples_1912_en.txt on 2026-07-05; IA metadata sidecar staged beside it.",staged_candidate
spiritual_talks_brahmananda_1911_en,Spiritual Talks by Swami Brahmananda,modern_saint/teachings,ramakrishna/vedanta,bengal/modern_indian,English,Roman/OCR,Ramakrishna Mission,Swami Brahmananda,"Internet Archive scan, Ramakrishna Mission",1911,Internet Archive,https://archive.org/details/nmim_spiritual-talks-by-swami-brahmananda-1911-ramakrishna-mission,scan_ocr,TXT/JSON metadata,Internet Archive scan metadata; public-domain edition likely; IA terms apply,1930-or-earlier publication; public domain in USA likely as of 2026; verify jurisdiction and scan status,Yes for staging,Yes after review,Yes after OCR/legal review,"Yes, can ingest after OCR cleanup/legal/content review","Credit Internet Archive, source library, and Ramakrishna Mission; preserve archive identifier",Yes if public-domain status applies in deployment jurisdiction,No for public-domain edition; scan terms still need review,Medium,Medium,legal; OCR review; Ramakrishna tradition review; speaker attribution; practical advice safety review; segmentation,Brahmananda spiritual talks OCR staged for early Ramakrishna-order teaching coverage; treat as lineage-specific advice and preserve speaker/editor attribution. OCR staged at content/_staging/raw/english/spiritual_talks_brahmananda_1911_en.txt on 2026-07-05; IA metadata sidecar staged beside it.,staged_candidate
address_on_vedanta_vivekananda_1896_en,Address on Vedanta Philosophy: The Ideal of a Universal Religion,modern_vedanta/lecture,ramakrishna/vedanta,modern_indian/global,English,Roman/OCR,Swami Vivekananda,none,Internet Archive Library of Congress scan,1896,Internet Archive,https://archive.org/details/addressonvedanta00vive,scan_ocr,TXT/JSON metadata,Internet Archive scan metadata; public-domain edition likely; IA terms apply,1930-or-earlier publication; public domain in USA likely as of 2026; verify jurisdiction and scan status,Yes for staging,Yes after review,Yes after OCR/legal review,"Yes, can ingest after OCR cleanup/legal/content review","Credit Internet Archive, source library, and Swami Vivekananda; preserve archive identifier",Yes if public-domain status applies in deployment jurisdiction,No for public-domain edition; scan terms still need review,Medium,Medium,legal; OCR review; modern Vedanta review; lecture context review; quotation/source-boundary review; segmentation,Vivekananda's 1896 Address on Vedanta Philosophy OCR staged as a concise modern Vedanta lecture source; deduplicate against broader Vivekananda lecture collections. OCR staged at content/_staging/raw/english/address_on_vedanta_vivekananda_1896_en.txt on 2026-07-05; IA metadata sidecar staged beside it.,staged_candidate
kabir_and_kabir_panth_westcott_1907_en,Kabir and the Kabir Panth,secondary/bhakti/sant,sant/kabir,north_india,English,Roman/OCR,George H. Westcott,none,Internet Archive University of Toronto scan,1907,Internet Archive,https://archive.org/details/kabirkabirpanth00westuoft,scan_ocr,TXT/JSON metadata,Internet Archive scan metadata; public-domain edition likely; IA terms apply,1930-or-earlier publication; public domain in USA likely as of 2026; verify jurisdiction and scan status,Yes for staging,Yes after review,Yes after OCR/legal review,"Yes, can ingest after OCR cleanup/legal/content review","Credit Internet Archive, source library, and George H. Westcott; preserve archive identifier",Yes if public-domain status applies in deployment jurisdiction,No for public-domain edition; scan terms still need review,Medium,Medium,legal; OCR review; Sant/Kabir review; sectarian context review; colonial/missionary framing review; segmentation,Westcott's Kabir Panth study OCR staged as secondary Sant/Kabir context only; separate quoted verses from interpretation and do not present colonial-era framing as app voice. OCR staged at content/_staging/raw/english/kabir_and_kabir_panth_westcott_1907_en.txt on 2026-07-05; IA metadata sidecar staged beside it.,staged_candidate
life_teaching_tukaram_edwards_1922_en,The Life and Teaching of Tukaram,secondary/bhakti/varkari,varkari/marathi_bhakti,maharashtra,English,Roman/OCR,J. F. Edwards,none,Internet Archive DLI scan,1922,Internet Archive,https://archive.org/details/in.ernet.dli.2015.21294,scan_ocr,TXT/JSON metadata,Internet Archive scan metadata; public-domain edition likely; IA terms apply,1930-or-earlier publication; public domain in USA likely as of 2026; verify jurisdiction and scan status,Yes for staging,Yes after review,Yes after OCR/legal review,"Yes, can ingest after OCR cleanup/legal/content review","Credit Internet Archive, source library, and J. F. Edwards; preserve archive identifier",Yes if public-domain status applies in deployment jurisdiction,No for public-domain edition; scan terms still need review,Medium,Medium,legal; OCR review; Varkari review; Marathi/English alignment; hagiography boundary review; colonial framing review; segmentation,"Edwards' Tukaram life-and-teaching source OCR staged as Varkari/Tukaram context; verify translated verse attributions and distinguish biography, teaching summary, and quoted abhang material. OCR staged at content/_staging/raw/english/life_teaching_tukaram_edwards_1922_en.txt on 2026-07-05; IA metadata sidecar staged beside it.",staged_candidate
spanda_karikas_vasu_1913_en,"The Spanda Karikas, with the Vivriti of Ramakantha",shaiva/kashmir_shaiva,kashmir_shaiva,kashmir,English,Roman/OCR,S. C. Vasu,Ramakantha,Internet Archive University of Toronto scan,1913,Internet Archive,https://archive.org/details/thespandakarikas00vasuuoft,scan_ocr,TXT/JSON metadata,Internet Archive scan metadata; public-domain edition likely; IA terms apply,1930-or-earlier publication; public domain in USA likely as of 2026; verify jurisdiction and scan status,Yes for staging,Yes after review,Yes after OCR/legal review,"Yes, can ingest after OCR cleanup/legal/content review","Credit Internet Archive, source library, and S. C. Vasu; preserve archive identifier",Yes if public-domain status applies in deployment jurisdiction,No for public-domain edition; scan terms still need review,Medium,Hard,legal; OCR review; Kashmir Shaiva review; commentary boundary review; Sanskrit/English alignment; segmentation,Spanda Karikas OCR staged to add pre-1931 English Kashmir Shaiva coverage; use only after specialist review and source-text/commentary boundary tagging. OCR staged at content/_staging/raw/english/spanda_karikas_vasu_1913_en.txt on 2026-07-05; IA metadata sidecar staged beside it.,staged_candidate
mahanirvana_tantram_dutt_1900_en,Mahanirvana Tantram,tantra/shakta,shakta/tantric,pan_indian,English,Roman/OCR,Manmatha Nath Dutt,none,Internet Archive DLI scan,1900,Internet Archive,https://archive.org/details/in.ernet.dli.2015.61798,scan_ocr,TXT/JSON metadata,Internet Archive scan metadata; public-domain edition likely; IA terms apply,1930-or-earlier publication; public domain in USA likely as of 2026; verify jurisdiction and scan status,Yes for staging,Yes after review,Yes after OCR/legal review,"Yes, can ingest after OCR cleanup/legal/content review","Credit Internet Archive, source library, and Manmatha Nath Dutt; preserve archive identifier",Yes if public-domain status applies in deployment jurisdiction,No for public-domain edition; scan terms still need review,Medium,Hard,legal; OCR review; Shakta/Tantra review; ritual/sensitive content review; duplicate Avalon comparison; segmentation,Dutt's prose English Mahanirvana Tantra OCR staged as a distinct translation witness from the already staged Avalon/Sacred Texts version; ritual and initiatory material requires strict product-safety review. OCR staged at content/_staging/raw/english/mahanirvana_tantram_dutt_1900_en.txt on 2026-07-05; IA metadata sidecar staged beside it.,staged_candidate
satyarth_prakash_durga_prasad_1908_en,An English Translation of the Satyarth Prakash,modern_hindu_reform/arya_samaj,arya_samaj,north_india,English,Roman/OCR,Durga Prasad,none,Internet Archive DLI scan,1908,Internet Archive,https://archive.org/details/in.ernet.dli.2015.237542,scan_ocr,TXT/JSON metadata,Internet Archive scan metadata; public-domain edition likely; IA terms apply,1930-or-earlier publication; public domain in USA likely as of 2026; verify jurisdiction and scan status,Yes for staging,Yes after review,Yes after OCR/legal review,"Yes, can ingest after OCR cleanup/legal/content review","Credit Internet Archive, source library, and Durga Prasad; preserve archive identifier",Yes if public-domain status applies in deployment jurisdiction,No for public-domain edition; scan terms still need review,Medium,Hard,legal; OCR review; Arya Samaj review; polemical content review; interfaith sensitivity review; segmentation,Durga Prasad English Satyarth Prakash OCR staged for Arya Samaj and modern Hindu reform coverage; polemical sections require careful contextual labeling and safety review. OCR staged at content/_staging/raw/english/satyarth_prakash_durga_prasad_1908_en.txt on 2026-07-05; IA metadata sidecar staged beside it.,staged_candidate
satyarth_prakash_bharadwaja_1915_en,Light of Truth: An English Translation of the Satyarth Prakash,modern_hindu_reform/arya_samaj,arya_samaj,north_india,English,Roman/OCR,Chiranjiva Bharadwaja,none,"Internet Archive DLI scan, second edition",1915,Internet Archive,https://archive.org/details/dli.ministry.16408,scan_ocr,TXT/JSON metadata,Internet Archive scan metadata; public-domain edition likely; IA terms apply,1930-or-earlier publication; public domain in USA likely as of 2026; verify jurisdiction and scan status,Yes for staging,Yes after review,Yes after OCR/legal review,"Yes, can ingest after OCR cleanup/legal/content review","Credit Internet Archive, source library, and Chiranjiva Bharadwaja; preserve archive identifier",Yes if public-domain status applies in deployment jurisdiction,No for public-domain edition; scan terms still need review,Medium,Hard,legal; OCR review; Arya Samaj review; polemical content review; interfaith sensitivity review; duplicate-edition comparison; segmentation,Bharadwaja's Light of Truth OCR staged as another early English Satyarth Prakash witness; compare against Durga Prasad before retrieval use and avoid presenting sectarian polemic as Sandhya voice. OCR staged at content/_staging/raw/english/satyarth_prakash_bharadwaja_1915_en.txt on 2026-07-05; IA metadata sidecar staged beside it.,staged_candidate
arya_samaj_lajpat_rai_1915_en,"The Arya Samaj: An Account of Its Origin, Doctrines, and Activities",modern_hindu_reform/arya_samaj,arya_samaj,north_india,English,Roman/OCR,Lajpat Rai,none,"Internet Archive scan, Longmans Green and Co.",1915,Internet Archive,https://archive.org/details/the-arya-samaj,scan_ocr,TXT/JSON metadata,Internet Archive scan metadata; public-domain edition likely; IA terms apply,1930-or-earlier publication; public domain in USA likely as of 2026; verify jurisdiction and scan status,Yes for staging,Yes after review,Yes after OCR/legal review,"Yes, can ingest after OCR cleanup/legal/content review","Credit Internet Archive, source library, and Lajpat Rai; preserve archive identifier",Yes if public-domain status applies in deployment jurisdiction,No for public-domain edition; scan terms still need review,Medium,Medium,legal; OCR review; Arya Samaj review; biography/history boundary review; dated framing review; segmentation,Lajpat Rai's Arya Samaj history OCR staged for reform-movement context and Dayananda biography; label as historical/sectarian context rather than scripture. OCR staged at content/_staging/raw/english/arya_samaj_lajpat_rai_1915_en.txt on 2026-07-05; IA metadata sidecar staged beside it.,staged_candidate
yatindra_mata_dipika_srinivasa_1912_en,"Yatindra-Mata-Dipika, or The Light of the School of Sri Ramanuja",vedanta/vishishtadvaita,sri_vaishnava/vishishtadvaita,south_india,English,Roman/OCR,A. Govindacharya,Srinivasa,Internet Archive DLI scan,1912,Internet Archive,https://archive.org/details/in.ernet.dli.2015.170080,scan_ocr,TXT/JSON metadata,Internet Archive scan metadata; public-domain edition likely; IA terms apply,1930-or-earlier publication; public domain in USA likely as of 2026; verify jurisdiction and scan status,Yes for staging,Yes after review,Yes after OCR/legal review,"Yes, can ingest after OCR cleanup/legal/content review","Credit Internet Archive, source library, and A. Govindacharya; preserve archive identifier",Yes if public-domain status applies in deployment jurisdiction,No for public-domain edition; scan terms still need review,Medium,Hard,legal; OCR review; Sri Vaishnava review; Visishtadvaita terminology review; Sanskrit/English alignment; segmentation,Yatindra-Mata-Dipika OCR staged to deepen Vishishtadvaita doctrinal coverage beyond Sri Bhashya; verify authorship and edition details from title pages before ingestion. OCR staged at content/_staging/raw/english/yatindra_mata_dipika_srinivasa_1912_en.txt on 2026-07-05; IA metadata sidecar staged beside it.,staged_candidate
philosophy_ramanuja_hebblethwaite_1926_en,The Philosophy of Ramanuja with Special Reference to His Theory of the Self,secondary/vedanta,sri_vaishnava/vishishtadvaita,pan_indian,English,Roman/OCR,Harold Willis Hebblethwaite,none,Internet Archive scan,1926,Internet Archive,https://archive.org/details/thephilosophyofr00hebb,scan_ocr,TXT/JSON metadata,Internet Archive scan metadata; public-domain edition likely; IA terms apply,1930-or-earlier publication; public domain in USA likely as of 2026; verify jurisdiction and scan status,Yes for staging,Yes after review,Yes after OCR/legal review,"Yes, can ingest after OCR cleanup/legal/content review","Credit Internet Archive, source library, and Harold Willis Hebblethwaite; preserve archive identifier",Yes if public-domain status applies in deployment jurisdiction,No for public-domain edition; scan terms still need review,Medium,Medium,legal; OCR review; Sri Vaishnava review; dated-scholarship review; thesis/source-boundary review; segmentation,Hebblethwaite's study of Ramanuja OCR staged as secondary context for self/soul doctrine; do not cite as primary scripture or as the tradition's own voice. OCR staged at content/_staging/raw/english/philosophy_ramanuja_hebblethwaite_1926_en.txt on 2026-07-05; IA metadata sidecar staged beside it.,staged_candidate
holy_city_benares_sen_1912_en,The Holy City (Benares),practice/pilgrimage,general,varanasi/kashi,English,Roman/OCR,Rajani Ranjan Sen,none,Internet Archive scan,1912,Internet Archive,https://archive.org/details/holycitybenares00senrrich,scan_ocr,TXT/JSON metadata,Internet Archive scan metadata; public-domain edition likely; IA terms apply,1930-or-earlier publication; public domain in USA likely as of 2026; verify jurisdiction and scan status,Yes for staging,Yes after review,Yes after OCR/legal review,"Yes, can ingest after OCR cleanup/legal/content review","Credit Internet Archive, source library, and Rajani Ranjan Sen; preserve archive identifier",Yes if public-domain status applies in deployment jurisdiction,No for public-domain edition; scan terms still need review,Medium,Medium,legal; OCR review; pilgrimage/place review; colonial-era framing review; regional practice review; segmentation,Rajani Ranjan Sen's Benares volume OCR staged for Kashi/Varanasi pilgrimage and sacred geography context; verify local practice claims before retrieval use. OCR staged at content/_staging/raw/english/holy_city_benares_sen_1912_en.txt on 2026-07-05; IA metadata sidecar staged beside it.,staged_candidate
benares_gazetteer_nevill_1909_en,Benares: A Gazetteer,reference/place_history,general,varanasi/kashi,English,Roman/OCR,H. R. Nevill,none,Internet Archive DLI scan,1909,Internet Archive,https://archive.org/details/in.ernet.dli.2015.181552,scan_ocr,TXT/JSON metadata,Internet Archive scan metadata; public-domain edition likely; IA terms apply,1930-or-earlier publication; public domain in USA likely as of 2026; verify jurisdiction and scan status,Yes for staging,Yes after review,Yes after OCR/legal review,"Yes, can ingest after OCR cleanup/legal/content review","Credit Internet Archive, source library, and H. R. Nevill; preserve archive identifier",Yes if public-domain status applies in deployment jurisdiction,No for public-domain edition; scan terms still need review,Medium,Medium,legal; OCR review; place-history review; colonial administrative bias review; caste/social-content review; segmentation,Nevill's Benares Gazetteer OCR staged for historical place-reference context only; administrative and colonial framing must be separated from devotional guidance. OCR staged at content/_staging/raw/english/benares_gazetteer_nevill_1909_en.txt on 2026-07-05; IA metadata sidecar staged beside it.,staged_candidate
life_ramanujacharya_govindacharya_1906_en,The Life of Ramanujacharya,biography/vedanta,sri_vaishnava/vishishtadvaita,south_india,English,Roman/OCR,A. Govindacharya,none,Internet Archive DLI scan,1906,Internet Archive,https://archive.org/details/in.ernet.dli.2015.22323,scan_ocr,TXT/JSON metadata,Internet Archive scan metadata; public-domain edition likely; IA terms apply,1930-or-earlier publication; public domain in USA likely as of 2026; verify jurisdiction and scan status,Yes for staging,Yes after review,Yes after OCR/legal review,"Yes, can ingest after OCR cleanup/legal/content review","Credit Internet Archive, source library, and A. Govindacharya; preserve archive identifier",Yes if public-domain status applies in deployment jurisdiction,No for public-domain edition; scan terms still need review,Medium,Medium,legal; OCR review; Sri Vaishnava review; hagiography/history boundary review; copyright notice review; segmentation,Govindacharya's Life of Ramanujacharya OCR staged for Sri Vaishnava biography and lineage context; copyright notice and hagiographic framing require review before use. OCR staged at content/_staging/raw/english/life_ramanujacharya_govindacharya_1906_en.txt on 2026-07-05; IA metadata sidecar staged beside it.,staged_candidate
bhakti_cult_ancient_india_goswami_1924_en,The Bhakti Cult in Ancient India,secondary/bhakti,bhakti/general,pan_indian,English,Roman/OCR,Bhagwat Kumar Goswami Shastri,none,Internet Archive DLI scan,1924,Internet Archive,https://archive.org/details/in.ernet.dli.2015.68602,scan_ocr,TXT/JSON metadata,Internet Archive scan metadata; public-domain edition likely; IA terms apply,1930-or-earlier publication; public domain in USA likely as of 2026; verify jurisdiction and scan status,Yes for staging,Yes after review,Yes after OCR/legal review,"Yes, can ingest after OCR cleanup/legal/content review","Credit Internet Archive, source library, and Bhagwat Kumar Goswami Shastri; preserve archive identifier",Yes if public-domain status applies in deployment jurisdiction,No for public-domain edition; scan terms still need review,Medium,Medium,legal; OCR review; bhakti review; dated-scholarship review; Sanskrit/source citation review; segmentation,"Goswami Shastri's Bhakti Cult in Ancient India OCR staged as secondary context for bhakti development; use as dated scholarship, not primary devotional authority. OCR staged at content/_staging/raw/english/bhakti_cult_ancient_india_goswami_1924_en.txt on 2026-07-05; IA metadata sidecar staged beside it.",staged_candidate
who_is_krishna_saha_1930_en,Who Is Krishna?,secondary/krishna,vaishnava/general,pan_indian,English,Roman/OCR,Kshetra Lal Saha,none,"Internet Archive scan, Ganesh and Co.",1930,Internet Archive,https://archive.org/details/rkas.1263.whoiskrishna0000kshe,scan_ocr,TXT/JSON metadata,Internet Archive scan metadata; public-domain edition likely; IA terms apply,1930-or-earlier publication; public domain in USA likely as of 2026; verify jurisdiction and scan status,Yes for staging,Yes after review,Yes after OCR/legal review,"Yes, can ingest after OCR cleanup/legal/content review","Credit Internet Archive, source library, and Kshetra Lal Saha; preserve archive identifier",Yes if public-domain status applies in deployment jurisdiction,No for public-domain edition; scan terms still need review,Medium,Medium,legal; OCR review; Krishna/Vaishnava review; dated-scholarship review; sensitive tradition-variation review; segmentation,Saha's 1930 Krishna study OCR staged for review-first Krishna theology and history context; 1930 publication is likely public domain in the USA as of 2026 but jurisdiction review is still required. OCR staged at content/_staging/raw/english/who_is_krishna_saha_1930_en.txt on 2026-07-05; IA metadata sidecar staged beside it.,staged_candidate
pancharatra_vaishnava_daily_life_rajagopalachariar_1917_en,The Pancharatra and Vaishnava Daily Life,practice/vaishnava,sri_vaishnava/pancharatra,south_india,English,Roman/OCR,T. Rajagopalachariar,none,Internet Archive scan of 1917 Vedanta Kesari article,1917,Internet Archive,https://archive.org/details/rajagopalachariar-t.-1917-01-the-pancharatra-and-vaishnava-daily-life-jan-1917-i,scan_ocr,TXT/JSON metadata,Internet Archive scan metadata; public-domain edition likely; IA terms apply,1930-or-earlier publication; public domain in USA likely as of 2026; verify jurisdiction and scan status,Yes for staging,Yes after review,Yes after OCR/legal review,"Yes, can ingest after OCR cleanup/legal/content review","Credit Internet Archive, source library, and T. Rajagopalachariar; preserve archive identifier",Yes if public-domain status applies in deployment jurisdiction,No for public-domain edition; scan terms still need review,Medium,Medium,legal; OCR review; Pancharatra review; practice-safety review; article/source-boundary review; segmentation,Rajagopalachariar's Vedanta Kesari article OCR staged for Vaishnava daily-practice context; cite as an article and avoid turning historical practice notes into prescriptive guidance. OCR staged at content/_staging/raw/english/pancharatra_vaishnava_daily_life_rajagopalachariar_1917_en.txt on 2026-07-05; IA metadata sidecar staged beside it.,staged_candidate
hindu_system_moral_science_sarkar_1912_en,The Hindu System of Moral Science,ethics/secondary,general,pan_indian,English,Roman/OCR,Kishori Lal Sarkar,none,"Internet Archive Cornell scan, third edition",1912,Internet Archive,https://archive.org/details/cu31924022925402,scan_ocr,TXT/JSON metadata,Internet Archive scan metadata; public-domain edition likely; IA terms apply,1930-or-earlier publication; public domain in USA likely as of 2026; verify jurisdiction and scan status,Yes for staging,Yes after review,Yes after OCR/legal review,"Yes, can ingest after OCR cleanup/legal/content review","Credit Internet Archive, source library, and Kishori Lal Sarkar; preserve archive identifier",Yes if public-domain status applies in deployment jurisdiction,No for public-domain edition; scan terms still need review,Medium,Medium,legal; OCR review; ethics review; dated-scholarship review; caste/social-content review; segmentation,"Sarkar's Hindu moral-science study OCR staged for ethics and self-culture context; use as dated secondary framing, not as universal Hindu doctrine. OCR staged at content/_staging/raw/english/hindu_system_moral_science_sarkar_1912_en.txt on 2026-07-05; IA metadata sidecar staged beside it.",staged_candidate
hindu_system_self_culture_sarkar_1902_en,The Hindu System of Self-Culture of the Patanjala Yoga Shastra,yoga/secondary,yoga,pan_indian,English,Roman/OCR,Kishori Lal Sarkar,none,Internet Archive DLI scan,1902,Internet Archive,https://archive.org/details/dli.ministry.13943,scan_ocr,TXT/JSON metadata,Internet Archive scan metadata; public-domain edition likely; IA terms apply,1930-or-earlier publication; public domain in USA likely as of 2026; verify jurisdiction and scan status,Yes for staging,Yes after review,Yes after OCR/legal review,"Yes, can ingest after OCR cleanup/legal/content review","Credit Internet Archive, source library, and Kishori Lal Sarkar; preserve archive identifier",Yes if public-domain status applies in deployment jurisdiction,No for public-domain edition; scan terms still need review,Medium,Medium,legal; OCR review; Yoga review; practice-safety review; dated-scholarship review; segmentation,Sarkar's Patanjala Yoga self-culture study OCR staged for yoga ethics/practice context; avoid surfacing practice instructions without safety and tradition review. OCR staged at content/_staging/raw/english/hindu_system_self_culture_sarkar_1902_en.txt on 2026-07-05; IA metadata sidecar staged beside it.,staged_candidate
divine_wisdom_dravida_saints_govindacharya_1902_en,The Divine Wisdom of the Dravida Saints,bhakti/sri_vaishnava,sri_vaishnava/alvar,south_india,English,Roman/OCR,A. Govindacharya,none,Internet Archive scan,1902,Internet Archive,https://archive.org/details/divinewisdomofdr00goviiala,scan_ocr,TXT/JSON metadata,Internet Archive scan metadata; public-domain edition likely; IA terms apply,1930-or-earlier publication; public domain in USA likely as of 2026; verify jurisdiction and scan status,Yes for staging,Yes after review,Yes after OCR/legal review,"Yes, can ingest after OCR cleanup/legal/content review","Credit Internet Archive, source library, and A. Govindacharya; preserve archive identifier",Yes if public-domain status applies in deployment jurisdiction,No for public-domain edition; scan terms still need review,Medium,Hard,legal; OCR review; Sri Vaishnava review; Tamil/English alignment; verse attribution; segmentation,Govindacharya's Dravida Saints translations OCR staged for Alvar/Sri Vaishnava devotional coverage; verify Tamil source alignment and verse boundaries before retrieval use. OCR staged at content/_staging/raw/english/divine_wisdom_dravida_saints_govindacharya_1902_en.txt on 2026-07-05; IA metadata sidecar staged beside it.,staged_candidate
system_vedanta_deussen_johnston_1912_en,The System of the Vedanta,vedanta/secondary,advaita,pan_indian,English,Roman/OCR,Charles Johnston,Paul Deussen,Internet Archive DLI scan,1912,Internet Archive,https://archive.org/details/dli.csl.3525,scan_ocr,TXT/JSON metadata,Internet Archive scan metadata; public-domain edition likely; IA terms apply,1930-or-earlier publication; public domain in USA likely as of 2026; verify jurisdiction and scan status,Yes for staging,Yes after review,Yes after OCR/legal review,"Yes, can ingest after OCR cleanup/legal/content review","Credit Internet Archive, source library, and Charles Johnston; preserve archive identifier",Yes if public-domain status applies in deployment jurisdiction,No for public-domain edition; scan terms still need review,Medium,Hard,legal; OCR review; Advaita review; dated-scholarship review; Brahma-Sutra commentary boundary review; segmentation,Deussen/Johnston Vedanta system OCR staged as secondary Advaita and Brahma-Sutra context; do not cite as primary scripture or tradition-neutral doctrine. OCR staged at content/_staging/raw/english/system_vedanta_deussen_johnston_1912_en.txt on 2026-07-05; IA metadata sidecar staged beside it.,staged_candidate
science_philosophy_religion_vivekananda_1908_en,The Science and Philosophy of Religion,vedanta/comparative_philosophy,ramakrishna_vedanta/advaita,pan_indian,English,Roman/OCR,Swami Vivekananda,none,"Internet Archive DLI scan, Udbodhan Office",1908,Internet Archive,https://archive.org/details/dli.ministry.26988,scan_ocr,TXT/JSON metadata,Internet Archive scan metadata; public-domain edition likely; IA terms apply,1930-or-earlier publication; public domain in USA likely as of 2026; verify jurisdiction and scan status,Yes for staging,Yes after review,Yes after OCR/legal review,"Yes, can ingest after OCR cleanup/legal/content review","Credit Internet Archive, source library, and Swami Vivekananda; preserve archive identifier",Yes if public-domain status applies in deployment jurisdiction,No for public-domain edition; scan terms still need review,Medium,Medium,legal; OCR review; Ramakrishna-Vedanta review; comparative religion review; quotation/source-boundary review; segmentation,Vivekananda comparative study OCR staged for Sankhya/Vedanta and religion-philosophy context; speaker/source boundaries and duplicate Vivekananda passage review remain required. OCR staged at content/_staging/raw/english/science_philosophy_religion_vivekananda_1908_en.txt on 2026-07-05; IA metadata sidecar staged beside it.,staged_candidate
high_caste_hindu_woman_ramabai_1887_en,The High-Caste Hindu Woman,secondary/social_context,general,india,English,Roman/OCR,Pandita Ramabai Sarasvati,Rachel L. Bodley,"Internet Archive scan, 1887 Philadelphia edition",1887,Internet Archive,https://archive.org/details/highcastehinduwo00ramaiala,scan_ocr,TXT/JSON metadata,Internet Archive scan metadata; public-domain edition likely; IA terms apply,1930-or-earlier publication; public domain in USA likely as of 2026; verify jurisdiction and scan status,Yes for staging,Yes after review,Yes after OCR/legal review,"Yes, can ingest after OCR cleanup/legal/content review","Credit Internet Archive, source library, and Pandita Ramabai Sarasvati; preserve archive identifier",Yes if public-domain status applies in deployment jurisdiction,No for public-domain edition; scan terms still need review,Medium,Medium,legal; OCR review; social-history review; caste/gender sensitive content review; missionary/reform framing review; segmentation,"Pandita Ramabai's social reform text OCR staged for historical context on caste, gender, and Hindu society; use carefully as critique/social history, not as devotional source or universal tradition description. OCR staged at content/_staging/raw/english/high_caste_hindu_woman_ramabai_1887_en.txt on 2026-07-05; IA metadata sidecar staged beside it.",staged_candidate
holy_lives_azhvars_govindacharya_1902_en,"The Holy Lives of the Azhvars, or the Dravida Saints",biography/sri_vaishnava,sri_vaishnava/alvar,south_india,English,Roman/OCR,A. Govindacharya,none,Internet Archive Google scan,1902,Internet Archive,https://archive.org/details/holylivesazhvrs00govigoog,scan_ocr,TXT/JSON metadata,Internet Archive scan metadata; public-domain edition likely; IA terms apply,1930-or-earlier publication; public domain in USA likely as of 2026; verify jurisdiction and scan status,Yes for staging,Yes after review,Yes after OCR/legal review,"Yes, can ingest after OCR cleanup/legal/content review","Credit Internet Archive, source library, and A. Govindacharya; preserve archive identifier",Yes if public-domain status applies in deployment jurisdiction,No for public-domain edition; scan terms still need review,Medium,Hard,legal; OCR review; Sri Vaishnava review; hagiography/source-boundary review; Tamil/English alignment; segmentation,Govindacharya's Holy Lives of the Azhvars OCR staged as a companion to Divine Wisdom of the Dravida Saints; remove Google boilerplate and verify hagiographic source boundaries before retrieval use. OCR staged at content/_staging/raw/english/holy_lives_azhvars_govindacharya_1902_en.txt on 2026-07-05; IA metadata sidecar staged beside it.,staged_candidate
hindu_mythology_wilkins_1882_en,"Hindu Mythology, Vedic and Puranic",reference/mythology,general,pan_indian,English,Roman/OCR,W. J. Wilkins,none,"Internet Archive scan, Thacker Spink and Co.",1882,Internet Archive,https://archive.org/details/hindumythologyve00wilk,scan_ocr,TXT/JSON metadata,Internet Archive scan metadata; public-domain edition likely; IA terms apply,1930-or-earlier publication; public domain in USA likely as of 2026; verify jurisdiction and scan status,Yes for staging,Yes after review,Yes after OCR/legal review,"Yes, can ingest after OCR cleanup/legal/content review","Credit Internet Archive, source library, and W. J. Wilkins; preserve archive identifier",Yes if public-domain status applies in deployment jurisdiction,No for public-domain edition; scan terms still need review,Medium,Medium,legal; OCR review; mythology reference review; missionary/colonial framing review; deity terminology review; segmentation,Wilkins' Hindu Mythology OCR staged for deity and mythology reference coverage; label as colonial-era reference context and do not surface missionary framing as app voice. OCR staged at content/_staging/raw/english/hindu_mythology_wilkins_1882_en.txt on 2026-07-05; IA metadata sidecar staged beside it.,staged_candidate
indian_wisdom_monier_williams_1893_en,Indian Wisdom,secondary/sanskrit_literature,general,pan_indian,English,Roman/OCR,Monier Monier-Williams,none,Internet Archive Cornell scan,1893,Internet Archive,https://archive.org/details/cu31924023004785,scan_ocr,TXT/JSON metadata,Internet Archive scan metadata; public-domain edition likely; IA terms apply,1930-or-earlier publication; public domain in USA likely as of 2026; verify jurisdiction and scan status,Yes for staging,Yes after review,Yes after OCR/legal review,"Yes, can ingest after OCR cleanup/legal/content review","Credit Internet Archive, source library, and Monier Monier-Williams; preserve archive identifier",Yes if public-domain status applies in deployment jurisdiction,No for public-domain edition; scan terms still need review,Medium,Hard,legal; OCR review; Sanskrit literature review; dated-scholarship review; colonial framing review; segmentation,"Monier-Williams' Indian Wisdom OCR staged for broad Sanskrit literature and Hindu religious/philosophical doctrine context; use as dated secondary anthology, not as primary source authority. OCR staged at content/_staging/raw/english/indian_wisdom_monier_williams_1893_en.txt on 2026-07-05; IA metadata sidecar staged beside it.",staged_candidate
religious_sects_hindus_wilson_1846_en,Sketch of the Religious Sects of the Hindus,secondary/sects,general,pan_indian,English,Roman/OCR,H. H. Wilson,none,Internet Archive Princeton Theological Seminary scan,1846,Internet Archive,https://archive.org/details/sketchofreligiou00wils,scan_ocr,TXT/JSON metadata,Internet Archive scan metadata; public-domain edition likely; IA terms apply,1930-or-earlier publication; public domain in USA likely as of 2026; verify jurisdiction and scan status,Yes for staging,Yes after review,Yes after OCR/legal review,"Yes, can ingest after OCR cleanup/legal/content review","Credit Internet Archive, source library, and H. H. Wilson; preserve archive identifier",Yes if public-domain status applies in deployment jurisdiction,No for public-domain edition; scan terms still need review,Medium,Medium,legal; OCR review; sect taxonomy review; colonial/missionary framing review; terminology review; segmentation,Wilson's sketch of Hindu sects OCR staged for historical sect taxonomy context; review dated categories and colonial framing before retrieval use. OCR staged at content/_staging/raw/english/religious_sects_hindus_wilson_1846_en.txt on 2026-07-06; IA metadata sidecar staged beside it.,staged_candidate
hindu_pantheon_moor_1810_en,The Hindu Pantheon,reference/iconography,general,pan_indian,English,Roman/OCR,Edward Moor,none,Internet Archive IGNCA scan,1810,Internet Archive,https://archive.org/details/in.gov.ignca.35409,scan_ocr,TXT/JSON metadata,Internet Archive scan metadata; public-domain edition likely; IA terms apply,1930-or-earlier publication; public domain in USA likely as of 2026; verify jurisdiction and scan status,Yes for staging,Yes after review,Yes after OCR/legal review,"Yes, can ingest after OCR cleanup/legal/content review","Credit Internet Archive, source library, and Edward Moor; preserve archive identifier",Yes if public-domain status applies in deployment jurisdiction,No for public-domain edition; scan terms still need review,Medium,Hard,legal; OCR review; iconography review; deity terminology review; colonial framing review; plate/source-boundary review; segmentation,Moor's Hindu Pantheon OCR staged for early deity and iconography reference coverage; plate captions and colonial terminology require careful separation before retrieval use. OCR staged at content/_staging/raw/english/hindu_pantheon_moor_1810_en.txt on 2026-07-06; IA metadata sidecar staged beside it.,staged_candidate
history_literature_religion_hindoos_ward_1863_en,"A View of the History, Literature, and Religion of the Hindoos",secondary/history_customs,general,pan_indian,English,Roman/OCR,William Ward,none,"Internet Archive scan, fifth abridged edition",1863,Internet Archive,https://archive.org/details/viewofhistorylit00ward,scan_ocr,TXT/JSON metadata,Internet Archive scan metadata; public-domain edition likely; IA terms apply,1930-or-earlier publication; public domain in USA likely as of 2026; verify jurisdiction and scan status,Yes for staging,Yes after review,Yes after OCR/legal review,"Yes, can ingest after OCR cleanup/legal/content review","Credit Internet Archive, source library, and William Ward; preserve archive identifier",Yes if public-domain status applies in deployment jurisdiction,No for public-domain edition; scan terms still need review,Medium,Hard,legal; OCR review; customs/history review; missionary bias review; caste/social-content review; source-translation boundary review; segmentation,Ward's historical customs and religion account OCR staged as dated missionary-era secondary context; do not present its framing as neutral or authoritative. OCR staged at content/_staging/raw/english/history_literature_religion_hindoos_ward_1863_en.txt on 2026-07-06; IA metadata sidecar staged beside it.,staged_candidate
hindu_jurisprudence_sen_1918_en,The General Principles of Hindu Jurisprudence,dharma_sastra/legal_context,general,pan_indian,English,Roman/OCR,Priyanath Sen,none,"Internet Archive DLI scan, Tagore Law Lectures 1909",1918,Internet Archive,https://archive.org/details/in.ernet.dli.2015.24786,scan_ocr,TXT/JSON metadata,Internet Archive scan metadata; public-domain edition likely; IA terms apply,1930-or-earlier publication; public domain in USA likely as of 2026; verify jurisdiction and scan status,Yes for staging,Yes after review,Yes after OCR/legal review,"Yes, can ingest after OCR cleanup/legal/content review","Credit Internet Archive, source library, and Priyanath Sen; preserve archive identifier",Yes if public-domain status applies in deployment jurisdiction,No for public-domain edition; scan terms still need review,Medium,Hard,legal; OCR review; dharma-sastra review; jurisprudence review; non-advisory legal labeling; segmentation,Sen's Hindu jurisprudence lectures OCR staged for legal-history context around dharma-sastra interpretation; must be labeled historical and non-advisory. OCR staged at content/_staging/raw/english/hindu_jurisprudence_sen_1918_en.txt on 2026-07-06; IA metadata sidecar staged beside it.,staged_candidate
primer_hinduism_farquhar_1912_en,A Primer of Hinduism,secondary/overview,general,pan_indian,English,Roman/OCR,J. N. Farquhar,none,"Internet Archive scan, second edition revised and enlarged",1912,Internet Archive,https://archive.org/details/primerofhinduism0000farq,scan_ocr,TXT/JSON metadata,Internet Archive scan metadata; public-domain edition likely; IA terms apply,1930-or-earlier publication; public domain in USA likely as of 2026; verify jurisdiction and scan status,Yes for staging,Yes after review,Yes after OCR/legal review,"Yes, can ingest after OCR cleanup/legal/content review","Credit Internet Archive, source library, and J. N. Farquhar; preserve archive identifier",Yes if public-domain status applies in deployment jurisdiction,No for public-domain edition; scan terms still need review,Medium,Medium,legal; OCR review; overview/source-boundary review; missionary framing review; dated-scholarship review; segmentation,Farquhar's primer OCR staged as a compact dated overview source; use only with explicit missionary-era framing and not as Sandhya voice. OCR staged at content/_staging/raw/english/primer_hinduism_farquhar_1912_en.txt on 2026-07-06; IA metadata sidecar staged beside it.,staged_candidate
handbook_sanskrit_literature_small_1866_en,A Handbook of Sanskrit Literature,secondary/sanskrit_literature,general,pan_indian,English,Roman/OCR,George Small,none,Internet Archive scan,1866,Internet Archive,https://archive.org/details/handbookofsanskr00smal,scan_ocr,TXT/JSON metadata,Internet Archive scan metadata; public-domain edition likely; IA terms apply,1930-or-earlier publication; public domain in USA likely as of 2026; verify jurisdiction and scan status,Yes for staging,Yes after review,Yes after OCR/legal review,"Yes, can ingest after OCR cleanup/legal/content review","Credit Internet Archive, source library, and George Small; preserve archive identifier",Yes if public-domain status applies in deployment jurisdiction,No for public-domain edition; scan terms still need review,Medium,Medium,legal; OCR review; Sanskrit literature review; mythology/caste/sect appendix review; missionary framing review; segmentation,"Small's Sanskrit-literature handbook OCR staged for compact literary, mythology, caste, and sect reference context; review missionary framing and dated terminology before use. OCR staged at content/_staging/raw/english/handbook_sanskrit_literature_small_1866_en.txt on 2026-07-06; IA metadata sidecar staged beside it.",staged_candidate
bhagavad_gita_ramanuja_bhashya_govindacharya_1898_en,Sri Bhagavad-Gita with Sri Ramanujacharya's Gita Bhashya,bhagavad_gita/commentary,sri_vaishnava/vishishtadvaita,south_india/pan_indian,English,Roman/OCR,A. Govindacharya,Sri Ramanujacharya,Internet Archive scan,1898,Internet Archive,https://archive.org/details/gita-bhasya,scan_ocr,TXT/JSON metadata,Internet Archive scan metadata; public-domain edition likely; IA terms apply,1930-or-earlier publication; public domain in USA likely as of 2026; verify jurisdiction and scan status,Yes for staging,Yes after review,Yes after OCR/legal review,"Yes, can ingest after OCR cleanup/legal/content review","Credit Internet Archive, source library, and A. Govindacharya; preserve archive identifier",Yes if public-domain status applies in deployment jurisdiction,No for public-domain edition; scan terms still need review,Medium,Hard,legal; OCR review; Sri Vaishnava review; Gita duplicate review; commentary boundary review; Sanskrit/English alignment; all-rights-reserved notice review; segmentation,Govindacharya's English Gita with Ramanuja's Gita Bhashya OCR staged to add Sri Vaishnava/Vishishtadvaita Gita commentary coverage; title-page notice needs legal review before use. OCR staged at content/_staging/raw/english/bhagavad_gita_ramanuja_bhashya_govindacharya_1898_en.txt on 2026-07-06; IA metadata sidecar staged beside it.,staged_candidate
lectures_bhagavad_gita_bhawani_shankar_1923_en,Lectures on Bhagavad Gita,bhagavad_gita/secondary,theosophical/modern_vedanta,pan_indian,English,Roman/OCR,Bhawani Shankar,Upendra Nath Basu,"Internet Archive DLI scan, second edition",1923,Internet Archive,https://archive.org/details/in.ernet.dli.2015.96311,scan_ocr,TXT/JSON metadata,Internet Archive scan metadata; public-domain edition likely; IA terms apply,1930-or-earlier publication; public domain in USA likely as of 2026; verify jurisdiction and scan status,Yes for staging,Yes after review,Yes after OCR/legal review,"Yes, can ingest after OCR cleanup/legal/content review","Credit Internet Archive, source library, and Bhawani Shankar; preserve archive identifier",Yes if public-domain status applies in deployment jurisdiction,No for public-domain edition; scan terms still need review,Medium,Medium,legal; OCR review; Gita review; theosophical framing review; duplicate review; all-rights-reserved notice review; segmentation,Bhawani Shankar's lecture series on the Bhagavad Gita OCR staged as modern interpretive context; distinguish lectures from scripture/commentary and review title-page rights notice. OCR staged at content/_staging/raw/english/lectures_bhagavad_gita_bhawani_shankar_1923_en.txt on 2026-07-06; IA metadata sidecar staged beside it.,staged_candidate
bhagavad_gita_exposition_rele_1928_en,Bhagavad-Gita: An Exposition,bhagavad_gita/secondary,general/modern_interpretation,western_india/pan_indian,English,Roman/OCR,Vasant G. Rele,none,Internet Archive DLI scan,1928,Internet Archive,https://archive.org/details/in.ernet.dli.2015.58942,scan_ocr,TXT/JSON metadata,Internet Archive scan metadata; public-domain edition likely; IA terms apply,1930-or-earlier publication; public domain in USA likely as of 2026; verify jurisdiction and scan status,Yes for staging,Yes after review,Yes after OCR/legal review,"Yes, can ingest after OCR cleanup/legal/content review","Credit Internet Archive, source library, and Vasant G. Rele; preserve archive identifier",Yes if public-domain status applies in deployment jurisdiction,No for public-domain edition; scan terms still need review,Medium,Medium,legal; OCR review; Gita review; psycho-philosophy framing review; missing-page review; duplicate review; segmentation,"Rele's 1928 English exposition of the Bhagavad Gita OCR staged for modern interpretive context; source scan notes missing pages, so completeness must be checked before use. OCR staged at content/_staging/raw/english/bhagavad_gita_exposition_rele_1928_en.txt on 2026-07-06; IA metadata sidecar staged beside it.",staged_candidate
one_hundred_poems_tayumanavar_1930_en,One Hundred Poems of Tayumanavar,shaiva/tamil_bhakti,tamil_shaiva,tamil/south_india,English,Roman/OCR,N. R. Subramania Pillai,none,Internet Archive scan,1930,Internet Archive,https://archive.org/details/one-hundred-poems-of-tayumanavar,scan_ocr,TXT/JSON metadata,Internet Archive scan metadata; public-domain edition likely; IA terms apply,1930-or-earlier publication; public domain in USA likely as of 2026; verify jurisdiction and scan status,Yes for staging,Yes after review,Yes after OCR/legal review,"Yes, can ingest after OCR cleanup/legal/content review","Credit Internet Archive, source library, and N. R. Subramania Pillai; preserve archive identifier",Yes if public-domain status applies in deployment jurisdiction,No for public-domain edition; scan terms still need review,Medium,Hard,legal; OCR review; Tamil Shaiva review; copyright notice review; Tamil/English alignment; poem attribution review; segmentation,English translations of Tayumanavar poems OCR staged to improve Tamil Shaiva devotional coverage; 1930 copyright notice and jurisdiction status require review before ingestion. OCR staged at content/_staging/raw/english/one_hundred_poems_tayumanavar_1930_en.txt on 2026-07-06; IA metadata sidecar staged beside it.,staged_candidate
inspirations_saint_tukaram_munge_1930_en,Inspirations of Saint Tukaram,bhakti/varkari,varkari/marathi_bhakti,maharashtra/western_india,English,Roman/OCR,R. P. Munge,none,Internet Archive DLI scan,1930,Internet Archive,https://archive.org/details/in.ernet.dli.2015.62808,scan_ocr,TXT/JSON metadata,Internet Archive scan metadata; public-domain edition likely; IA terms apply,1930-or-earlier publication; public domain in USA likely as of 2026; verify jurisdiction and scan status,Yes for staging,Yes after review,Yes after OCR/legal review,"Yes, can ingest after OCR cleanup/legal/content review","Credit Internet Archive, source library, and R. P. Munge; preserve archive identifier",Yes if public-domain status applies in deployment jurisdiction,No for public-domain edition; scan terms still need review,Medium,Hard,legal; OCR review; Varkari review; Marathi/English alignment; hagiography/verse boundary review; copyright notice review; segmentation,Munge's English Tukaram devotional/context work OCR staged for Varkari bhakti coverage; review verse attribution and copyright notice before use. OCR staged at content/_staging/raw/english/inspirations_saint_tukaram_munge_1930_en.txt on 2026-07-06; IA metadata sidecar staged beside it.,staged_candidate
tukaram_bhaktalilamrita_abbott_ch25_40_1930_en,"Tukaram: Translation from Mahipati's Bhaktalilamrita, Chapters 25-40",bhakti/varkari,varkari/marathi_bhakti,maharashtra/western_india,English,Roman/OCR,Justin E. Abbott,Mahipati,Internet Archive scan,1930,Internet Archive,https://archive.org/details/tukaramtranslati0000mahi,scan_ocr,TXT/JSON metadata,Internet Archive scan metadata; public-domain edition likely; IA terms apply,1930-or-earlier publication; public domain in USA likely as of 2026; verify jurisdiction and scan status,Yes for staging,Yes after review,Yes after OCR/legal review,"Yes, can ingest after OCR cleanup/legal/content review","Credit Internet Archive, source library, and Justin E. Abbott; preserve archive identifier",Yes if public-domain status applies in deployment jurisdiction,No for public-domain edition; scan terms still need review,Medium,Hard,legal; OCR review; Varkari review; Marathi/English alignment; hagiography/source boundary review; copyright notice review; segmentation,Abbott's English translation from Mahipati's Bhaktalilamrita chapters on Tukaram OCR staged for Varkari hagiography context; label chapter scope and review copyright notice before use. OCR staged at content/_staging/raw/english/tukaram_bhaktalilamrita_abbott_ch25_40_1930_en.txt on 2026-07-06; IA metadata sidecar staged beside it.,staged_candidate
bhagavad_gita_arnold_sacred_texts_en,Bhagavad Gita,scripture,general,pan_indian,English,Roman/OCR,Edwin Arnold,none,P0-P3 provisional source map acquisition,TBD,Sacred Texts,https://www.sacred-texts.com/hin/gita/index.htm,website_export,JSONL/HTML,Source terms require review before app use,Public-domain candidate or open-access claim requires verification,Yes for staging,Yes after legal/content review,Yes after legal review,Yes after legal/content review,"Preserve source URL, host, translator/editor, and fetched date",Unclear until legal review,Unclear,Medium,Medium,legal; content; OCR/source cleanup; attribution,Exact source-map Sacred Texts Bhagavad Gita pages scraped as page-level JSONL on 2026-07-06.,staged_candidate
ramayana_griffith_sacred_texts_en,Valmiki Ramayana,itihasa,general,pan_indian,English,Roman/OCR,Ralph T. H. Griffith,none,P0-P3 provisional source map acquisition,TBD,Sacred Texts,https://www.sacred-texts.com/hin/rama/index.htm,website_export,JSONL/HTML,Source terms require review before app use,Public-domain candidate or open-access claim requires verification,Yes for staging,Yes after legal/content review,Yes after legal review,Yes after legal/content review,"Preserve source URL, host, translator/editor, and fetched date",Unclear until legal review,Unclear,Medium,Medium,legal; content; OCR/source cleanup; attribution,Exact source-map Sacred Texts Ramayana pages scraped as 507 page-level JSONL records on 2026-07-06.,staged_candidate
mahabharata_ganguli_sacred_texts_en,Mahabharata,itihasa,general,pan_indian,English,Roman/OCR,Kisari Mohan Ganguli,none,P0-P3 provisional source map acquisition,TBD,Sacred Texts,https://www.sacred-texts.com/hin/maha/index.htm,website_export,JSONL/HTML,Source terms require review before app use,Public-domain candidate or open-access claim requires verification,Yes for staging,Yes after legal/content review,Yes after legal review,Yes after legal/content review,"Preserve source URL, host, translator/editor, and fetched date",Unclear until legal review,Unclear,Medium,Medium,legal; content; OCR/source cleanup; attribution,Exact Sacred Texts landing/progress pages scraped on 2026-07-06; actual Ganguli full text is already staged in Project Gutenberg TXT volumes.,staged_candidate
rig_veda_griffith_sacred_texts_en,Rig Veda selected hymns,shruti,vedic,pan_indian,English,Roman/OCR,Ralph T. H. Griffith,none,P0-P3 provisional source map acquisition,TBD,Sacred Texts,https://www.sacred-texts.com/hin/rigveda/index.htm,website_export,JSONL/HTML,Source terms require review before app use,Public-domain candidate or open-access claim requires verification,Yes for staging,Yes after legal/content review,Yes after legal review,Yes after legal/content review,"Preserve source URL, host, translator/editor, and fetched date",Unclear until legal review,Unclear,Medium,Medium,legal; content; OCR/source cleanup; attribution,Exact Sacred Texts Rig Veda book/index pages scraped on 2026-07-06; full Griffith OCR volumes are already staged from Internet Archive.,staged_candidate
yoga_sutras_bongiovanni_sacred_texts_en,Yoga Sutras of Patanjali,scripture/yoga,yoga,pan_indian,English,Roman/OCR,BonGiovanni,none,P0-P3 provisional source map acquisition,TBD,Sacred Texts,https://www.sacred-texts.com/hin/yogasutr.htm,website_export,JSONL/HTML,Source terms require review before app use,Public-domain candidate or open-access claim requires verification,Yes for staging,Yes after legal/content review,Yes after legal review,Yes after legal/content review,"Preserve source URL, host, translator/editor, and fetched date",Unclear until legal review,Unclear,Medium,Medium,legal; content; OCR/source cleanup; attribution,Exact source-map Yoga Sutras page scraped as JSONL on 2026-07-06.,staged_candidate
tirukkural_project_madurai_source_map_ta_en,Tirukkural,regional_wisdom,tamil,tamil,Tamil/English,Tamil/Roman,Project Madurai listed translators,none,P0-P3 provisional source map acquisition,TBD,Project Madurai,https://projectmadurai.org/pm_etexts/tscii/pmtsc0017.html,website_export,HTML,Source terms require review before app use,Public-domain candidate or open-access claim requires verification,Yes for staging,Yes after legal/content review,Yes after legal review,Yes after legal/content review,"Preserve source URL, host, translator/editor, and fetched date",Unclear until legal review,Unclear,Medium,Medium,legal; content; OCR/source cleanup; attribution,Exact source-map Project Madurai HTML downloaded on 2026-07-06.,
kamba_ramayanam_project_madurai_ayodhya_part1_ta,Kamba Ramayanam Ayodhya Kandam Part 1,itihasa/regional,tamil,tamil,Tamil,Tamil,none,none,P0-P3 provisional source map acquisition,TBD,Project Madurai,https://projectmadurai.org/pm_etexts/utf8/pmuni0422_01.html,website_export,HTML,Source terms require review before app use,Public-domain candidate or open-access claim requires verification,Yes for staging,Yes after legal/content review,Yes after legal review,Yes after legal/content review,"Preserve source URL, host, translator/editor, and fetched date",Unclear until legal review,Unclear,Medium,Medium,legal; content; OCR/source cleanup; attribution,Representative source-map Kamba Ramayanam Project Madurai HTML downloaded on 2026-07-06; full series normalization still needed.,
tiruvacagam_project_madurai_pope_part1_en,Tiruvacagam Part 1,shaiva/tamil_bhakti,tamil_shaiva,tamil,English/Tamil,Roman/Tamil,G. U. Pope,none,P0-P3 provisional source map acquisition,TBD,Project Madurai,https://www.projectmadurai.org/pm_etexts/tscii/pmtsc0094.html,website_export,HTML,Source terms require review before app use,Public-domain candidate or open-access claim requires verification,Yes for staging,Yes after legal/content review,Yes after legal review,Yes after legal/content review,"Preserve source URL, host, translator/editor, and fetched date",Unclear until legal review,Unclear,Medium,Medium,legal; content; OCR/source cleanup; attribution,Exact source-map Project Madurai Tiruvacagam HTML downloaded on 2026-07-06.,
divya_prabandham_project_madurai_muthal_ayiram_ta,Naalayira Divya Prabandham Muthal Ayiram,vaishnava/tamil_bhakti,sri_vaishnava,tamil,Tamil,Tamil,none,none,P0-P3 provisional source map acquisition,TBD,Project Madurai,https://www.projectmadurai.org/pm_etexts/utf8/pmuni0005_01.html,website_export,HTML,Source terms require review before app use,Public-domain candidate or open-access claim requires verification,Yes for staging,Yes after legal/content review,Yes after legal review,Yes after legal/content review,"Preserve source URL, host, translator/editor, and fetched date",Unclear until legal review,Unclear,Medium,Medium,legal; content; OCR/source cleanup; attribution,Project Madurai UTF-8 text downloaded on 2026-07-06 after the source-map TSCII URL returned 404.,
dnyaneshwari_wikisource_mr_rendered,Dnyaneshwari,commentary,varkari,marathi,Marathi,Devanagari,none,Sant Dnyaneshwar,P0-P3 provisional source map acquisition,TBD,Wikisource,https://en.wikisource.org/wiki/mr:%E0%A4%9C%E0%A5%8D%E0%A4%9E%E0%A4%BE%E0%A4%A8%E0%A5%87%E0%A4%B6%E0%A5%8D%E0%A4%B5%E0%A4%B0%E0%A5%80,website_export,HTML,Wikimedia/Wikisource terms; page/source status requires review,Public-domain candidate or open-access claim requires verification,Yes for staging,Yes after legal/content review,Yes after legal review,Yes after legal/content review,"Preserve source URL, host, translator/editor, and fetched date",Unclear until legal review,Unclear,Medium,Medium,legal; content; OCR/source cleanup; attribution,Rendered Wikisource page downloaded on 2026-07-06; existing IA Marathi OCR remains separate.,
ramcharitmanas_english_wikisource_rendered,The Ramayana of Tulsi Das,itihasa/devotional,vaishnava/north_indian,north_india,English,Roman/OCR,F. S. Growse,none,P0-P3 provisional source map acquisition,TBD,English Wikisource,https://en.wikisource.org/wiki/en:The%20R%C3%A1m%C3%A1yana%20of%20Tulsi%20D%C3%A1s,website_export,HTML,Wikimedia/Wikisource terms; public-domain text status requires review,Public-domain candidate or open-access claim requires verification,Yes for staging,Yes after legal/content review,Yes after legal review,Yes after legal/content review,"Preserve source URL, host, translator/editor, and fetched date",Unclear until legal review,Unclear,Medium,Medium,legal; content; OCR/source cleanup; attribution,Exact source-map English Wikisource rendered page downloaded on 2026-07-06.,
vishnu_purana_taylor_anu_press_2021,The Vishnu Purana,purana/vaishnava,vaishnava,pan_indian,English,Roman/OCR,McComas Taylor,none,P0-P3 provisional source map acquisition,TBD,ANU Press,https://press.anu.edu.au/publications/textbooks/visnu-purana,open_access_pdf,PDF/HTML,ANU Press open-access terms require review,Modern open-access work; not public domain,Yes for staging,Yes after legal/content review,Yes after legal review,Yes after legal/content review,"Preserve source URL, host, translator/editor, and fetched date",Unclear until ANU Press licence reviewed,Unclear,Medium,Medium,legal; content; OCR/source cleanup; attribution,ANU Press page and PDF downloaded on 2026-07-06; modern OA licence must be checked before embedding or RAG use.,
brahma_vaivarta_purana_web_archive_gateway,Brahma Vaivarta Purana Devanagari gateway,purana,vaishnava/shakta,pan_indian,Sanskrit,Devanagari,none,none,P0-P3 provisional source map acquisition,TBD,Web Archive,https://web.archive.org/web/20080408110939/http://is1.mum.edu/vedicreserve/puran.htm,website_export,HTML,Source terms require review before app use,Public-domain candidate or open-access claim requires verification,Yes for staging,Yes after legal/content review,Yes after legal review,Yes after legal/content review,"Preserve source URL, host, translator/editor, and fetched date",Unclear until legal review,Unclear,Medium,Medium,legal; content; OCR/source cleanup; attribution,Source-map Web Archive gateway downloaded on 2026-07-06; existing English IA OCR parts remain the actual fuller text staging path.,staged_candidate
markandeya_purana_wisdomlib_blocked,Markandeya Purana WisdomLib exact source,purana/shakta,shakta,pan_indian,English,Roman/OCR,F. E. Pargiter,none,P0-P3 provisional source map acquisition,TBD,WisdomLib,https://www.wisdomlib.org/hinduism/book/the-markandeya-purana/,website,HTML,Source terms require review before app use,Public-domain candidate or open-access claim requires verification,Yes for staging,Yes after legal/content review,Yes after legal review,Yes after legal/content review,"Preserve source URL, host, translator/editor, and fetched date",Unclear until legal review,Unclear,Medium,Medium,legal; content; OCR/source cleanup; attribution,Exact WisdomLib scrape returned 403 on 2026-07-06; actual Markandeya Purana OCR text is already staged from Internet Archive under the target path listed here.,blocked_metadata_only
garuda_purana_dutt_wisdomlib_blocked,Garuda Purana WisdomLib exact source,purana/vaishnava,vaishnava,pan_indian,English,Roman/OCR,Manmatha Nath Dutt,none,P0-P3 provisional source map acquisition,TBD,WisdomLib,https://www.wisdomlib.org/hinduism/book/the-garuda-purana-dutt,website,HTML,Source terms require review before app use,Public-domain candidate or open-access claim requires verification,Yes for staging,Yes after legal/content review,Yes after legal review,Yes after legal/content review,"Preserve source URL, host, translator/editor, and fetched date",Unclear until legal review,Unclear,Medium,Medium,legal; content; OCR/source cleanup; attribution,Exact WisdomLib scrape returned 403 on 2026-07-06; actual Garuda Purana OCR text is already staged from Internet Archive under the target path listed here.,blocked_metadata_only
vedicreserve_puranas_brahmavaivartapurana02,Brahma Vaivarta Purana 02,purana/sanskrit,general,pan_indian,Sanskrit,Devanagari,none,none,Vedic Reserve archived PDF,TBD,Web Archive / Vedic Reserve,https://web.archive.org/web/20080408110939/http://is1.mum.edu/vedicreserve/puran.htm,archived_pdf,PDF,Vedic Reserve/Web Archive terms require review before app use,Sanskrit source candidate; edition and scan rights require review,Yes for staging,Unclear until legal/content review,Unclear until legal review,"No until OCR extraction, legal review, and Sanskrit segmentation",Preserve Web Archive capture URL and original Vedic Reserve path,Unclear until legal review,Unclear,Medium,High,legal; Sanskrit OCR/PDF extraction; segmentation; source edition review,Downloaded archived Devanagari PDF from https://web.archive.org/web/20080408110939/http://is1.mum.edu/vedicreserve/puranas/brahmavaivartapurana02.pdf on 2026-07-06; raw staging only.,staged_candidate
vedicreserve_puranas_brahmavaivartapurana05,Brahma Vaivarta Purana 05,purana/sanskrit,general,pan_indian,Sanskrit,Devanagari,none,none,Vedic Reserve archived PDF,TBD,Web Archive / Vedic Reserve,https://web.archive.org/web/20080408110939/http://is1.mum.edu/vedicreserve/puran.htm,archived_pdf,PDF,Vedic Reserve/Web Archive terms require review before app use,Sanskrit source candidate; edition and scan rights require review,Yes for staging,Unclear until legal/content review,Unclear until legal review,"No until OCR extraction, legal review, and Sanskrit segmentation",Preserve Web Archive capture URL and original Vedic Reserve path,Unclear until legal review,Unclear,Medium,High,legal; Sanskrit OCR/PDF extraction; segmentation; source edition review,Downloaded archived Devanagari PDF from https://web.archive.org/web/20080408110939/http://is1.mum.edu/vedicreserve/puranas/brahmavaivartapurana05.pdf on 2026-07-06; raw staging only.,staged_candidate
vedicreserve_puranas_vishnu_purana,Vishnu Purana,purana/sanskrit,vaishnava,pan_indian,Sanskrit,Devanagari,none,none,Vedic Reserve archived PDF,TBD,Web Archive / Vedic Reserve,https://web.archive.org/web/20080408110939/http://is1.mum.edu/vedicreserve/puran.htm,archived_pdf,PDF,Vedic Reserve/Web Archive terms require review before app use,Sanskrit source candidate; edition and scan rights require review,Yes for staging,Unclear until legal/content review,Unclear until legal review,"No until OCR extraction, legal review, and Sanskrit segmentation",Preserve Web Archive capture URL and original Vedic Reserve path,Unclear until legal review,Unclear,Medium,High,legal; Sanskrit OCR/PDF extraction; segmentation; source edition review,Downloaded archived Devanagari PDF from https://web.archive.org/web/20080408110939/http://is1.mum.edu/vedicreserve/puranas/vishnu_purana.pdf on 2026-07-06; raw staging only.,staged_candidate
gretil_madhva_krsnamrtamaharnava,Krishnamritamaharnava,devotional/sanskrit,madhva/dvaita,pan_indian/kashmir,Sanskrit,Roman transliteration,none,none,GRETIL TEI/plaintext export,TBD,GRETIL,https://gretil.sub.uni-goettingen.de/gretil/corpustei/transformations/plaintext/sa_mAdhva-kRSNAmRtamahArNava.txt,digital_text_repository,TXT/XML,GRETIL terms require review before app use,Digital text rights and source edition require review,Yes for staging,Unclear until legal/content review,Unclear until legal review,"No until legal review, Sanskrit segmentation, and edition review","Preserve GRETIL URL, author, file slug, and TEI metadata",Unclear until legal review,Unclear,High,Medium,legal; Sanskrit segmentation; TEI metadata review; tradition labeling,Plaintext staged at content/_staging/raw/sanskrit/gretil/sa_mAdhva_kRSNAmRtamahArNava.txt; XML sidecar staged at content/_staging/raw/sanskrit/gretil/sa_mAdhva_kRSNAmRtamahArNava.xml on 2026-07-06.,staged_candidate
gretil_madhva_anuvyakhyana,Anuvyakhyana,commentary/sanskrit,madhva/dvaita,pan_indian/kashmir,Sanskrit,Roman transliteration,none,none,GRETIL TEI/plaintext export,TBD,GRETIL,https://gretil.sub.uni-goettingen.de/gretil/corpustei/transformations/plaintext/sa_mAdhva-anuvyAkhyAna.txt,digital_text_repository,TXT/XML,GRETIL terms require review before app use,Digital text rights and source edition require review,Yes for staging,Unclear until legal/content review,Unclear until legal review,"No until legal review, Sanskrit segmentation, and edition review","Preserve GRETIL URL, author, file slug, and TEI metadata",Unclear until legal review,Unclear,High,Medium,legal; Sanskrit segmentation; TEI metadata review; tradition labeling,Plaintext staged at content/_staging/raw/sanskrit/gretil/sa_mAdhva_anuvyAkhyAna.txt; XML sidecar staged at content/_staging/raw/sanskrit/gretil/sa_mAdhva_anuvyAkhyAna.xml on 2026-07-06.,staged_candidate
gretil_madhva_mahabharatatatparyanirnaya,Mahabharata Tatparya Nirnaya,itihasa_commentary/sanskrit,madhva/dvaita,pan_indian/kashmir,Sanskrit,Roman transliteration,none,none,GRETIL TEI/plaintext export,TBD,GRETIL,https://gretil.sub.uni-goettingen.de/gretil/corpustei/transformations/plaintext/sa_mAdhva-mahAbhAratatAtparyanirNaya.txt,digital_text_repository,TXT/XML,GRETIL terms require review before app use,Digital text rights and source edition require review,Yes for staging,Unclear until legal/content review,Unclear until legal review,"No until legal review, Sanskrit segmentation, and edition review","Preserve GRETIL URL, author, file slug, and TEI metadata",Unclear until legal review,Unclear,High,Medium,legal; Sanskrit segmentation; TEI metadata review; tradition labeling,Plaintext staged at content/_staging/raw/sanskrit/gretil/sa_mAdhva_mahAbhAratatAtparyanirNaya.txt; XML sidecar staged at content/_staging/raw/sanskrit/gretil/sa_mAdhva_mahAbhAratatAtparyanirNaya.xml on 2026-07-06.,staged_candidate
gretil_abhinavagupta_anuttarastika,Anuttarashtika,shaiva/sanskrit,kashmir_shaiva,pan_indian/kashmir,Sanskrit,Roman transliteration,none,none,GRETIL TEI/plaintext export,TBD,GRETIL,https://gretil.sub.uni-goettingen.de/gretil/corpustei/transformations/plaintext/sa_abhinavagupta-anuttarASTikA.txt,digital_text_repository,TXT/XML,GRETIL terms require review before app use,Digital text rights and source edition require review,Yes for staging,Unclear until legal/content review,Unclear until legal review,"No until legal review, Sanskrit segmentation, and edition review","Preserve GRETIL URL, author, file slug, and TEI metadata",Unclear until legal review,Unclear,High,Medium,legal; Sanskrit segmentation; TEI metadata review; tradition labeling,Plaintext staged at content/_staging/raw/sanskrit/gretil/sa_abhinavagupta_anuttarASTikA.txt; XML sidecar staged at content/_staging/raw/sanskrit/gretil/sa_abhinavagupta_anuttarASTikA.xml on 2026-07-06.,staged_candidate
gretil_abhinavagupta_bhairavastava,Bhairavastava,shaiva/sanskrit,kashmir_shaiva,pan_indian/kashmir,Sanskrit,Roman transliteration,none,none,GRETIL TEI/plaintext export,TBD,GRETIL,https://gretil.sub.uni-goettingen.de/gretil/corpustei/transformations/plaintext/sa_abhinavagupta-bhairavastava.txt,digital_text_repository,TXT/XML,GRETIL terms require review before app use,Digital text rights and source edition require review,Yes for staging,Unclear until legal/content review,Unclear until legal review,"No until legal review, Sanskrit segmentation, and edition review","Preserve GRETIL URL, author, file slug, and TEI metadata",Unclear until legal review,Unclear,High,Medium,legal; Sanskrit segmentation; TEI metadata review; tradition labeling,Plaintext staged at content/_staging/raw/sanskrit/gretil/sa_abhinavagupta_bhairavastava.txt; XML sidecar staged at content/_staging/raw/sanskrit/gretil/sa_abhinavagupta_bhairavastava.xml on 2026-07-06.,staged_candidate
gretil_abhinavagupta_bodhapajcadazika,Bodhapancharashika,shaiva/sanskrit,kashmir_shaiva,pan_indian/kashmir,Sanskrit,Roman transliteration,none,none,GRETIL TEI/plaintext export,TBD,GRETIL,https://gretil.sub.uni-goettingen.de/gretil/corpustei/transformations/plaintext/sa_abhinavagupta-bodhapaJcadazikA.txt,digital_text_repository,TXT/XML,GRETIL terms require review before app use,Digital text rights and source edition require review,Yes for staging,Unclear until legal/content review,Unclear until legal review,"No until legal review, Sanskrit segmentation, and edition review","Preserve GRETIL URL, author, file slug, and TEI metadata",Unclear until legal review,Unclear,High,Medium,legal; Sanskrit segmentation; TEI metadata review; tradition labeling,Plaintext staged at content/_staging/raw/sanskrit/gretil/sa_abhinavagupta_bodhapaJcadazikA.txt; XML sidecar staged at content/_staging/raw/sanskrit/gretil/sa_abhinavagupta_bodhapaJcadazikA.xml on 2026-07-06.,staged_candidate
gretil_abhinavagupta_izvarapratyabhijjavimarzini,Ishvara Pratyabhijna Vimarshini,shaiva_commentary/sanskrit,kashmir_shaiva,pan_indian/kashmir,Sanskrit,Roman transliteration,none,none,GRETIL TEI/plaintext export,TBD,GRETIL,https://gretil.sub.uni-goettingen.de/gretil/corpustei/transformations/plaintext/sa_abhinavagupta-IzvarapratyabhijJAvimarzinI.txt,digital_text_repository,TXT/XML,GRETIL terms require review before app use,Digital text rights and source edition require review,Yes for staging,Unclear until legal/content review,Unclear until legal review,"No until legal review, Sanskrit segmentation, and edition review","Preserve GRETIL URL, author, file slug, and TEI metadata",Unclear until legal review,Unclear,High,Medium,legal; Sanskrit segmentation; TEI metadata review; tradition labeling,Plaintext staged at content/_staging/raw/sanskrit/gretil/sa_abhinavagupta_IzvarapratyabhijJAvimarzinI.txt; XML sidecar staged at content/_staging/raw/sanskrit/gretil/sa_abhinavagupta_IzvarapratyabhijJAvimarzinI.xml on 2026-07-06.,staged_candidate
gretil_abhinavagupta_kramastotra,Kramastotra,shaiva/sanskrit,kashmir_shaiva,pan_indian/kashmir,Sanskrit,Roman transliteration,none,none,GRETIL TEI/plaintext export,TBD,GRETIL,https://gretil.sub.uni-goettingen.de/gretil/corpustei/transformations/plaintext/sa_abhinavagupta-kramastotra.txt,digital_text_repository,TXT/XML,GRETIL terms require review before app use,Digital text rights and source edition require review,Yes for staging,Unclear until legal/content review,Unclear until legal review,"No until legal review, Sanskrit segmentation, and edition review","Preserve GRETIL URL, author, file slug, and TEI metadata",Unclear until legal review,Unclear,High,Medium,legal; Sanskrit segmentation; TEI metadata review; tradition labeling,Plaintext staged at content/_staging/raw/sanskrit/gretil/sa_abhinavagupta_kramastotra.txt; XML sidecar staged at content/_staging/raw/sanskrit/gretil/sa_abhinavagupta_kramastotra.xml on 2026-07-06.,staged_candidate
gretil_abhinavagupta_malinizlokavarttika,Malini Shloka Varttika,tantra_commentary/sanskrit,kashmir_shaiva,pan_indian/kashmir,Sanskrit,Roman transliteration,none,none,GRETIL TEI/plaintext export,TBD,GRETIL,https://gretil.sub.uni-goettingen.de/gretil/corpustei/transformations/plaintext/sa_abhinavagupta-mAlinIzlokavArttika.txt,digital_text_repository,TXT/XML,GRETIL terms require review before app use,Digital text rights and source edition require review,Yes for staging,Unclear until legal/content review,Unclear until legal review,"No until legal review, Sanskrit segmentation, and edition review","Preserve GRETIL URL, author, file slug, and TEI metadata",Unclear until legal review,Unclear,High,Medium,legal; Sanskrit segmentation; TEI metadata review; tradition labeling,Plaintext staged at content/_staging/raw/sanskrit/gretil/sa_abhinavagupta_mAlinIzlokavArttika.txt; XML sidecar staged at content/_staging/raw/sanskrit/gretil/sa_abhinavagupta_mAlinIzlokavArttika.xml on 2026-07-06.,staged_candidate
gretil_abhinavagupta_paramarthasara,Paramarthasara,shaiva/sanskrit,kashmir_shaiva,pan_indian/kashmir,Sanskrit,Roman transliteration,none,none,GRETIL TEI/plaintext export,TBD,GRETIL,https://gretil.sub.uni-goettingen.de/gretil/corpustei/transformations/plaintext/sa_abhinavagupta-paramArthasAra.txt,digital_text_repository,TXT/XML,GRETIL terms require review before app use,Digital text rights and source edition require review,Yes for staging,Unclear until legal/content review,Unclear until legal review,"No until legal review, Sanskrit segmentation, and edition review","Preserve GRETIL URL, author, file slug, and TEI metadata",Unclear until legal review,Unclear,High,Medium,legal; Sanskrit segmentation; TEI metadata review; tradition labeling,Plaintext staged at content/_staging/raw/sanskrit/gretil/sa_abhinavagupta_paramArthasAra.txt; XML sidecar staged at content/_staging/raw/sanskrit/gretil/sa_abhinavagupta_paramArthasAra.xml on 2026-07-06.,staged_candidate
gretil_abhinavagupta_paramarthasara_comm,Paramarthasara Commentary,shaiva_commentary/sanskrit,kashmir_shaiva,pan_indian/kashmir,Sanskrit,Roman transliteration,none,Abhinavagupta,GRETIL TEI/plaintext export,TBD,GRETIL,https://gretil.sub.uni-goettingen.de/gretil/corpustei/transformations/plaintext/sa_abhinavagupta-paramArthasAra-comm.txt,digital_text_repository,TXT/XML,GRETIL terms require review before app use,Digital text rights and source edition require review,Yes for staging,Unclear until legal/content review,Unclear until legal review,"No until legal review, Sanskrit segmentation, and edition review","Preserve GRETIL URL, author, file slug, and TEI metadata",Unclear until legal review,Unclear,High,Medium,legal; Sanskrit segmentation; TEI metadata review; tradition labeling,Plaintext staged at content/_staging/raw/sanskrit/gretil/sa_abhinavagupta_paramArthasAra_comm.txt; XML sidecar staged at content/_staging/raw/sanskrit/gretil/sa_abhinavagupta_paramArthasAra_comm.xml on 2026-07-06.,staged_candidate
gretil_abhinavagupta_paryantapajcazika,Paryantapanchashika,shaiva/sanskrit,kashmir_shaiva,pan_indian/kashmir,Sanskrit,Roman transliteration,none,none,GRETIL TEI/plaintext export,TBD,GRETIL,https://gretil.sub.uni-goettingen.de/gretil/corpustei/transformations/plaintext/sa_abhinavagupta-paryantapaJcAzikA.txt,digital_text_repository,TXT/XML,GRETIL terms require review before app use,Digital text rights and source edition require review,Yes for staging,Unclear until legal/content review,Unclear until legal review,"No until legal review, Sanskrit segmentation, and edition review","Preserve GRETIL URL, author, file slug, and TEI metadata",Unclear until legal review,Unclear,High,Medium,legal; Sanskrit segmentation; TEI metadata review; tradition labeling,Plaintext staged at content/_staging/raw/sanskrit/gretil/sa_abhinavagupta_paryantapaJcAzikA.txt; XML sidecar staged at content/_staging/raw/sanskrit/gretil/sa_abhinavagupta_paryantapaJcAzikA.xml on 2026-07-06.,staged_candidate
gretil_abhinavagupta_tantraloka,Tantraloka,tantra/sanskrit,kashmir_shaiva,pan_indian/kashmir,Sanskrit,Roman transliteration,none,none,GRETIL TEI/plaintext export,TBD,GRETIL,https://gretil.sub.uni-goettingen.de/gretil/corpustei/transformations/plaintext/sa_abhinavagupta-tantrAloka.txt,digital_text_repository,TXT/XML,GRETIL terms require review before app use,Digital text rights and source edition require review,Yes for staging,Unclear until legal/content review,Unclear until legal review,"No until legal review, Sanskrit segmentation, and edition review","Preserve GRETIL URL, author, file slug, and TEI metadata",Unclear until legal review,Unclear,High,Medium,legal; Sanskrit segmentation; TEI metadata review; tradition labeling,Plaintext staged at content/_staging/raw/sanskrit/gretil/sa_abhinavagupta_tantrAloka.txt; XML sidecar staged at content/_staging/raw/sanskrit/gretil/sa_abhinavagupta_tantrAloka.xml on 2026-07-06.,staged_candidate
gretil_abhinavagupta_tantrasara,Tantrasara,tantra/sanskrit,kashmir_shaiva,pan_indian/kashmir,Sanskrit,Roman transliteration,none,none,GRETIL TEI/plaintext export,TBD,GRETIL,https://gretil.sub.uni-goettingen.de/gretil/corpustei/transformations/plaintext/sa_abhinavagupta-tantrasAra.txt,digital_text_repository,TXT/XML,GRETIL terms require review before app use,Digital text rights and source edition require review,Yes for staging,Unclear until legal/content review,Unclear until legal review,"No until legal review, Sanskrit segmentation, and edition review","Preserve GRETIL URL, author, file slug, and TEI metadata",Unclear until legal review,Unclear,High,Medium,legal; Sanskrit segmentation; TEI metadata review; tradition labeling,Plaintext staged at content/_staging/raw/sanskrit/gretil/sa_abhinavagupta_tantrasAra.txt; XML sidecar staged at content/_staging/raw/sanskrit/gretil/sa_abhinavagupta_tantrasAra.xml on 2026-07-06.,staged_candidate
sanskritdocuments_hanuman_chalisa_hindi_itx,Hanuman Chalisa,stotra/bhakti,ramanandi/hanuman,north_india,Hindi/Awadhi,Devanagari/ITRANS,Tulsidas,none,SanskritDocuments ITX,TBD,SanskritDocuments,https://sanskritdocuments.org/doc_hanumaana/hanuman40.itx,digital_text_repository,ITX,SanskritDocuments terms and per-file provenance require review before app use,Base text likely traditional; transcription/translation terms require review,Yes for staging,Unclear until legal/content review,Unclear until legal review,"No until legal review, normalization, and source review","Preserve SanskritDocuments URL, file metadata, and any listed contributors",Unclear until legal review,Unclear,Medium,Medium,legal; Sanskrit/Hindi review; ITRANS normalization; source edition review,ITX source staged at content/_staging/raw/hindi/sanskritdocuments_hanuman_chalisa_hi.itx on 2026-07-06; normalize and review terms before use.,staged_candidate
sanskritdocuments_hanuman_chalisa_hindi_alt_itx,Hanuman Chalisa alternate Hindi/Awadhi file,stotra/bhakti,ramanandi/hanuman,north_india,Hindi/Awadhi,Devanagari/ITRANS,Tulsidas,none,SanskritDocuments ITX,TBD,SanskritDocuments,https://sanskritdocuments.org/doc_z_otherlang_hindi/chaalisa.itx,digital_text_repository,ITX,SanskritDocuments terms and per-file provenance require review before app use,Base text likely traditional; transcription/translation terms require review,Yes for staging,Unclear until legal/content review,Unclear until legal review,"No until legal review, normalization, and source review","Preserve SanskritDocuments URL, file metadata, and any listed contributors",Unclear until legal review,Unclear,Medium,Medium,legal; Sanskrit/Hindi review; ITRANS normalization; source edition review,ITX source staged at content/_staging/raw/hindi/sanskritdocuments_hanuman_chalisa_alt_hi.itx on 2026-07-06; normalize and review terms before use.,staged_candidate
sanskritdocuments_shiva_mahimna_stotra_itx,Shiva Mahimna Stotra,stotra/shaiva,shaiva,pan_indian,Sanskrit,Devanagari/ITRANS,none,none,SanskritDocuments ITX,TBD,SanskritDocuments,https://sanskritdocuments.org/doc_shiva/shivamahi.itx,digital_text_repository,ITX,SanskritDocuments terms and per-file provenance require review before app use,Base text likely traditional; transcription/translation terms require review,Yes for staging,Unclear until legal/content review,Unclear until legal review,"No until legal review, normalization, and source review","Preserve SanskritDocuments URL, file metadata, and any listed contributors",Unclear until legal review,Unclear,Medium,Medium,legal; Sanskrit/Hindi review; ITRANS normalization; source edition review,ITX source staged at content/_staging/raw/sanskrit/sanskritdocuments/shiva_mahimna_stotra.itx on 2026-07-06; normalize and review terms before use.,staged_candidate
sanskritdocuments_aditya_hridayam_itx,Aditya Hridayam,stotra/ramayana,smarta/solar,pan_indian,Sanskrit,Devanagari/ITRANS,none,none,SanskritDocuments ITX,TBD,SanskritDocuments,https://sanskritdocuments.org/doc_z_misc_navagraha/adityahriday.itx,digital_text_repository,ITX,SanskritDocuments terms and per-file provenance require review before app use,Base text likely traditional; transcription/translation terms require review,Yes for staging,Unclear until legal/content review,Unclear until legal review,"No until legal review, normalization, and source review","Preserve SanskritDocuments URL, file metadata, and any listed contributors",Unclear until legal review,Unclear,Medium,Medium,legal; Sanskrit/Hindi review; ITRANS normalization; source edition review,ITX source staged at content/_staging/raw/sanskrit/sanskritdocuments/aditya_hridayam.itx on 2026-07-06; normalize and review terms before use.,staged_candidate
sanskritdocuments_bhaja_govindam_itx,Bhaja Govindam,stotra/vedanta,advaita/smarta,pan_indian,Sanskrit,Devanagari/ITRANS,none,Adi Shankara attributed,SanskritDocuments ITX,TBD,SanskritDocuments,https://sanskritdocuments.org/doc_vishhnu/bhajagovindam.itx,digital_text_repository,ITX,SanskritDocuments terms and per-file provenance require review before app use,Base text likely traditional; transcription/translation terms require review,Yes for staging,Unclear until legal/content review,Unclear until legal review,"No until legal review, normalization, and source review","Preserve SanskritDocuments URL, file metadata, and any listed contributors",Unclear until legal review,Unclear,Medium,Medium,legal; Sanskrit/Hindi review; ITRANS normalization; source edition review,ITX source staged at content/_staging/raw/sanskrit/sanskritdocuments/bhaja_govindam.itx on 2026-07-06; normalize and review terms before use.,staged_candidate
sanskritdocuments_soundarya_lahari_itx,Soundarya Lahari,stotra/shakta,shakta/smarta,pan_indian,Sanskrit,Devanagari/ITRANS,none,Adi Shankara attributed,SanskritDocuments ITX,TBD,SanskritDocuments,https://sanskritdocuments.org/doc_devii/saundaryalahari.itx,digital_text_repository,ITX,SanskritDocuments terms and per-file provenance require review before app use,Base text likely traditional; transcription/translation terms require review,Yes for staging,Unclear until legal/content review,Unclear until legal review,"No until legal review, normalization, and source review","Preserve SanskritDocuments URL, file metadata, and any listed contributors",Unclear until legal review,Unclear,Medium,Medium,legal; Sanskrit/Hindi review; ITRANS normalization; source edition review,ITX source staged at content/_staging/raw/sanskrit/sanskritdocuments/soundarya_lahari.itx on 2026-07-06; normalize and review terms before use.,staged_candidate
sanskritdocuments_lalita_sahasranama_itx,Lalita Sahasranama,stotra/sahasranama/shakta,shakta/smarta,pan_indian,Sanskrit,Devanagari/ITRANS,none,none,SanskritDocuments ITX,TBD,SanskritDocuments,https://sanskritdocuments.org/doc_devii/lalita1000.itx,digital_text_repository,ITX,SanskritDocuments terms and per-file provenance require review before app use,Base text likely traditional; transcription/translation terms require review,Yes for staging,Unclear until legal/content review,Unclear until legal review,"No until legal review, normalization, and source review","Preserve SanskritDocuments URL, file metadata, and any listed contributors",Unclear until legal review,Unclear,Medium,Medium,legal; Sanskrit/Hindi review; ITRANS normalization; source edition review,ITX source staged at content/_staging/raw/sanskrit/sanskritdocuments/lalita_sahasranama.itx on 2026-07-06; normalize and review terms before use.,staged_candidate
sanskritdocuments_hanuman_chalisa_sanskrit_translation_itx,Hanuman Chalisa Sanskrit translation,stotra/bhakti,ramanandi/hanuman,north_india,Sanskrit,Devanagari/ITRANS,Ravindra Kumar Markandeya,none,SanskritDocuments ITX,TBD,SanskritDocuments,https://sanskritdocuments.org/doc_hanumaana/hanumAnachAlisAsaMskRRita.itx,digital_text_repository,ITX,SanskritDocuments terms and per-file provenance require review before app use,Base text likely traditional; transcription/translation terms require review,Yes for staging,Unclear until legal/content review,Unclear until legal review,"No until legal review, normalization, and source review","Preserve SanskritDocuments URL, file metadata, and any listed contributors",Unclear until legal review,Unclear,Medium,Medium,legal; Sanskrit/Hindi review; ITRANS normalization; source edition review,ITX source staged at content/_staging/raw/sanskrit/sanskritdocuments/hanuman_chalisa_sanskrit_translation.itx on 2026-07-06; normalize and review terms before use.,staged_candidate
devi_mahatmya_markandeya_dutt_1896_en,Devi Mahatmya (Markandeya Purana chapters 81–93),purana/shakta,shakta,pan_indian,English,Roman/HTML,Manmatha Nath Dutt,none,"Markandeya Puranam, derived section extract",1896,Internet Archive scan; derived from existing staged Dutt text,https://archive.org/details/in.ernet.dli.2015.163375,derived_text,TXT,Public-domain candidate; Internet Archive scan metadata and terms apply,"Public-domain candidate; verify edition, OCR provenance, and jurisdiction",Yes for staging,Yes after review,Yes after legal/content review,Yes after OCR/legal/content review,Credit Manmatha Nath Dutt and Internet Archive; identify as OCR-derived extract,Yes if public-domain status applies in deployment jurisdiction,Unclear,Medium,Hard,legal; Shakta review; OCR proofing; section boundaries; attribution,Derived extract staged at content/_staging/raw/english/devi_mahatmya_markandeya_dutt_1896_en.txt; not a proofread critical text.,staged_candidate
lalita_sahasranama_gherwal_1930_en,Lalita Sahasranama,stotra/shakta,shakta,pan_indian,English,Roman/HTML,Rishi Singh Gherwal (attributed),none,"Kundalini: The Mother of the Universe, Sacred Texts HTML edition",1930,Sacred Texts,https://www.sacred-texts.com/hin/kmu/index.htm,website_html,HTML/JSONL,Public-domain candidate; Sacred Texts site terms apply,Public-domain candidate; provenance and translation authorship require review,Yes for staging,Yes after review,Yes after legal/content review,Yes after legal/content review,"Credit Rishi Singh Gherwal (attributed), source edition, and Sacred Texts; preserve page URLs",Unclear pending provenance and site-terms review,Unclear,Medium,Medium,legal; Shakta review; translation attribution; segmentation,Page-level JSONL staged at content/_staging/raw/english/sacred_texts/lalita_sahasranama_gherwal_1930_en.jsonl. Sacred Texts itself flags uncertain provenance/originality.,staged_candidate
aditya_hridayam_wikisource_en,Aditya Hridayam,stotra/surya,general,pan_indian,English,Roman/HTML,Ralph T. H. Griffith (attributed on source page),none,English Wikisource page,TBD,English Wikisource,https://en.wikisource.org/wiki/Aditya_Hridayam,website_export,HTML,Public-domain candidate; preserve Wikisource attribution and page history,Public-domain candidate according to source page; verify page history and jurisdiction,Yes for staging,Yes after review,Yes after legal/content review,Yes after legal/content review,Credit attributed translator and English Wikisource; preserve page URL,Yes if public-domain status is confirmed,Unclear,Medium,Medium,legal; source attribution; Sanskrit/English alignment; segmentation,HTML staged at content/_staging/raw/english/aditya_hridayam_wikisource_en.html; review before ingestion.,staged_candidate
hanuman_chalisa_english_lead,Hanuman Chalisa — English translation lead,stotra/vaishnava,vaishnava,north_indian,English,Roman/HTML,Unverified,none,Modern web translation lead,TBD,HanumanChalisa.com,https://hanumanchalisaa.com/disclaimer/,rights_lead,HTML,Unknown; modern site and third-party rights noted,Unknown,No,No,No,No,TBD,No without permission,Needed,Low,Medium,rights; translator attribution; Hanuman/Vaishnava review,Metadata-only lead; do not scrape or add text until translation and reuse rights are confirmed.,metadata_only
shiva_mahima_stotra_english_lead,Shiva Mahimna Stotra — English translation lead,stotra/shaiva,shaiva,pan_indian,English,Roman/HTML,Avinash Sathaye (source notes indicate lecture preparation; verify),none,University of Kentucky PDF,TBD,University of Kentucky,https://www.ms.uky.edu/~sohum/sanskrit/yogavasishtha/mahimna/mahimna.pdf,rights_lead,PDF,Unknown; rights statement not verified,Unknown,No,No,No,No,TBD,No without permission,Needed,Medium,Medium,rights; translator attribution; Shaiva review; PDF verification,Metadata-only lead; the PDF describes a translation in preparation for lectures and has no verified reuse licence.,metadata_only
bhaja_govindam_english_lead,Bhaja Govindam — English translation lead,stotra/advaita,advaita,pan_indian,English,Roman/HTML,Unverified,none,Sanskrit Documents PDF,TBD,Sanskrit Documents,https://sanskritdocuments.org/doc_vishhnu/bhajagovindam-ta.pdf,rights_lead,PDF,Unknown; rights statement not verified,Unknown,No,No,No,No,TBD,No without permission,Needed,Medium,Medium,rights; translator attribution; Advaita review; PDF verification,Metadata-only lead; do not scrape or embed until the translation and reuse rights are confirmed.,metadata_only
soundarya_lahari_english_lead,Soundarya Lahari — English translation lead,stotra/shakta,shakta,pan_indian,English,Roman/HTML,Unverified,none,Vignanam plain-English page,TBD,Vignanam,https://vignanam.org/media/plain-english/soundarya-lahari.html,rights_lead,HTML,Unknown; rights statement not verified,Unknown,No,No,No,No,TBD,No without permission,Needed,Low,Medium,rights; translator attribution; Shakta review; segmentation,Metadata-only lead; source page is not treated as an open licence.,metadata_only
kamba_ramayanam_english_lead,Kamba Ramayanam — English study/translation lead,epic/vaishnava,vaishnava,south_indian,English,Roman/HTML,V. V. S. Iyer (study attribution; verify translation scope),none,"Kamba Ramayanam: A Study, Internet Archive scan",1950,Internet Archive,https://archive.org/download/Kamba.Ramayanam-A.Study/Kamba.Ramayanam-A.Study.pdf,rights_lead,PDF,Unknown; 1950 publication and scan rights require review,Unknown,No,No,No,No,TBD,No without permission,Needed,Medium,Hard,rights; Tamil/English scope; Vaishnava review; OCR/scan verification,Metadata-only lead; do not treat a freely downloadable scan as a reuse licence.,metadata_only
adhyatma_ramayana_english_lead,Adhyatma Ramayana — English translation lead,epic/vaishnava,vaishnava,pan_indian,English,Roman/HTML,Lala Baij Nath (archive lead; verify edition),none,"The Adhyatma Ramayana, Internet Archive item",TBD,Internet Archive,https://archive.org/details/TheAdhyatmaRamayana,rights_lead,Scan/PDF,Unknown; scan and translation rights require review,Unknown,No,No,No,No,TBD,No without permission,Needed,Low,Hard,rights; Ramayana/Vaishnava review; edition verification; OCR,"Metadata-only lead; acquire only after confirming translator, edition date, and reuse rights.",metadata_only
dnyaneshwari_english_lead,Dnyaneshwari / Jnaneshwari — English translation lead,commentary/vaishnava,varkari,west_indian,English,Roman/HTML,R. K. Bhagwat (source attribution; verify),none,"Jnaneshwari (Bhavartha Dipika), Wisdom Library page",1954,Wisdom Library,https://www.wisdomlib.org/hinduism/book/jnaneshwari-bhavartha-dipika,rights_lead,HTML,Unknown; translation and site reuse rights require review,Unknown,No,No,No,No,TBD,No without permission,Needed,Medium,Hard,rights; Varkari review; Marathi commentary context; segmentation,Metadata-only lead; the listed 1954 translation is not treated as public domain without confirmation.,metadata_only
gita_rahasya_tilak_english_lead,Shrimad Bhagavad Gita Rahasya — English translation/commentary lead,commentary/gita,general,pan_indian,English,Roman/HTML,Unverified,none,"B. G. Tilak, Internet Archive item",TBD,Internet Archive,https://archive.org/details/SrimadBhagavadGitaRahasya-BgTilak-Volumes1And2,rights_lead,Scan/PDF,Unknown; translation/edition rights require review,Unknown,No,No,No,No,TBD,No without permission,Needed,Low,Hard,rights; Gita commentary review; edition verification; OCR,Metadata-only lead; do not download or embed until English edition and rights are verified.,metadata_only
narayaneeyam_english_lead,Narayaneeyam — English translation/transliteration lead,stotra/vaishnava,vaishnava,south_indian,English,Roman/HTML,Unverified,none,Complete Narayaneeyam English PDF,2014,Sanskrit Documents,https://sanskritdocuments.org/sites/completenarayaneeyam/NarayaneeyamEng_09022014.pdf,rights_lead,PDF,Private circulation / unknown reuse rights,Unknown,No,No,No,No,TBD,No without permission,Needed,Medium,Hard,rights; Vaishnava review; translation/transliteration distinction; PDF verification,Metadata-only lead; source page labels the download for private circulation.,metadata_only
divya_prabandham_english_lead,Nalayira Divya Prabandham — English translation lead,stotra/vaishnava,sri_vaishnava,south_indian,English,Roman/HTML,Sri Srirama Bharati (book lead; verify),none,The Sacred Book of Four Thousand / Nalayira Divya Prabandham,2000,Ramanuja.org archive notice,https://www.ibiblio.org/sripedia/ramanuja/archives/mar02/msg00024.html,rights_lead,Book notice,Unknown; commercial publication; permission required,Unknown,No,No,No,No,TBD,No without permission,Needed,Medium,Hard,rights; Sri Vaishnava review; publisher permission; translation scope,"Metadata-only bibliographic lead; the notice describes a sold English edition, not an open corpus licence.",metadata_only
tevaram_english_lead,Tēvāram — English renderings lead,stotra/shaiva,shaiva,south_indian,English,Roman/HTML,V. M. Subramanya Ayyar (source attribution; verify),none,"Digital Tēvāram, French Institute of Pondicherry",TBD,French Institute of Pondicherry,https://www.ifpindia.org/digitaldb/site/digital_tevaram/U_TEV/TRANSLATION.HTM,rights_lead,HTML,Unknown; institutional digital project rights require review,Unknown,No,No,No,No,TBD,No without permission,Needed,Medium,Hard,rights; Shaiva review; institutional permission; segmentation,Metadata-only lead; the page identifies English renderings but does not establish a corpus reuse licence.,metadata_only
eknathi_bhagwat_english_lead,Eknathi Bhagwat — English translation lead,commentary/vaishnava,varkari,west_indian,English,Roman/HTML,Unverified,none,English PDF lead,TBD,Ramakant Maharaj site,https://ramakantmaharaj.guru/Eknathi%20Bhagwat%20-%20English.pdf,rights_lead,PDF,Unknown; modern hosted translation/edition,Unknown,No,No,No,No,TBD,No without permission,Needed,Low,Hard,rights; Varkari review; translator/edition verification; PDF review,Metadata-only lead; do not treat a hosted PDF as an open licence.,metadata_only
sandhya_grounded_learning_guide,Sandhya Grounded Learning Guide,modern_commentary,general,pan_indian,English,Roman,Sandhya editorial team,Sandhya editorial team,First-party editorial guide,2026,Sandhya project repository,https://github.com/chettyv/Sandhya,original,Markdown,Original,Original Sandhya content owned by the project; no third-party text.,Yes,Yes,Yes,"Yes, can ingest",No,Yes,No,High,Low,Content and safety review completed; first-party ownership confirmed,First-party editorial guide; never treat as scripture or a quotation source,approved
