work_id,text_name,language,source_name,source_url,download_url,target_path,rights_status,status,notes
mahabharata_ganguli_volume_1_books_1_3_en,Mahabharata Volume 1 Books 1-3,English,Project Gutenberg,https://www.gutenberg.org/ebooks/15474,https://www.gutenberg.org/ebooks/15474.txt.utf-8,content/_staging/raw/english/mahabharata_ganguli_volume_1_books_1_3_en.txt,Public domain in the USA,downloaded_staged,Full Project Gutenberg TXT staged at content/_staging/raw/english/mahabharata_ganguli_volume_1_books_1_3_en.txt on 2026-07-04.
mahabharata_ganguli_volume_2_books_4_7_en,Mahabharata Volume 2 Books 4-7,English,Project Gutenberg,https://www.gutenberg.org/ebooks/15475,https://www.gutenberg.org/ebooks/15475.txt.utf-8,content/_staging/raw/english/mahabharata_ganguli_volume_2_books_4_7_en.txt,Public domain in the USA,downloaded_staged,Full Project Gutenberg TXT staged at content/_staging/raw/english/mahabharata_ganguli_volume_2_books_4_7_en.txt on 2026-07-04.
mahabharata_ganguli_volume_3_books_8_12_en,Mahabharata Volume 3 Books 8-12,English,Project Gutenberg,https://www.gutenberg.org/ebooks/15476,https://www.gutenberg.org/ebooks/15476.txt.utf-8,content/_staging/raw/english/mahabharata_ganguli_volume_3_books_8_12_en.txt,Public domain in the USA,downloaded_staged,Full Project Gutenberg TXT staged at content/_staging/raw/english/mahabharata_ganguli_volume_3_books_8_12_en.txt on 2026-07-04.
mahabharata_ganguli_volume_4_books_13_18_en,Mahabharata Volume 4 Books 13-18,English,Project Gutenberg,https://www.gutenberg.org/ebooks/15477,https://www.gutenberg.org/ebooks/15477.txt.utf-8,content/_staging/raw/english/mahabharata_ganguli_volume_4_books_13_18_en.txt,Public domain in the USA,downloaded_staged,Full Project Gutenberg TXT staged at content/_staging/raw/english/mahabharata_ganguli_volume_4_books_13_18_en.txt on 2026-07-04.
yajnavalkya_dharma_sastra_judicature_en,Hindu Law and Judicature from the Dharma-Sastra of Yajnavalkya,English,Project Gutenberg,https://www.gutenberg.org/ebooks/21918,https://www.gutenberg.org/ebooks/21918.txt.utf-8,content/_staging/raw/english/yajnavalkya_dharma_sastra_judicature_en.txt,Public domain in the USA,downloaded_staged,Full Project Gutenberg TXT staged at content/_staging/raw/english/yajnavalkya_dharma_sastra_judicature_en.txt on 2026-07-04.
hindu_literature_hitopadesa_nala_ramayana_sakuntala_en,Hindu Literature anthology,English,Project Gutenberg,https://www.gutenberg.org/ebooks/13268,https://www.gutenberg.org/ebooks/13268.txt.utf-8,content/_staging/raw/english/hindu_literature_hitopadesa_nala_ramayana_sakuntala_en.txt,Public domain in the USA,downloaded_staged,Full Project Gutenberg TXT staged at content/_staging/raw/english/hindu_literature_hitopadesa_nala_ramayana_sakuntala_en.txt on 2026-07-04.
hindu_tales_from_sanskrit_en,Hindu Tales from the Sanskrit,English,Project Gutenberg,https://www.gutenberg.org/ebooks/11310,https://www.gutenberg.org/ebooks/11310.txt.utf-8,content/_staging/raw/english/hindu_tales_from_sanskrit_en.txt,Public domain in the USA,downloaded_staged,Full Project Gutenberg TXT staged at content/_staging/raw/english/hindu_tales_from_sanskrit_en.txt on 2026-07-04.
tales_from_hindu_dramatists_en,Tales from the Hindu Dramatists,English,Project Gutenberg,https://www.gutenberg.org/ebooks/18285,https://www.gutenberg.org/ebooks/18285.txt.utf-8,content/_staging/raw/english/tales_from_hindu_dramatists_en.txt,Public domain in the USA,downloaded_staged,Full Project Gutenberg TXT staged at content/_staging/raw/english/tales_from_hindu_dramatists_en.txt on 2026-07-04.
nala_and_damayanti_milman_en,Nala and Damayanti and Other Poems,English,Project Gutenberg,https://www.gutenberg.org/ebooks/19529,https://www.gutenberg.org/ebooks/19529.txt.utf-8,content/_staging/raw/english/nala_and_damayanti_milman_en.txt,Public domain in the USA,downloaded_staged,Full Project Gutenberg TXT staged at content/_staging/raw/english/nala_and_damayanti_milman_en.txt on 2026-07-04.
hindu_gods_and_heroes_barnett_en,Hindu gods and heroes,English,Project Gutenberg,https://www.gutenberg.org/ebooks/22885,https://www.gutenberg.org/ebooks/22885.txt.utf-8,content/_staging/raw/english/hindu_gods_and_heroes_barnett_en.txt,Public domain in the USA,downloaded_staged,Full Project Gutenberg TXT staged at content/_staging/raw/english/hindu_gods_and_heroes_barnett_en.txt on 2026-07-04.
darshana_graph_corpus_2026,Darshana Graph corpus,English/Sanskrit,arXiv,https://arxiv.org/abs/2606.18222,,content/_staging/raw/metadata_only/darshana_graph_corpus_2026.metadata.json,Claims public-domain/openly licensed source corpus,metadata_only_pending_source_url,Paper says corpus and code are released but no repository URL was found in web search.
sbe02_sacred_laws_aryas_part1_en,Sacred Laws of the Aryas Part 1,English,Sacred Texts,https://www.sacred-texts.com/hin/sbe02/index.htm,https://www.sacred-texts.com/hin/sbe02/index.htm,content/_staging/raw/english/sacred_texts/sbe02_sacred_laws_aryas_part1_en.jsonl,Public-domain Sacred Books of the East edition; site terms apply,scraped_staged,Page-level JSONL staged at content/_staging/raw/english/sacred_texts/sbe02_sacred_laws_aryas_part1_en.jsonl on 2026-07-04.
sbe07_institutes_vishnu_en,Institutes of Vishnu,English,Sacred Texts,https://www.sacred-texts.com/hin/sbe07/index.htm,https://www.sacred-texts.com/hin/sbe07/index.htm,content/_staging/raw/english/sacred_texts/sbe07_institutes_vishnu_en.jsonl,Public-domain Sacred Books of the East edition; site terms apply,scraped_staged,Page-level JSONL staged at content/_staging/raw/english/sacred_texts/sbe07_institutes_vishnu_en.jsonl on 2026-07-04.
sbe08_bhagavadgita_sanatsujatiya_anugita_en,Bhagavadgita Sanatsujatiya Anugita,English,Sacred Texts,https://www.sacred-texts.com/hin/sbe08/index.htm,https://www.sacred-texts.com/hin/sbe08/index.htm,content/_staging/raw/english/sacred_texts/sbe08_bhagavadgita_sanatsujatiya_anugita_en.jsonl,Public-domain Sacred Books of the East edition; site terms apply,scraped_staged,Page-level JSONL staged at content/_staging/raw/english/sacred_texts/sbe08_bhagavadgita_sanatsujatiya_anugita_en.jsonl on 2026-07-04.
sbe12_satapatha_brahmana_part1_en,Satapatha Brahmana Part 1,English,Sacred Texts,https://www.sacred-texts.com/hin/sbr/sbe12/index.htm,https://www.sacred-texts.com/hin/sbr/sbe12/index.htm,content/_staging/raw/english/sacred_texts/sbe12_satapatha_brahmana_part1_en.jsonl,Public-domain Sacred Books of the East edition; site terms apply,scraped_staged,Page-level JSONL staged at content/_staging/raw/english/sacred_texts/sbe12_satapatha_brahmana_part1_en.jsonl on 2026-07-04.
sbe14_sacred_laws_aryas_part2_en,Sacred Laws of the Aryas Part 2,English,Sacred Texts,https://www.sacred-texts.com/hin/sbe14/index.htm,https://www.sacred-texts.com/hin/sbe14/index.htm,content/_staging/raw/english/sacred_texts/sbe14_sacred_laws_aryas_part2_en.jsonl,Public-domain Sacred Books of the East edition; site terms apply,scraped_staged,Page-level JSONL staged at content/_staging/raw/english/sacred_texts/sbe14_sacred_laws_aryas_part2_en.jsonl on 2026-07-04.
sbe15_upanishads_part2_muller_en,Upanishads Part 2 Max Muller,English,Sacred Texts,https://www.sacred-texts.com/hin/sbe15/index.htm,https://www.sacred-texts.com/hin/sbe15/index.htm,content/_staging/raw/english/sacred_texts/sbe15_upanishads_part2_muller_en.jsonl,Public-domain Sacred Books of the East edition; site terms apply,scraped_staged,Page-level JSONL staged at content/_staging/raw/english/sacred_texts/sbe15_upanishads_part2_muller_en.jsonl on 2026-07-04.
sbe25_laws_manu_en,Laws of Manu,English,Sacred Texts,https://www.sacred-texts.com/hin/manu.htm,https://www.sacred-texts.com/hin/manu.htm,content/_staging/raw/english/sacred_texts/sbe25_laws_manu_en.jsonl,Public-domain Sacred Books of the East edition; site terms apply,scraped_staged,Page-level JSONL staged at content/_staging/raw/english/sacred_texts/sbe25_laws_manu_en.jsonl on 2026-07-04.
sbe29_grihya_sutras_part1_en,Grihya Sutras Part 1,English,Sacred Texts,https://www.sacred-texts.com/hin/sbe29/index.htm,https://www.sacred-texts.com/hin/sbe29/index.htm,content/_staging/raw/english/sacred_texts/sbe29_grihya_sutras_part1_en.jsonl,Public-domain Sacred Books of the East edition; site terms apply,scraped_staged,Page-level JSONL staged at content/_staging/raw/english/sacred_texts/sbe29_grihya_sutras_part1_en.jsonl on 2026-07-04.
sbe30_grihya_sutras_part2_en,Grihya Sutras Part 2,English,Sacred Texts,https://www.sacred-texts.com/hin/sbe30/index.htm,https://www.sacred-texts.com/hin/sbe30/index.htm,content/_staging/raw/english/sacred_texts/sbe30_grihya_sutras_part2_en.jsonl,Public-domain Sacred Books of the East edition; site terms apply,scraped_staged,Page-level JSONL staged at content/_staging/raw/english/sacred_texts/sbe30_grihya_sutras_part2_en.jsonl on 2026-07-04.
sbe32_vedic_hymns_part1_en,Vedic Hymns Part 1,English,Sacred Texts,https://www.sacred-texts.com/hin/sbe32/index.htm,https://www.sacred-texts.com/hin/sbe32/index.htm,content/_staging/raw/english/sacred_texts/sbe32_vedic_hymns_part1_en.jsonl,Public-domain Sacred Books of the East edition; site terms apply,scraped_staged,Page-level JSONL staged at content/_staging/raw/english/sacred_texts/sbe32_vedic_hymns_part1_en.jsonl on 2026-07-04.
sbe33_minor_law_books_brihaspati_en,Minor Law Books Brihaspati,English,Sacred Texts,https://www.sacred-texts.com/hin/sbe33/index.htm,https://www.sacred-texts.com/hin/sbe33/index.htm,content/_staging/raw/english/sacred_texts/sbe33_minor_law_books_brihaspati_en.jsonl,Public-domain Sacred Books of the East edition; site terms apply,scraped_staged,Page-level JSONL staged at content/_staging/raw/english/sacred_texts/sbe33_minor_law_books_brihaspati_en.jsonl on 2026-07-04.
sbe38_vedanta_sutras_sankara_part2_en,Vedanta Sutras Sankara Part 2,English,Sacred Texts,https://www.sacred-texts.com/hin/sbe38/index.htm,https://www.sacred-texts.com/hin/sbe38/index.htm,content/_staging/raw/english/sacred_texts/sbe38_vedanta_sutras_sankara_part2_en.jsonl,Public-domain Sacred Books of the East edition; site terms apply,scraped_staged,Page-level JSONL staged at content/_staging/raw/english/sacred_texts/sbe38_vedanta_sutras_sankara_part2_en.jsonl on 2026-07-04.
sbe42_hymns_atharva_veda_en,Hymns of the Atharva-Veda,English,Sacred Texts,https://www.sacred-texts.com/hin/sbe42/index.htm,https://www.sacred-texts.com/hin/sbe42/index.htm,content/_staging/raw/english/sacred_texts/sbe42_hymns_atharva_veda_en.jsonl,Public-domain Sacred Books of the East edition; site terms apply,scraped_staged,Page-level JSONL staged at content/_staging/raw/english/sacred_texts/sbe42_hymns_atharva_veda_en.jsonl on 2026-07-04.
sbe46_vedic_hymns_part2_agni_en,Vedic Hymns Part 2 Hymns to Agni,English,Sacred Texts,https://www.sacred-texts.com/hin/sbe46/index.htm,https://www.sacred-texts.com/hin/sbe46/index.htm,content/_staging/raw/english/sacred_texts/sbe46_vedic_hymns_part2_agni_en.jsonl,Public-domain Sacred Books of the East edition; site terms apply,scraped_staged,Page-level JSONL staged at content/_staging/raw/english/sacred_texts/sbe46_vedic_hymns_part2_agni_en.jsonl on 2026-07-04.
atharva_veda_griffith_sacred_texts_en,Atharva Veda Griffith,English,Sacred Texts,https://www.sacred-texts.com/hin/av/index.htm,https://www.sacred-texts.com/hin/av/index.htm,content/_staging/raw/english/sacred_texts/atharva_veda_griffith_sacred_texts_en.jsonl,Public-domain translation likely; site terms apply,scraped_staged,Page-level JSONL staged at content/_staging/raw/english/sacred_texts/atharva_veda_griffith_sacred_texts_en.jsonl on 2026-07-04.
gretil_mirror_github_metadata,GRETIL mirror repository,Sanskrit,GitHub,https://github.com/INDOLOGY/GRETIL-mirror,,content/_staging/raw/metadata_only/gretil_mirror_github.metadata.json,Mirror license unclear; per-file provenance required,metadata_only,Do not bulk-ingest until GRETIL file-level terms are reviewed.
project_madurai_thiruvasagam_part1_ta,Thiruvasagam Part 1,Tamil,Project Madurai,https://www.projectmadurai.org/pmworks.html,https://www.projectmadurai.org/pm_etexts/utf8/pmuni0003_01.html,content/_staging/raw/tamil/project_madurai_thiruvasagam_part1_ta.html,Project Madurai distribution terms and public-domain/consent statement,downloaded_staged,Tamil Shaiva bhakti canon. Preserve Project Madurai header and contact before public redistribution. Downloaded to content/_staging/raw/tamil/project_madurai_thiruvasagam_part1_ta.html on 2026-07-06; review before ingestion.
project_madurai_thiruvasagam_part2_ta,Thiruvasagam Part 2,Tamil,Project Madurai,https://www.projectmadurai.org/pmworks.html,https://www.projectmadurai.org/pm_etexts/utf8/pmuni0003_02.html,content/_staging/raw/tamil/project_madurai_thiruvasagam_part2_ta.html,Project Madurai distribution terms and public-domain/consent statement,downloaded_staged,Tamil Shaiva bhakti canon. Preserve Project Madurai header and contact before public redistribution. Downloaded to content/_staging/raw/tamil/project_madurai_thiruvasagam_part2_ta.html on 2026-07-06; review before ingestion.
project_madurai_tirumantiram_1_2_ta,Tirumantiram Tantras 1-2,Tamil,Project Madurai,https://www.projectmadurai.org/pmworks.html,https://www.projectmadurai.org/pm_etexts/utf8/pmuni0004.html,content/_staging/raw/tamil/project_madurai_tirumantiram_1_2_ta.html,Project Madurai distribution terms and public-domain/consent statement,downloaded_staged,Tamil Shaiva Siddhanta text. Specialist review required. Downloaded to content/_staging/raw/tamil/project_madurai_tirumantiram_1_2_ta.html on 2026-07-06; review before ingestion.
project_madurai_divya_prabandham_early_ta,Naalayira Divya Prabandham early sections,Tamil,Project Madurai,https://www.projectmadurai.org/pmworks.html,https://www.projectmadurai.org/pm_etexts/utf8/pmuni0005_01.html,content/_staging/raw/tamil/project_madurai_divya_prabandham_early_ta.html,Project Madurai distribution terms and public-domain/consent statement,downloaded_staged,Tamil Vaishnava Alvar hymns. Sri Vaishnava review required. Downloaded to content/_staging/raw/tamil/project_madurai_divya_prabandham_early_ta.html on 2026-07-06; review before ingestion.
project_madurai_divya_prabandham_andal_sections_ta,Naalayira Divya Prabandham Andal and related sections,Tamil,Project Madurai,https://www.projectmadurai.org/pmworks.html,https://www.projectmadurai.org/pm_etexts/utf8/pmuni0005_02.html,content/_staging/raw/tamil/project_madurai_divya_prabandham_andal_sections_ta.html,Project Madurai distribution terms and public-domain/consent statement,downloaded_staged,Includes Tiruppavai and related Vaishnava hymns. Review before devotional use. Downloaded to content/_staging/raw/tamil/project_madurai_divya_prabandham_andal_sections_ta.html on 2026-07-06; review before ingestion.
project_madurai_divya_prabandham_periya_tirumoli_1_ta,Naalayira Divya Prabandham Periya Tirumoli Part 1,Tamil,Project Madurai,https://www.projectmadurai.org/pmworks.html,https://www.projectmadurai.org/pm_etexts/utf8/pmuni0006_01.html,content/_staging/raw/tamil/project_madurai_divya_prabandham_periya_tirumoli_1_ta.html,Project Madurai distribution terms and public-domain/consent statement,downloaded_staged,Tamil Vaishnava hymn corpus. Review before use. Downloaded to content/_staging/raw/tamil/project_madurai_divya_prabandham_periya_tirumoli_1_ta.html on 2026-07-06; review before ingestion.
project_madurai_divya_prabandham_periya_tirumoli_2_ta,Naalayira Divya Prabandham Periya Tirumoli Part 2,Tamil,Project Madurai,https://www.projectmadurai.org/pmworks.html,https://www.projectmadurai.org/pm_etexts/utf8/pmuni0006_02.html,content/_staging/raw/tamil/project_madurai_divya_prabandham_periya_tirumoli_2_ta.html,Project Madurai distribution terms and public-domain/consent statement,downloaded_staged,Tamil Vaishnava hymn corpus. Review before use. Downloaded to content/_staging/raw/tamil/project_madurai_divya_prabandham_periya_tirumoli_2_ta.html on 2026-07-06; review before ingestion.
project_madurai_divya_prabandham_misc_ta,Naalayira Divya Prabandham miscellaneous sections,Tamil,Project Madurai,https://www.projectmadurai.org/pmworks.html,https://www.projectmadurai.org/pm_etexts/utf8/pmuni0007.html,content/_staging/raw/tamil/project_madurai_divya_prabandham_misc_ta.html,Project Madurai distribution terms and public-domain/consent statement,downloaded_staged,Tamil Vaishnava hymn corpus. Review before use. Downloaded to content/_staging/raw/tamil/project_madurai_divya_prabandham_misc_ta.html on 2026-07-06; review before ingestion.
project_madurai_tiruvaymoli_part1_ta,Tiruvaymoli Part 1,Tamil,Project Madurai,https://www.projectmadurai.org/pmworks.html,https://www.projectmadurai.org/pm_etexts/utf8/pmuni0008_01.html,content/_staging/raw/tamil/project_madurai_tiruvaymoli_part1_ta.html,Project Madurai distribution terms and public-domain/consent statement,downloaded_staged,Core Sri Vaishnava Tamil text. Review before use. Downloaded to content/_staging/raw/tamil/project_madurai_tiruvaymoli_part1_ta.html on 2026-07-06; review before ingestion.
project_madurai_tiruvaymoli_part2_ta,Tiruvaymoli Part 2,Tamil,Project Madurai,https://www.projectmadurai.org/pmworks.html,https://www.projectmadurai.org/pm_etexts/utf8/pmuni0008_02.html,content/_staging/raw/tamil/project_madurai_tiruvaymoli_part2_ta.html,Project Madurai distribution terms and public-domain/consent statement,downloaded_staged,Core Sri Vaishnava Tamil text. Review before use. Downloaded to content/_staging/raw/tamil/project_madurai_tiruvaymoli_part2_ta.html on 2026-07-06; review before ingestion.
project_madurai_bharati_bhagavad_gita_ta,Bhagavad Gita Tamil Bharati Project Madurai,Tamil,Project Madurai,https://www.projectmadurai.org/pmworks.html,https://www.projectmadurai.org/pm_etexts/utf8/pmuni0014.html,content/_staging/raw/tamil/project_madurai_bharati_bhagavad_gita_ta.html,Project Madurai distribution terms and public-domain/consent statement,downloaded_staged,Project Madurai copy of Bharati Gita translation. Cross-check with Wikisource export. Downloaded to content/_staging/raw/tamil/project_madurai_bharati_bhagavad_gita_ta.html on 2026-07-06; review before ingestion.
project_madurai_kandar_alankaram_anubhuti_ta,Kandar Alankaram and Kandar Anubhuti,Tamil,Project Madurai,https://www.projectmadurai.org/pmworks.html,https://www.projectmadurai.org/pm_etexts/utf8/pmuni0023.html,content/_staging/raw/tamil/project_madurai_kandar_alankaram_anubhuti_ta.html,Project Madurai distribution terms and public-domain/consent statement,downloaded_staged,Murugan devotional text. Tamil/Shaiva/Murugan review required. Downloaded to content/_staging/raw/tamil/project_madurai_kandar_alankaram_anubhuti_ta.html on 2026-07-06; review before ingestion.
project_madurai_abirami_andhadhi_ta,Abirami Andhadhi,Tamil,Project Madurai,https://www.projectmadurai.org/pmworks.html,https://www.projectmadurai.org/pm_etexts/utf8/pmuni0026_01.html,content/_staging/raw/tamil/project_madurai_abirami_andhadhi_ta.html,Project Madurai distribution terms and public-domain/consent statement,downloaded_staged,Tamil Shakta/Shaiva devotional text. Review required. Downloaded to content/_staging/raw/tamil/project_madurai_abirami_andhadhi_ta.html on 2026-07-06; review before ingestion.
project_madurai_kanda_sashti_kavacham_ta,Kanda Sashti Kavacham,Tamil,Project Madurai,https://www.projectmadurai.org/pmworks.html,https://www.projectmadurai.org/pm_etexts/utf8/pmuni0034_02.html,content/_staging/raw/tamil/project_madurai_kanda_sashti_kavacham_ta.html,Project Madurai distribution terms and public-domain/consent statement,downloaded_staged,Popular Murugan devotional text. Check edition and practice sensitivity. Downloaded to content/_staging/raw/tamil/project_madurai_kanda_sashti_kavacham_ta.html on 2026-07-06; review before ingestion.
vinaya_patrika_archive_hi,Vinaya Patrika,Hindi/Braj,Internet Archive Wayback,https://web.archive.org/web/20070606211824/http://hin.osaka-gaidai.ac.jp/hindi/vinayapatrika.txt,https://web.archive.org/web/20070606211824/http://hin.osaka-gaidai.ac.jp/hindi/vinayapatrika.txt,content/_staging/raw/hindi/vinaya_patrika_archive_hi.txt,Public-domain author but web text provenance unclear,downloaded_staged,Tulsidas devotional text. Verify source provenance and transcription rights. Downloaded to content/_staging/raw/hindi/vinaya_patrika_archive_hi.txt on 2026-07-06; review before ingestion.
dasbodh_ia_marathi_metadata,Dasbodh Marathi,Marathi,Internet Archive,https://archive.org/details/Shri.Dasbodh.of.Shri.Samartha.Ramdas.Marathi,https://archive.org/metadata/Shri.Dasbodh.of.Shri.Samartha.Ramdas.Marathi,content/_staging/raw/marathi/dasbodh_ia_marathi.metadata.json,Public-domain author; scan/license metadata needs review,metadata_staged,Metadata first; inspect files for OCR/PDF after download. Metadata downloaded on 2026-07-06; review rights before full text acquisition.
eknathi_bhagwat_ia_marathi_metadata,Eknathi Bhagwat Marathi,Marathi,Internet Archive,https://archive.org/details/Shri.Eknathi.Bhagwat.Marathi,https://archive.org/metadata/Shri.Eknathi.Bhagwat.Marathi,content/_staging/raw/marathi/eknathi_bhagwat_ia_marathi.metadata.json,Public-domain author; scan/license metadata needs review,metadata_staged,Metadata first; inspect files for OCR/PDF after download. Metadata downloaded on 2026-07-06; review rights before full text acquisition.
ekanath_bhaktalilamrita_ia_metadata,Ekanath Bhaktalilamrita,English/Marathi,Internet Archive,https://archive.org/details/Ekanath.Bhaktalilamrita,https://archive.org/metadata/Ekanath.Bhaktalilamrita,content/_staging/raw/metadata_only/ekanath_bhaktalilamrita_ia.metadata.json,Public-domain/old source likely but verify,metadata_staged,Internet Archive metadata staged at content/_staging/raw/metadata_only/ekanath_bhaktalilamrita_ia.metadata.json on 2026-07-04; full text still review-first.
andhra_mahabharatam_andhrabharati_te,Andhra Mahabharatam,Telugu,Andhra Bharati,https://andhrabharati.com/itihAsamulu/bhAratamu/index.html,https://andhrabharati.com/itihAsamulu/bhAratamu/index.html,content/_staging/raw/telugu/andhra_mahabharatam_andhrabharati_te.html,Ancient public-domain base text; website terms unclear,downloaded_staged,Telugu Mahabharata by Kavitrayam. Verify Andhra Bharati reuse terms before ingestion. Downloaded to content/_staging/raw/telugu/andhra_mahabharatam_andhrabharati_te.html on 2026-07-06; review before ingestion.
ranganatha_ramayanamu_andhrabharati_te,Ranganatha Ramayanamu,Telugu,Andhra Bharati,https://andhrabharati.com/itihAsamulu/RanganathaRamayanamu/index.html,https://andhrabharati.com/itihAsamulu/RanganathaRamayanamu/index.html,content/_staging/raw/telugu/ranganatha_ramayanamu_andhrabharati_te.html,Ancient public-domain base text; website terms unclear,downloaded_staged,Telugu Ramayana. Verify Andhra Bharati reuse terms before ingestion. Downloaded to content/_staging/raw/telugu/ranganatha_ramayanamu_andhrabharati_te.html on 2026-07-06; review before ingestion.
pothana_bhagavatha_rathnalu_ia_metadata,Pothana Bhagavatha Rathnalu,Telugu,Internet Archive,https://archive.org/details/PothanaBhagavathaRathnalu,https://archive.org/metadata/PothanaBhagavathaRathnalu,content/_staging/raw/telugu/pothana_bhagavatha_rathnalu.metadata.json,Public-domain author; scan/license metadata needs review,metadata_staged,Metadata first; inspect files for OCR/PDF after download. Metadata downloaded on 2026-07-06; review rights before full text acquisition.
dhruvopakhyanamu_ia_metadata,Dhruvopakhyanamu,Telugu,Internet Archive,https://archive.org/details/Dhruvopakhyanamu,https://archive.org/metadata/Dhruvopakhyanamu,content/_staging/raw/telugu/dhruvopakhyanamu.metadata.json,Public-domain author/source likely but verify,metadata_staged,Telugu devotional/Bhagavata episode candidate; metadata first. Metadata downloaded on 2026-07-06; review rights before full text acquisition.
narsinh_mehta_rekhta_gujarati_metadata,Narsinh Mehta profile and poems,Gujarati,Rekhta Gujarati,https://rekhtagujarati.org/poets/narsinh-mehta/profile,,content/_staging/raw/metadata_only/narsinh_mehta_rekhta_gujarati.metadata.json,Poet public domain; site/text rights unclear,metadata_only,Gujarati bhakti source lead. Do not scrape until site terms and edition rights are reviewed.
krittivasi_ramayan_bengali_lead,Krittivasi Ramayan,Bengali,Wikipedia/source lead,https://en.wikipedia.org/wiki/Krittivasi_Ramayan,,content/_staging/raw/metadata_only/krittivasi_ramayan_bengali_lead.metadata.json,Medieval public-domain base text; edition/source needed,metadata_only,Find public-domain scan or Wikisource edition before downloading.
kashidasi_mahabharat_bengali_lead,Kashidasi Mahabharat,Bengali,Wikipedia/source lead,https://en.wikipedia.org/wiki/Kashiram_Das,,content/_staging/raw/metadata_only/kashidasi_mahabharat_bengali_lead.metadata.json,Medieval public-domain base text; edition/source needed,metadata_only,Find public-domain scan or Wikisource edition before downloading.
project_madurai_tirumantiram_3_6_part1_ta,Tirumantiram Tantras 3-6 Part 1,Tamil,Project Madurai,https://www.projectmadurai.org/pmworks.html,https://www.projectmadurai.org/pm_etexts/utf8/pmuni0009_01.html,content/_staging/raw/tamil/project_madurai_tirumantiram_3_6_part1_ta.html,Project Madurai distribution terms and public-domain/consent statement,downloaded_staged,Tamil Shaiva Siddhanta continuation. Specialist review required. Downloaded to content/_staging/raw/tamil/project_madurai_tirumantiram_3_6_part1_ta.html on 2026-07-06; review before ingestion.
project_madurai_tirumantiram_3_6_part2_ta,Tirumantiram Tantras 3-6 Part 2,Tamil,Project Madurai,https://www.projectmadurai.org/pmworks.html,https://www.projectmadurai.org/pm_etexts/utf8/pmuni0009_02.html,content/_staging/raw/tamil/project_madurai_tirumantiram_3_6_part2_ta.html,Project Madurai distribution terms and public-domain/consent statement,downloaded_staged,Tamil Shaiva Siddhanta continuation. Specialist review required. Downloaded to content/_staging/raw/tamil/project_madurai_tirumantiram_3_6_part2_ta.html on 2026-07-06; review before ingestion.
project_madurai_tirumantiram_3_6_part3_ta,Tirumantiram Tantras 3-6 Part 3,Tamil,Project Madurai,https://www.projectmadurai.org/pmworks.html,https://www.projectmadurai.org/pm_etexts/utf8/pmuni0009_03.html,content/_staging/raw/tamil/project_madurai_tirumantiram_3_6_part3_ta.html,Project Madurai distribution terms and public-domain/consent statement,downloaded_staged,Tamil Shaiva Siddhanta continuation. Specialist review required. Downloaded to content/_staging/raw/tamil/project_madurai_tirumantiram_3_6_part3_ta.html on 2026-07-06; review before ingestion.
project_madurai_tirumantiram_7_9_part1_ta,Tirumantiram Tantras 7-9 Part 1,Tamil,Project Madurai,https://www.projectmadurai.org/pmworks.html,https://www.projectmadurai.org/pm_etexts/utf8/pmuni0010_01.html,content/_staging/raw/tamil/project_madurai_tirumantiram_7_9_part1_ta.html,Project Madurai distribution terms and public-domain/consent statement,downloaded_staged,Tamil Shaiva Siddhanta continuation. Specialist review required. Downloaded to content/_staging/raw/tamil/project_madurai_tirumantiram_7_9_part1_ta.html on 2026-07-06; review before ingestion.
project_madurai_tirumantiram_7_9_part2_ta,Tirumantiram Tantras 7-9 Part 2,Tamil,Project Madurai,https://www.projectmadurai.org/pmworks.html,https://www.projectmadurai.org/pm_etexts/utf8/pmuni0010_02.html,content/_staging/raw/tamil/project_madurai_tirumantiram_7_9_part2_ta.html,Project Madurai distribution terms and public-domain/consent statement,downloaded_staged,Tamil Shaiva Siddhanta continuation. Specialist review required. Downloaded to content/_staging/raw/tamil/project_madurai_tirumantiram_7_9_part2_ta.html on 2026-07-06; review before ingestion.
project_madurai_tirumantiram_7_9_part3_ta,Tirumantiram Tantras 7-9 Part 3,Tamil,Project Madurai,https://www.projectmadurai.org/pmworks.html,https://www.projectmadurai.org/pm_etexts/utf8/pmuni0010_03.html,content/_staging/raw/tamil/project_madurai_tirumantiram_7_9_part3_ta.html,Project Madurai distribution terms and public-domain/consent statement,downloaded_staged,Tamil Shaiva Siddhanta continuation. Specialist review required. Downloaded to content/_staging/raw/tamil/project_madurai_tirumantiram_7_9_part3_ta.html on 2026-07-06; review before ingestion.
project_madurai_bharati_deiva_padalgal_ta,Bharati Deiva Padalgal,Tamil,Project Madurai,https://www.projectmadurai.org/pmworks.html,https://www.projectmadurai.org/pm_etexts/utf8/pmuni0012_02.html,content/_staging/raw/tamil/project_madurai_bharati_deiva_padalgal_ta.html,Project Madurai distribution terms and public-domain/consent statement,downloaded_staged,Subramania Bharati devotional poems. Verify edition and Project Madurai terms. Downloaded to content/_staging/raw/tamil/project_madurai_bharati_deiva_padalgal_ta.html on 2026-07-06; review before ingestion.
project_madurai_desika_prabandham_ta,Desika Prabandham,Tamil,Project Madurai,https://www.projectmadurai.org/pmworks.html,https://www.projectmadurai.org/pm_etexts/utf8/pmuni0013.html,content/_staging/raw/tamil/project_madurai_desika_prabandham_ta.html,Project Madurai distribution terms and public-domain/consent statement,downloaded_staged,Sri Vaishnava Vedanta Desika Tamil text. Specialist review required. Downloaded to content/_staging/raw/tamil/project_madurai_desika_prabandham_ta.html on 2026-07-06; review before ingestion.
project_madurai_thiruvarutpa_1_570_ta,Thiruvarutpa Songs 1-570,Tamil,Project Madurai,https://www.projectmadurai.org/pmworks.html,https://www.projectmadurai.org/pm_etexts/utf8/pmuni0018_01.html,content/_staging/raw/tamil/project_madurai_thiruvarutpa_1_570_ta.html,Project Madurai distribution terms and public-domain/consent statement,downloaded_staged,Ramalinga Adigal Vallalar devotional corpus. Review before use. Downloaded to content/_staging/raw/tamil/project_madurai_thiruvarutpa_1_570_ta.html on 2026-07-06; review before ingestion.
project_madurai_thiruvarutpa_571_1006_ta,Thiruvarutpa Songs 571-1006,Tamil,Project Madurai,https://www.projectmadurai.org/pmworks.html,https://www.projectmadurai.org/pm_etexts/utf8/pmuni0018_02.html,content/_staging/raw/tamil/project_madurai_thiruvarutpa_571_1006_ta.html,Project Madurai distribution terms and public-domain/consent statement,downloaded_staged,Ramalinga Adigal Vallalar devotional corpus. Review before use. Downloaded to content/_staging/raw/tamil/project_madurai_thiruvarutpa_571_1006_ta.html on 2026-07-06; review before ingestion.
project_madurai_thiruvarutpa_agaval_ta,Thiruvarutpa Agaval,Tamil,Project Madurai,https://www.projectmadurai.org/pmworks.html,https://www.projectmadurai.org/pm_etexts/utf8/pmuni0031.html,content/_staging/raw/tamil/project_madurai_thiruvarutpa_agaval_ta.html,Project Madurai distribution terms and public-domain/consent statement,downloaded_staged,Ramalinga Adigal devotional text. Review before use. Downloaded to content/_staging/raw/tamil/project_madurai_thiruvarutpa_agaval_ta.html on 2026-07-06; review before ingestion.
project_madurai_shanmuga_kavacham_ta,Shanmuga Kavacham,Tamil,Project Madurai,https://www.projectmadurai.org/pmworks.html,https://www.projectmadurai.org/pm_etexts/utf8/pmuni0034_01.html,content/_staging/raw/tamil/project_madurai_shanmuga_kavacham_ta.html,Project Madurai distribution terms and public-domain/consent statement,downloaded_staged,Murugan devotional kavacham. Practice sensitivity review required. Downloaded to content/_staging/raw/tamil/project_madurai_shanmuga_kavacham_ta.html on 2026-07-06; review before ingestion.
project_madurai_kanda_guru_kavacham_ta,Kanda Guru Kavacham,Tamil,Project Madurai,https://www.projectmadurai.org/pmworks.html,https://www.projectmadurai.org/pm_etexts/utf8/pmuni0034_03.html,content/_staging/raw/tamil/project_madurai_kanda_guru_kavacham_ta.html,Project Madurai distribution terms and public-domain/consent statement,downloaded_staged,Murugan devotional kavacham. Practice sensitivity review required. Downloaded to content/_staging/raw/tamil/project_madurai_kanda_guru_kavacham_ta.html on 2026-07-06; review before ingestion.
itihasa_sanskrit_english_parallel_corpus_metadata,Itihasa Sanskrit-English parallel corpus,Sanskrit/English,arXiv source lead,https://arxiv.org/abs/2106.03269,,content/_staging/raw/metadata_only/itihasa_sanskrit_english_parallel_corpus.metadata.json,Dataset and upstream text licensing not verified,metadata_only_pending_source_url,Parallel Ramayana/Mahabharata corpus lead. Locate released data and licenses before download.
iwlv_ramayana_multilingual_corpus_metadata,IWLV Ramayana multilingual corpus,Sanskrit/Indic multilingual,arXiv source lead,https://arxiv.org/abs/2604.13078,,content/_staging/raw/metadata_only/iwlv_ramayana_multilingual_corpus.metadata.json,Dataset and upstream text licensing not verified,metadata_only_pending_source_url,Ramayana multilingual corpus lead. Locate released data and licenses before download.
samasamayik_hindi_sanskrit_dataset_metadata,Samasamayik Hindi-Sanskrit dataset,Hindi/Sanskrit,arXiv source lead,https://arxiv.org/abs/2603.24307,,content/_staging/raw/metadata_only/samasamayik_hindi_sanskrit_dataset.metadata.json,Dataset and upstream text licensing not verified,metadata_only_pending_source_url,Hindi-Sanskrit NLP dataset lead; not necessarily devotional scripture.
mitrasamgraha_sanskrit_english_dataset_metadata,Mitrasamgraha Sanskrit-English corpus,Sanskrit/English,arXiv source lead,https://arxiv.org/abs/2601.07314,,content/_staging/raw/metadata_only/mitrasamgraha_sanskrit_english_dataset.metadata.json,Dataset and upstream text licensing not verified,metadata_only_pending_source_url,Sanskrit-English corpus lead. Verify domain and licenses before download.
sanskritdocuments_sahasranama_index_metadata,SanskritDocuments Sahasranama index,Sanskrit,SanskritDocuments,https://sanskritdocuments.org/sanskrit/sahasranama/,,content/_staging/raw/metadata_only/sanskritdocuments_sahasranama_index.metadata.json,Site and per-file reuse terms need review,metadata_only,Index lead for many Sanskrit sahasranama stotras. Review per-file provenance before download.
sanskritdocuments_stotra_index_metadata,SanskritDocuments Stotra index,Sanskrit,SanskritDocuments,https://sanskritdocuments.org/sanskrit/stotra/,,content/_staging/raw/metadata_only/sanskritdocuments_stotra_index.metadata.json,Site and per-file reuse terms need review,metadata_only,Index lead for Sanskrit stotras. Review per-file provenance before download.
sanskrit_wikisource_vishnu_sahasranama_metadata,Vishnu Sahasranama Sanskrit Wikisource,Sanskrit,Sanskrit Wikisource,http://sa.wikisource.org/wiki/श्रीविष्णुसहस्रनामस्तोत्रम्‌,,content/_staging/raw/metadata_only/sanskrit_wikisource_vishnu_sahasranama.metadata.json,Wikimedia terms and source edition status need review,metadata_only,Sanskrit Wikisource lead for Vishnu Sahasranama. Existing PG romanized source remains separate.
sanskrit_wikisource_valmiki_ramayana_metadata,Valmiki Ramayana Sanskrit Wikisource,Sanskrit,Sanskrit Wikisource,https://sa.wikisource.org/wiki/वाल्मीकिरामायणम्,,content/_staging/raw/metadata_only/sanskrit_wikisource_valmiki_ramayana.metadata.json,Wikimedia terms and source edition status need review,metadata_only,Sanskrit Ramayana lead. Verify page completeness and source edition.
bengali_chaitanya_bhagavata_lead,Chaitanya Bhagavata,Bengali,Wikipedia/source lead,https://en.wikipedia.org/wiki/Chaitanya_Bhagavata,,content/_staging/raw/metadata_only/bengali_chaitanya_bhagavata_lead.metadata.json,Public-domain base text likely but edition/source needed,metadata_only,Gaudiya Vaishnava hagiography lead. Find public-domain edition before downloading.
bengali_chaitanya_charitamrita_lead,Chaitanya Charitamrita,Bengali,Wikipedia/source lead,https://en.wikipedia.org/wiki/Chaitanya_Charitamrita,,content/_staging/raw/metadata_only/bengali_chaitanya_charitamrita_lead.metadata.json,Public-domain base text likely but modern translations copyrighted,metadata_only,Original Bengali/Sanskrit source lead. Avoid modern copyrighted translations.
gujarati_akha_bhagat_lead,Akha Bhagat works,Gujarati,Wikipedia/source lead,https://en.wikipedia.org/wiki/Akha_Bhagat,,content/_staging/raw/metadata_only/gujarati_akha_bhagat_lead.metadata.json,Public-domain poet but edition/source needed,metadata_only,Gujarati bhakti and jnana poetry lead. Find public-domain edition before downloading.
gujarati_vaishnava_jana_to_lead,Vaishnava Jana To,Gujarati,Wikipedia/source lead,https://en.wikipedia.org/wiki/Vaishnava_Jana_To,,content/_staging/raw/metadata_only/gujarati_vaishnava_jana_to_lead.metadata.json,Public-domain poem likely but web text rights unclear,metadata_only,Narsinh Mehta bhajan lead. Find reusable Gujarati text source before downloading.
telugu_sumati_satakam_lead,Sumati Satakam,Telugu,Wikipedia/source lead,https://en.wikipedia.org/wiki/Sumathi_Satakam,,content/_staging/raw/metadata_only/telugu_sumati_satakam_lead.metadata.json,Public-domain base text likely but edition/source needed,metadata_only,Telugu didactic classic. Not strictly Hindu scripture but useful dharma/neeti context after review.
persian_razmnama_mahabharata_lead,Razmnama Persian Mahabharata,Persian/Urdu-script,Wikipedia/source lead,https://en.wikipedia.org/wiki/Razmnama,,content/_staging/raw/metadata_only/persian_razmnama_mahabharata_lead.metadata.json,Historical manuscript text rights and edition access unclear,metadata_only,Persian-script Mahabharata translation lead. Useful for Urdu/Persian-script discovery not direct ingestion.
hindi_hanuman_chalisa_lead,Hanuman Chalisa,Hindi/Awadhi,Wikipedia/source lead,https://en.wikipedia.org/wiki/Hanuman_Chalisa,,content/_staging/raw/metadata_only/hindi_hanuman_chalisa_lead.metadata.json,Public-domain base text likely but edition/source needed,metadata_only,Tulsidas Hanuman hymn lead. Find reusable Hindi/Awadhi source before downloading.
hindi_sursagar_surdas_lead,Sursagar Surdas,Hindi/Braj,Wikipedia/source lead,https://en.wikipedia.org/wiki/Surdas,,content/_staging/raw/metadata_only/hindi_sursagar_surdas_lead.metadata.json,Public-domain poet but editions are complex,metadata_only,Surdas Krishna bhakti lead. Need public-domain edition and authenticity review.
hindi_devi_mahatmya_durga_saptashati_lead,Devi Mahatmya Durga Saptashati Hindi,Hindi/Sanskrit,Wikipedia/source lead,https://en.wikipedia.org/wiki/Devi_Mahatmya,,content/_staging/raw/metadata_only/hindi_devi_mahatmya_durga_saptashati_lead.metadata.json,Public-domain Sanskrit base text likely; Hindi edition needed,metadata_only,Shakta text lead. Find public-domain Hindi/Sanskrit edition before downloading.
marathi_tukaram_gatha_lead,Tukaram Gatha,Marathi,Wikipedia/source lead,https://en.wikipedia.org/wiki/Tukaram,,content/_staging/raw/metadata_only/marathi_tukaram_gatha_lead.metadata.json,Public-domain poet but edition/source needed,metadata_only,Varkari abhang corpus lead. Find public-domain edition before downloading.
marathi_namdev_gatha_lead,Namdev Gatha,Marathi,Wikipedia/source lead,https://en.wikipedia.org/wiki/Namdev,,content/_staging/raw/metadata_only/marathi_namdev_gatha_lead.metadata.json,Public-domain poet but edition/source needed,metadata_only,Varkari/Namdev devotional poetry lead. Find public-domain edition before downloading.
gujarati_bhoja_bhagat_lead,Bhoja Bhagat works,Gujarati,Wikipedia/source lead,https://en.wikipedia.org/wiki/Bhoja_Bhagat,,content/_staging/raw/metadata_only/gujarati_bhoja_bhagat_lead.metadata.json,Public-domain poet but edition/source needed,metadata_only,Gujarati Hindu saint-poet lead. Find public-domain edition before downloading.
telugu_vemana_satakam_lead,Vemana Satakam and poems,Telugu,Wikipedia/source lead,https://en.wikipedia.org/wiki/Vemana,,content/_staging/raw/metadata_only/telugu_vemana_satakam_lead.metadata.json,Public-domain poet but edition/source needed,metadata_only,Telugu moral/philosophical poetry lead. Check Hindu corpus fit before downloading.
bengali_manasamangala_lead,Manasamangal Bengali,Bengali,Wikipedia/source lead,https://en.wikipedia.org/wiki/Manasamangal_Kavya,,content/_staging/raw/metadata_only/bengali_manasamangala_lead.metadata.json,Medieval public-domain base text; edition/source needed,metadata_only,Bengali Shakta/Manasa mangalkavya lead. Find reusable edition.
bengali_chandimangal_lead,Chandimangal Bengali,Bengali,Wikipedia/source lead,https://en.wikipedia.org/wiki/Chandimangal,,content/_staging/raw/metadata_only/bengali_chandimangal_lead.metadata.json,Medieval public-domain base text; edition/source needed,metadata_only,Bengali Chandi mangalkavya lead. Find reusable edition.
sanskritdocuments_upanishad_index_metadata,SanskritDocuments Upanishad index,Sanskrit,SanskritDocuments,https://sanskritdocuments.org/sanskrit/upanishhat/,,content/_staging/raw/metadata_only/sanskritdocuments_upanishad_index.metadata.json,Site and per-file reuse terms need review,metadata_only,Index lead for Sanskrit Upanishad files. Review per-file provenance before download.
marathi_janabai_abhang_lead,Janabai Abhangs,Marathi,Wikipedia/source lead,https://en.wikipedia.org/wiki/Janabai,,content/_staging/raw/metadata_only/marathi_janabai_abhang_lead.metadata.json,Public-domain poet but edition/source needed,metadata_only,Varkari woman saint-poet lead. Find public-domain edition before downloading.
marathi_ekanath_bharud_abhang_lead,Eknath Bharud and Abhangs,Marathi,Wikipedia/source lead,https://en.wikipedia.org/wiki/Eknath,,content/_staging/raw/metadata_only/marathi_ekanath_bharud_abhang_lead.metadata.json,Public-domain poet but edition/source needed,metadata_only,Varkari/Eknath devotional poetry lead. Separate from Eknathi Bhagwat metadata.
gujarati_premanand_ramayana_lead,Premanand Ramayana Gujarati,Gujarati,Wikipedia/source lead,https://en.wikipedia.org/wiki/Ramayana,,content/_staging/raw/metadata_only/gujarati_premanand_ramayana_lead.metadata.json,Public-domain base text likely but edition/source needed,metadata_only,Gujarati Ramayana tradition lead attributed to Premanand. Find reusable edition.
gujarati_dayaram_garbi_lead,Dayaram Garbi and Bhakti poems,Gujarati,Wikipedia/source lead,https://en.wikipedia.org/wiki/Dayaram,,content/_staging/raw/metadata_only/gujarati_dayaram_garbi_lead.metadata.json,Public-domain poet but edition/source needed,metadata_only,Gujarati Krishna bhakti poet lead. Find public-domain edition before downloading.
bengali_vaishnava_padavali_lead,Bengali Vaishnava Padavali,Bengali,Wikipedia/source lead,https://en.wikipedia.org/wiki/Vaishnava_Padavali,,content/_staging/raw/metadata_only/bengali_vaishnava_padavali_lead.metadata.json,Public-domain base corpus but editions vary,metadata_only,Bengali Radha-Krishna devotional poetry lead. Needs edition selection.
bengali_krishna_mangal_lead,Krishna Mangal Bengali,Bengali,Wikipedia/source lead,https://en.wikipedia.org/wiki/Mangalkavya,,content/_staging/raw/metadata_only/bengali_krishna_mangal_lead.metadata.json,Public-domain base tradition but edition/source needed,metadata_only,Bengali mangalkavya/Krishna source-discovery lead.
hindi_kavitavali_tulsidas_lead,Kavitavali Tulsidas,Hindi/Braj,Wikipedia/source lead,https://en.wikipedia.org/wiki/Tulsidas,,content/_staging/raw/metadata_only/hindi_kavitavali_tulsidas_lead.metadata.json,Public-domain author but edition/source needed,metadata_only,Tulsidas devotional poetry lead. Find reusable edition before downloading.
hindi_gitavali_tulsidas_lead,Gitavali Tulsidas,Hindi/Braj,Wikipedia/source lead,https://en.wikipedia.org/wiki/Tulsidas,,content/_staging/raw/metadata_only/hindi_gitavali_tulsidas_lead.metadata.json,Public-domain author but edition/source needed,metadata_only,Tulsidas song corpus lead. Find reusable edition before downloading.
telugu_molla_ramayanam_lead,Molla Ramayanam,Telugu,Wikipedia/source lead,https://en.wikipedia.org/wiki/Molla_Ramayanam,,content/_staging/raw/metadata_only/telugu_molla_ramayanam_lead.metadata.json,Public-domain base text likely but edition/source needed,metadata_only,Telugu Ramayana by poet Molla. Find reusable edition.
telugu_bhaskara_ramayanam_lead,Bhaskara Ramayanam,Telugu,Wikipedia/source lead,https://en.wikipedia.org/wiki/Ramayana,,content/_staging/raw/metadata_only/telugu_bhaskara_ramayanam_lead.metadata.json,Public-domain base text likely but edition/source needed,metadata_only,Telugu Ramayana tradition lead. Find reusable edition.
urdu_razmnama_source_expansion_lead,Urdu/Persian Mahabharata translation leads,Urdu/Persian-script,Wikipedia/source lead,https://en.wikipedia.org/wiki/Mahabharata,,content/_staging/raw/metadata_only/urdu_razmnama_source_expansion_lead.metadata.json,Historical translations exist but editions and rights unclear,metadata_only,Use Mahabharata translation history to locate Urdu/Persian script editions.
songs_of_kabir_tagore_pg_en,Songs of Kabir Tagore translation,English/old Hindi,Project Gutenberg,https://www.gutenberg.org/ebooks/6519,https://www.gutenberg.org/ebooks/6519.txt.utf-8,content/_staging/raw/english/songs_of_kabir_tagore_pg_en.txt,Project Gutenberg public domain terms,downloaded_staged,Full Project Gutenberg TXT staged at content/_staging/raw/english/songs_of_kabir_tagore_pg_en.txt on 2026-07-04.
bijak_kabir_1917_ia_metadata,Bijak of Kabir 1917 translation,Hindi/English,Internet Archive,https://archive.org/details/bijakofkabirtran00kabiuoft,https://archive.org/metadata/bijakofkabirtran00kabiuoft,content/_staging/raw/hindi/bijak_kabir_1917_ia.metadata.json,Public-domain/old translation likely but verify scan metadata,metadata_staged,Internet Archive metadata staged at content/_staging/raw/hindi/bijak_kabir_1917_ia.metadata.json on 2026-07-04; full text still review-first.
hindi_mirabai_padavali_lead,Mira Padavali,Hindi/Rajasthani,Wikipedia/source lead,https://en.wikipedia.org/wiki/Mirabai,,content/_staging/raw/metadata_only/hindi_mirabai_padavali_lead.metadata.json,Public-domain poet but edition/source needed,metadata_only,Mirabai Krishna bhakti lead. Find reusable edition before downloading.
hindi_raskhan_premvatika_lead,Prem Vatika and Raskhan poetry,Hindi/Braj,Wikipedia/source lead,https://en.wikipedia.org/wiki/Raskhan,,content/_staging/raw/metadata_only/hindi_raskhan_premvatika_lead.metadata.json,Public-domain poet but edition/source needed,metadata_only,Raskhan Krishna bhakti lead. Find reusable edition before downloading.
hindi_kabir_granthavali_lead,Kabir Granthavali,Hindi/Sadhukkadi,Wikipedia/source lead,https://en.wikipedia.org/wiki/Kabir,,content/_staging/raw/metadata_only/hindi_kabir_granthavali_lead.metadata.json,Public-domain poet but recensions and editions vary,metadata_only,Kabir corpus lead. Needs recension and sectarian context review.
hindi_tulsidas_dohavali_lead,Dohavali Tulsidas,Hindi/Braj,Wikipedia/source lead,https://en.wikipedia.org/wiki/Tulsidas,,content/_staging/raw/metadata_only/hindi_tulsidas_dohavali_lead.metadata.json,Public-domain author but edition/source needed,metadata_only,Tulsidas aphoristic/devotional verse lead. Find reusable edition before downloading.
sarva_darsana_sangraha_cowell_ia_metadata,Sarva-Darsana-Samgraha Cowell translation,English/Sanskrit,Internet Archive,https://archive.org/details/Sarva-Darsana-Samgraha.by.Madhavacharya-Vidyaranya.tr.by.E.B.Cowell,https://archive.org/metadata/Sarva-Darsana-Samgraha.by.Madhavacharya-Vidyaranya.tr.by.E.B.Cowell,content/_staging/raw/english/sarva_darsana_sangraha_cowell_ia.metadata.json,Old public-domain candidate but verify scan metadata,metadata_staged,Internet Archive metadata staged at content/_staging/raw/english/sarva_darsana_sangraha_cowell_ia.metadata.json on 2026-07-04; full text still review-first.
panchadasi_vidyaranya_hindi_ia_metadata,Panchadasi Hindi/Sanskrit,Hindi/Sanskrit,Internet Archive,https://archive.org/details/Panchadasi.by.Vidyaranya.Swami.Hindi,https://archive.org/metadata/Panchadasi.by.Vidyaranya.Swami.Hindi,content/_staging/raw/hindi/panchadasi_vidyaranya_hindi_ia.metadata.json,Base text public-domain likely but Hindi edition rights need review,metadata_staged,Metadata first for Advaita Vedanta source. Specialist review required. Metadata downloaded on 2026-07-06; review rights before full text acquisition.
shankara_digvijaya_mula_ia_metadata,Shankara Digvijaya Mula,Sanskrit,Internet Archive,https://archive.org/details/Shankara.Digvijaya.Mula.Matram,https://archive.org/metadata/Shankara.Digvijaya.Mula.Matram,content/_staging/raw/sanskrit/shankara_digvijaya_mula_ia.metadata.json,Public-domain base likely but edition and scan metadata need review,metadata_staged,Metadata first for hagiographic Advaita text. Not scripture. Metadata downloaded on 2026-07-06; review rights before full text acquisition.
dasgupta_history_indian_philosophy_vol1_ia_metadata,A History of Indian Philosophy Vol 1,English/Sanskrit,Internet Archive,https://archive.org/details/in.ernet.dli.2015.96713,https://archive.org/metadata/in.ernet.dli.2015.96713,content/_staging/raw/english/dasgupta_history_indian_philosophy_vol1_ia.metadata.json,Early twentieth century work but jurisdiction and edition rights need review,metadata_staged,Internet Archive metadata staged at content/_staging/raw/english/dasgupta_history_indian_philosophy_vol1_ia.metadata.json on 2026-07-04; full text still review-first.
dasgupta_yoga_as_philosophy_religion_ia_metadata,Yoga as Philosophy and Religion,English/Sanskrit,Internet Archive,https://archive.org/details/Yoga.As.Philosophy.And.Religion.By.Surendranath.Dasgupta,https://archive.org/metadata/Yoga.As.Philosophy.And.Religion.By.Surendranath.Dasgupta,content/_staging/raw/english/dasgupta_yoga_as_philosophy_religion_ia.metadata.json,Early twentieth century work but jurisdiction and edition rights need review,metadata_staged,Internet Archive metadata staged at content/_staging/raw/english/dasgupta_yoga_as_philosophy_religion_ia.metadata.json on 2026-07-04; full text still review-first.
sant_tukaram_gatha_ia_metadata,Sant Tukaram Gatha,Marathi,Internet Archive,https://archive.org/details/sant-tukaram-gatha,https://archive.org/metadata/sant-tukaram-gatha,content/_staging/raw/marathi/sant_tukaram_gatha_ia.metadata.json,Internet Archive page shows Public Domain Mark but edition metadata must be reviewed,metadata_staged,Metadata first for large Varkari abhang corpus. Multiple bundled text files require edition selection. Metadata downloaded on 2026-07-06; review rights before full text acquisition.
hindu_mythology_wilkins_1913_ia_metadata,Hindu Mythology Vedic and Puranic,English,Internet Archive,https://archive.org/details/hindumythologyve00inwilk,https://archive.org/metadata/hindumythologyve00inwilk,content/_staging/raw/english/hindu_mythology_wilkins_1913_ia.metadata.json,1913 edition by author died 1902 is public-domain candidate but verify scan metadata,metadata_staged,Internet Archive metadata staged at content/_staging/raw/english/hindu_mythology_wilkins_1913_ia.metadata.json on 2026-07-04; full text still review-first.
bhagavata_purana_gita_press_ia_lead,Bhagavata Purana Gita Press edition,Hindi/Sanskrit,Internet Archive,https://archive.org/details/bhagavatapuranagitapress_201907,,content/_staging/raw/metadata_only/bhagavata_purana_gita_press_ia_lead.metadata.json,Modern Gita Press edition rights unclear for commercial use,blocked_metadata_only,Do not download full text until Gita Press and scan rights are licensed or cleared.
bhagavata_purana_mn_dutt_hathitrust_lead,A prose English translation of Srimad Bhagavatam M N Dutt,English/Sanskrit,HathiTrust,https://catalog.hathitrust.org/Record/012507010,,content/_staging/raw/metadata_only/bhagavata_purana_mn_dutt_hathitrust_lead.metadata.json,Old public-domain translation candidate but HathiTrust access and reuse terms need review,metadata_only,Locate an openly downloadable scan or confirm HathiTrust rights before ingestion.
bhagavata_purana_sanskritdocuments_lead,Bhagavata Purana SanskritDocuments,Sanskrit,SanskritDocuments,https://sanskritdocuments.org/doc_purana/bhagpur.html?lang=sa,,content/_staging/raw/metadata_only/bhagavata_purana_sanskritdocuments_lead.metadata.json,Base Sanskrit text public-domain but page and transcription terms need review,metadata_only,Verify source edition and SanskritDocuments terms before downloading.
bhagavata_purana_study_sinha_1901_en,A Study of the Bhagavata Purana,English,Project Gutenberg,https://www.gutenberg.org/ebooks/39442,https://www.gutenberg.org/ebooks/39442.txt.utf-8,content/_staging/raw/english/bhagavata_purana_study_sinha_1901_en.txt,Project Gutenberg public domain terms,downloaded_staged,Full Project Gutenberg TXT staged on 2026-07-04; context source rather than scripture text.
sacred_books_of_the_east_wilson_anthology_en,Sacred Books of the East anthology,English,Project Gutenberg,https://www.gutenberg.org/ebooks/12894,https://www.gutenberg.org/ebooks/12894.txt.utf-8,content/_staging/raw/english/sacred_books_of_the_east_wilson_anthology_en.txt,Project Gutenberg public domain terms,downloaded_staged,Full Project Gutenberg TXT staged on 2026-07-04; use only Hindu-relevant selections after review.
hinduism_buddhism_eliot_vol1_en,"Hinduism and Buddhism, An Historical Sketch, Vol. 1",English,Project Gutenberg,https://www.gutenberg.org/ebooks/15255,https://www.gutenberg.org/cache/epub/15255/pg15255.txt,content/_staging/raw/english/hinduism_buddhism_eliot_vol1_en.txt,Project Gutenberg public domain terms; public domain in the USA,downloaded_staged,Full Project Gutenberg TXT staged at content/_staging/raw/english/hinduism_buddhism_eliot_vol1_en.txt on 2026-07-04; review before ingestion.
hinduism_buddhism_eliot_vol2_en,"Hinduism and Buddhism, An Historical Sketch, Vol. 2",English,Project Gutenberg,https://www.gutenberg.org/ebooks/16546,https://www.gutenberg.org/ebooks/16546.txt.utf-8,content/_staging/raw/english/hinduism_buddhism_eliot_vol2_en.txt,Project Gutenberg public domain terms; public domain in the USA,downloaded_staged,Full Project Gutenberg TXT staged at content/_staging/raw/english/hinduism_buddhism_eliot_vol2_en.txt on 2026-07-04; review before ingestion.
hinduism_buddhism_eliot_vol3_en,"Hinduism and Buddhism, An Historical Sketch, Vol. 3",English,Project Gutenberg,https://www.gutenberg.org/ebooks/16847,https://www.gutenberg.org/ebooks/16847.txt.utf-8,content/_staging/raw/english/hinduism_buddhism_eliot_vol3_en.txt,Project Gutenberg public domain terms; public domain in the USA,downloaded_staged,Full Project Gutenberg TXT staged at content/_staging/raw/english/hinduism_buddhism_eliot_vol3_en.txt on 2026-07-04; review before ingestion.
history_indian_philosophy_dasgupta_vol1_en,"A History of Indian Philosophy, Volume 1",English,Project Gutenberg,https://www.gutenberg.org/ebooks/12956,https://www.gutenberg.org/ebooks/12956.txt.utf-8,content/_staging/raw/english/history_indian_philosophy_dasgupta_vol1_en.txt,Project Gutenberg public domain terms; public domain in the USA,downloaded_staged,Full Project Gutenberg TXT staged at content/_staging/raw/english/history_indian_philosophy_dasgupta_vol1_en.txt on 2026-07-04; review before ingestion.
loves_of_krishna_archer_en,The Loves of Krishna in Indian Painting and Poetry,English,Project Gutenberg,https://www.gutenberg.org/ebooks/11924,https://www.gutenberg.org/ebooks/11924.txt.utf-8,content/_staging/raw/english/loves_of_krishna_archer_en.txt,Project Gutenberg public domain terms; public domain in the USA,downloaded_staged,Full Project Gutenberg TXT staged at content/_staging/raw/english/loves_of_krishna_archer_en.txt on 2026-07-04; review before ingestion.
lessons_gnani_yoga_atkinson_en,A Series of Lessons in Gnani Yoga,English,Project Gutenberg,https://www.gutenberg.org/ebooks/13407,https://www.gutenberg.org/ebooks/13407.txt.utf-8,content/_staging/raw/english/lessons_gnani_yoga_atkinson_en.txt,Project Gutenberg public domain terms; public domain in the USA,downloaded_staged,Full Project Gutenberg TXT staged at content/_staging/raw/english/lessons_gnani_yoga_atkinson_en.txt on 2026-07-04; review before ingestion.
lessons_raja_yoga_atkinson_en,A Series of Lessons in Raja Yoga,English,Project Gutenberg,https://www.gutenberg.org/ebooks/13656,https://www.gutenberg.org/ebooks/13656.txt.utf-8,content/_staging/raw/english/lessons_raja_yoga_atkinson_en.txt,Project Gutenberg public domain terms; public domain in the USA,downloaded_staged,Full Project Gutenberg TXT staged at content/_staging/raw/english/lessons_raja_yoga_atkinson_en.txt on 2026-07-04; review before ingestion.
introduction_to_yoga_besant_en,An Introduction to Yoga,English,Project Gutenberg,https://www.gutenberg.org/ebooks/4278,https://www.gutenberg.org/ebooks/4278.txt.utf-8,content/_staging/raw/english/introduction_to_yoga_besant_en.txt,Project Gutenberg public domain terms; public domain in the USA,downloaded_staged,Full Project Gutenberg TXT staged at content/_staging/raw/english/introduction_to_yoga_besant_en.txt on 2026-07-04; review before ingestion.
hindu_yogi_science_breath_atkinson_en,The Hindu-Yogi Science of Breath,English,Project Gutenberg,https://www.gutenberg.org/ebooks/13402,https://www.gutenberg.org/ebooks/13402.txt.utf-8,content/_staging/raw/english/hindu_yogi_science_breath_atkinson_en.txt,Project Gutenberg public domain terms; public domain in the USA,downloaded_staged,Full Project Gutenberg TXT staged at content/_staging/raw/english/hindu_yogi_science_breath_atkinson_en.txt on 2026-07-04; review before ingestion.
doctrine_practice_yoga_mukerji_en,The Doctrine and Practice of Yoga,English,Project Gutenberg,https://www.gutenberg.org/ebooks/13300,https://www.gutenberg.org/ebooks/13300.txt.utf-8,content/_staging/raw/english/doctrine_practice_yoga_mukerji_en.txt,Project Gutenberg public domain terms; public domain in the USA,downloaded_staged,Full Project Gutenberg TXT staged at content/_staging/raw/english/doctrine_practice_yoga_mukerji_en.txt on 2026-07-04; review before ingestion.
yoga_as_philosophy_religion_dasgupta_en,Yoga as Philosophy and Religion,English,Project Gutenberg,https://www.gutenberg.org/ebooks/74250,https://www.gutenberg.org/ebooks/74250.txt.utf-8,content/_staging/raw/english/yoga_as_philosophy_religion_dasgupta_en.txt,Project Gutenberg public domain terms; public domain in the USA,downloaded_staged,Full Project Gutenberg TXT staged at content/_staging/raw/english/yoga_as_philosophy_religion_dasgupta_en.txt on 2026-07-04; review before ingestion.
autobiography_yogi_yogananda_en,Autobiography of a Yogi,English,Project Gutenberg,https://www.gutenberg.org/ebooks/7452,https://www.gutenberg.org/ebooks/7452.txt.utf-8,content/_staging/raw/english/autobiography_yogi_yogananda_en.txt,Project Gutenberg public domain terms; public domain in the USA,downloaded_staged,Full Project Gutenberg TXT staged at content/_staging/raw/english/autobiography_yogi_yogananda_en.txt on 2026-07-04; review before ingestion.
gita_and_gospel_farquhar_en,The Gita and the Gospel,English,Project Gutenberg,https://www.gutenberg.org/ebooks/73070,https://www.gutenberg.org/ebooks/73070.txt.utf-8,content/_staging/raw/english/gita_and_gospel_farquhar_en.txt,Project Gutenberg public domain terms; public domain in the USA,downloaded_staged,Full Project Gutenberg TXT staged at content/_staging/raw/english/gita_and_gospel_farquhar_en.txt on 2026-07-04; review before ingestion.
jnana_yoga_part2_vivekananda_en,"Jnana Yoga, Part 2",English,Project Gutenberg,https://www.gutenberg.org/ebooks/72368,https://www.gutenberg.org/ebooks/72368.txt.utf-8,content/_staging/raw/english/jnana_yoga_part2_vivekananda_en.txt,Project Gutenberg public domain terms; public domain in the USA,downloaded_staged,Full Project Gutenberg TXT staged at content/_staging/raw/english/jnana_yoga_part2_vivekananda_en.txt on 2026-07-04; review before ingestion.
tattva_muktavali_cowell_en,The Tattva-Muktavali,English,Project Gutenberg,https://www.gutenberg.org/ebooks/7175,https://www.gutenberg.org/ebooks/7175.txt.utf-8,content/_staging/raw/english/tattva_muktavali_cowell_en.txt,Project Gutenberg public domain terms; public domain in the USA,downloaded_staged,Full Project Gutenberg TXT staged at content/_staging/raw/english/tattva_muktavali_cowell_en.txt on 2026-07-04; review before ingestion.
sarva_darsana_samgraha_cowell_gough_en,The Sarva-Darsana-Samgraha,English,Project Gutenberg,https://www.gutenberg.org/ebooks/34125,https://www.gutenberg.org/ebooks/34125.txt.utf-8,content/_staging/raw/english/sarva_darsana_samgraha_cowell_gough_en.txt,Project Gutenberg public domain terms; public domain in the USA,downloaded_staged,Full Project Gutenberg TXT staged at content/_staging/raw/english/sarva_darsana_samgraha_cowell_gough_en.txt on 2026-07-04; review before ingestion.
yoga_vasishtha_mitra_vol1_en,"The Yoga-Vasishtha Maharamayana of Valmiki, Vol. 1",English,Project Gutenberg,https://www.gutenberg.org/ebooks/71326,https://www.gutenberg.org/ebooks/71326.txt.utf-8,content/_staging/raw/english/yoga_vasishtha_mitra_vol1_en.txt,Project Gutenberg public domain terms; public domain in the USA,downloaded_staged,Full Project Gutenberg TXT staged at content/_staging/raw/english/yoga_vasishtha_mitra_vol1_en.txt on 2026-07-04; review before ingestion.
yoga_vasishtha_mitra_vol2_part1_en,"The Yoga-Vasishtha Maharamayana of Valmiki, Vol. 2 Part 1",English,Project Gutenberg,https://www.gutenberg.org/ebooks/71063,https://www.gutenberg.org/ebooks/71063.txt.utf-8,content/_staging/raw/english/yoga_vasishtha_mitra_vol2_part1_en.txt,Project Gutenberg public domain terms; public domain in the USA,downloaded_staged,Full Project Gutenberg TXT staged at content/_staging/raw/english/yoga_vasishtha_mitra_vol2_part1_en.txt on 2026-07-04; review before ingestion.
yoga_vasishtha_mitra_vol2_part2_en,"The Yoga-Vasishtha Maharamayana of Valmiki, Vol. 2 Part 2",English,Project Gutenberg,https://www.gutenberg.org/ebooks/71064,https://www.gutenberg.org/ebooks/71064.txt.utf-8,content/_staging/raw/english/yoga_vasishtha_mitra_vol2_part2_en.txt,Project Gutenberg public domain terms; public domain in the USA,downloaded_staged,Full Project Gutenberg TXT staged at content/_staging/raw/english/yoga_vasishtha_mitra_vol2_part2_en.txt on 2026-07-04; review before ingestion.
yoga_vasishtha_mitra_vol3_part1_en,"The Yoga-Vasishtha Maharamayana of Valmiki, Vol. 3 Part 1",English,Project Gutenberg,https://www.gutenberg.org/ebooks/71095,https://www.gutenberg.org/ebooks/71095.txt.utf-8,content/_staging/raw/english/yoga_vasishtha_mitra_vol3_part1_en.txt,Project Gutenberg public domain terms; public domain in the USA,downloaded_staged,Full Project Gutenberg TXT staged at content/_staging/raw/english/yoga_vasishtha_mitra_vol3_part1_en.txt on 2026-07-04; review before ingestion.
yoga_vasishtha_mitra_vol3_part2_en,"The Yoga-Vasishtha Maharamayana of Valmiki, Vol. 3 Part 2",English,Project Gutenberg,https://www.gutenberg.org/ebooks/46531,https://www.gutenberg.org/ebooks/46531.txt.utf-8,content/_staging/raw/english/yoga_vasishtha_mitra_vol3_part2_en.txt,Project Gutenberg public domain terms; public domain in the USA,downloaded_staged,Full Project Gutenberg TXT staged at content/_staging/raw/english/yoga_vasishtha_mitra_vol3_part2_en.txt on 2026-07-04; review before ingestion.
yoga_vasishtha_mitra_vol4_part1_en,"The Yoga-Vasishtha Maharamayana of Valmiki, Vol. 4 Part 1",English,Project Gutenberg,https://www.gutenberg.org/ebooks/71248,https://www.gutenberg.org/ebooks/71248.txt.utf-8,content/_staging/raw/english/yoga_vasishtha_mitra_vol4_part1_en.txt,Project Gutenberg public domain terms; public domain in the USA,downloaded_staged,Full Project Gutenberg TXT staged at content/_staging/raw/english/yoga_vasishtha_mitra_vol4_part1_en.txt on 2026-07-04; review before ingestion.
yoga_vasishtha_mitra_vol4_part2_en,"The Yoga-Vasishtha Maharamayana of Valmiki, Vol. 4 Part 2",English,Project Gutenberg,https://www.gutenberg.org/ebooks/71249,https://www.gutenberg.org/ebooks/71249.txt.utf-8,content/_staging/raw/english/yoga_vasishtha_mitra_vol4_part2_en.txt,Project Gutenberg public domain terms; public domain in the USA,downloaded_staged,Full Project Gutenberg TXT staged at content/_staging/raw/english/yoga_vasishtha_mitra_vol4_part2_en.txt on 2026-07-04; review before ingestion.
great_indian_epics_oman_en,The Great Indian Epics,English,Project Gutenberg,https://www.gutenberg.org/ebooks/73417,https://www.gutenberg.org/ebooks/73417.txt.utf-8,content/_staging/raw/english/great_indian_epics_oman_en.txt,Project Gutenberg public domain terms; public domain in the USA,downloaded_staged,Full Project Gutenberg TXT staged at content/_staging/raw/english/great_indian_epics_oman_en.txt on 2026-07-04; review before ingestion.
ramayana_dutt_vol1_en,"The Ramayana, Volume 1: Balakandam and Ayodhyakandam",English,Project Gutenberg,https://www.gutenberg.org/ebooks/57265,https://www.gutenberg.org/ebooks/57265.txt.utf-8,content/_staging/raw/english/ramayana_dutt_vol1_en.txt,Project Gutenberg public domain terms; public domain in the USA,downloaded_staged,Full Project Gutenberg TXT staged at content/_staging/raw/english/ramayana_dutt_vol1_en.txt on 2026-07-04; review before ingestion.
ramayana_dutt_vol2_en,"The Ramayana, Volume 2: Aranya, Kishkindha, and Sundara Kandam",English,Project Gutenberg,https://www.gutenberg.org/ebooks/57826,https://www.gutenberg.org/ebooks/57826.txt.utf-8,content/_staging/raw/english/ramayana_dutt_vol2_en.txt,Project Gutenberg public domain terms; public domain in the USA,downloaded_staged,Full Project Gutenberg TXT staged at content/_staging/raw/english/ramayana_dutt_vol2_en.txt on 2026-07-04; review before ingestion.
ramayana_dutt_vol3_en,"The Ramayana, Volume 3: Yuddhakandam",English,Project Gutenberg,https://www.gutenberg.org/ebooks/60188,https://www.gutenberg.org/ebooks/60188.txt.utf-8,content/_staging/raw/english/ramayana_dutt_vol3_en.txt,Project Gutenberg public domain terms; public domain in the USA,downloaded_staged,Full Project Gutenberg TXT staged at content/_staging/raw/english/ramayana_dutt_vol3_en.txt on 2026-07-04; review before ingestion.
ramayana_dutt_vol4_en,"The Ramayana, Volume 4: Uttara Kanda",English,Project Gutenberg,https://www.gutenberg.org/ebooks/62496,https://www.gutenberg.org/ebooks/62496.txt.utf-8,content/_staging/raw/english/ramayana_dutt_vol4_en.txt,Project Gutenberg public domain terms; public domain in the USA,downloaded_staged,Full Project Gutenberg TXT staged at content/_staging/raw/english/ramayana_dutt_vol4_en.txt on 2026-07-04; review before ingestion.
harivamsha_dutt_en,A Prose English Translation of Harivamsha,English,Project Gutenberg,https://www.gutenberg.org/ebooks/61937,https://www.gutenberg.org/ebooks/61937.txt.utf-8,content/_staging/raw/english/harivamsha_dutt_en.txt,Project Gutenberg public domain terms; public domain in the USA,downloaded_staged,Full Project Gutenberg TXT staged at content/_staging/raw/english/harivamsha_dutt_en.txt on 2026-07-04; review before ingestion.
maha_bharata_romesh_dutt_en,Maha-bharata,English,Project Gutenberg,https://www.gutenberg.org/ebooks/19630,https://www.gutenberg.org/cache/epub/19630/pg19630.txt,content/_staging/raw/english/maha_bharata_romesh_dutt_en.txt,Project Gutenberg public domain terms; public domain in the USA,downloaded_staged,Full Project Gutenberg TXT staged at content/_staging/raw/english/maha_bharata_romesh_dutt_en.txt on 2026-07-04; review before ingestion.
religions_india_hopkins_en,The Religions of India,English,Project Gutenberg,https://www.gutenberg.org/ebooks/14499,https://www.gutenberg.org/ebooks/14499.txt.utf-8,content/_staging/raw/english/religions_india_hopkins_en.txt,Project Gutenberg public domain terms; public domain in the USA,downloaded_staged,Full Project Gutenberg TXT staged at content/_staging/raw/english/religions_india_hopkins_en.txt on 2026-07-04; review before ingestion.
indian_myth_legend_mackenzie_en,Indian Myth and Legend,English,Project Gutenberg,https://www.gutenberg.org/ebooks/47228,https://www.gutenberg.org/ebooks/47228.txt.utf-8,content/_staging/raw/english/indian_myth_legend_mackenzie_en.txt,Project Gutenberg public domain terms; public domain in the USA,downloaded_staged,Full Project Gutenberg TXT staged at content/_staging/raw/english/indian_myth_legend_mackenzie_en.txt on 2026-07-04; review before ingestion.
buddhism_brahmanism_hinduism_monier_williams_en,"Buddhism, in Its Connexion with Brahmanism and Hinduism",English,Project Gutenberg,https://www.gutenberg.org/ebooks/47214,https://www.gutenberg.org/ebooks/47214.txt.utf-8,content/_staging/raw/english/buddhism_brahmanism_hinduism_monier_williams_en.txt,Project Gutenberg public domain terms; public domain in the USA,downloaded_staged,Full Project Gutenberg TXT staged at content/_staging/raw/english/buddhism_brahmanism_hinduism_monier_williams_en.txt on 2026-07-04; review before ingestion.
siksha_patri_swami_narayana_monier_williams_en,The Siksha-Patri of the Svami-Narayana Sect,English,Project Gutenberg,https://www.gutenberg.org/ebooks/7261,https://www.gutenberg.org/ebooks/7261.txt.utf-8,content/_staging/raw/english/siksha_patri_swami_narayana_monier_williams_en.txt,Project Gutenberg public domain terms; public domain in the USA,downloaded_staged,Full Project Gutenberg TXT staged at content/_staging/raw/english/siksha_patri_swami_narayana_monier_williams_en.txt on 2026-07-04; review before ingestion.
katha_sarit_sagara_tawney_en,"The Katha Sarit Sagara; or, Ocean of the Streams of Story",English,Project Gutenberg,https://www.gutenberg.org/ebooks/40588,https://www.gutenberg.org/ebooks/40588.txt.utf-8,content/_staging/raw/english/katha_sarit_sagara_tawney_en.txt,Project Gutenberg public domain terms; public domain in the USA,downloaded_staged,Full Project Gutenberg TXT staged at content/_staging/raw/english/katha_sarit_sagara_tawney_en.txt on 2026-07-04; review before ingestion.
popular_religion_folklore_north_india_crooke_vol1_en,"The Popular Religion and Folk-Lore of Northern India, Vol. 1",English,Project Gutenberg,https://www.gutenberg.org/ebooks/43681,https://www.gutenberg.org/cache/epub/43681/pg43681.txt,content/_staging/raw/english/popular_religion_folklore_north_india_crooke_vol1_en.txt,Project Gutenberg public domain terms; public domain in the USA,downloaded_staged,Full Project Gutenberg TXT staged at content/_staging/raw/english/popular_religion_folklore_north_india_crooke_vol1_en.txt on 2026-07-04; review before ingestion.
popular_religion_folklore_north_india_crooke_vol2_en,"The Popular Religion and Folk-Lore of Northern India, Vol. 2",English,Project Gutenberg,https://www.gutenberg.org/ebooks/43682,https://www.gutenberg.org/ebooks/43682.txt.utf-8,content/_staging/raw/english/popular_religion_folklore_north_india_crooke_vol2_en.txt,Project Gutenberg public domain terms; public domain in the USA,downloaded_staged,Full Project Gutenberg TXT staged at content/_staging/raw/english/popular_religion_folklore_north_india_crooke_vol2_en.txt on 2026-07-04; review before ingestion.
tales_sun_folklore_southern_india_kingscote_sastri_en,"Tales of the Sun; or, Folklore of Southern India",English,Project Gutenberg,https://www.gutenberg.org/ebooks/37002,https://www.gutenberg.org/cache/epub/37002/pg37002.txt,content/_staging/raw/english/tales_sun_folklore_southern_india_kingscote_sastri_en.txt,Project Gutenberg public domain terms; public domain in the USA,downloaded_staged,Full Project Gutenberg TXT staged at content/_staging/raw/english/tales_sun_folklore_southern_india_kingscote_sastri_en.txt on 2026-07-04; review before ingestion.
baital_pachchisi_forbes_platts_en,"The Baital Pachchisi; Or, The Twenty-Five Tales of a Sprite",English,Project Gutenberg,https://www.gutenberg.org/ebooks/54697,https://www.gutenberg.org/ebooks/54697.txt.utf-8,content/_staging/raw/english/baital_pachchisi_forbes_platts_en.txt,Project Gutenberg public domain terms; public domain in the USA,downloaded_staged,Full Project Gutenberg TXT staged at content/_staging/raw/english/baital_pachchisi_forbes_platts_en.txt on 2026-07-04; review before ingestion.
vikram_vampire_burton_en,Vikram and the Vampire,English,Project Gutenberg,https://www.gutenberg.org/ebooks/2400,https://www.gutenberg.org/files/2400/2400-0.txt,content/_staging/raw/english/vikram_vampire_burton_en.txt,Project Gutenberg public domain terms; public domain in the USA,downloaded_staged,Full Project Gutenberg TXT staged at content/_staging/raw/english/vikram_vampire_burton_en.txt on 2026-07-04; review before ingestion.
indian_fairy_tales_jacobs_en,Indian Fairy Tales,English,Project Gutenberg,https://www.gutenberg.org/ebooks/7128,https://www.gutenberg.org/ebooks/7128.txt.utf-8,content/_staging/raw/english/indian_fairy_tales_jacobs_en.txt,Project Gutenberg public domain terms; public domain in the USA,downloaded_staged,Full Project Gutenberg TXT staged at content/_staging/raw/english/indian_fairy_tales_jacobs_en.txt on 2026-07-04; review before ingestion.
tales_punjab_folklore_steel_en,Tales of the Punjab: Folklore of India,English,Project Gutenberg,https://www.gutenberg.org/ebooks/6145,https://www.gutenberg.org/cache/epub/6145/pg6145.txt,content/_staging/raw/english/tales_punjab_folklore_steel_en.txt,Project Gutenberg public domain terms; public domain in the USA,downloaded_staged,Full Project Gutenberg TXT staged at content/_staging/raw/english/tales_punjab_folklore_steel_en.txt on 2026-07-04; review before ingestion.
two_old_faiths_mitchell_muir_en,Two Old Faiths,English,Project Gutenberg,https://www.gutenberg.org/ebooks/16996,https://www.gutenberg.org/cache/epub/16996/pg16996.txt,content/_staging/raw/english/two_old_faiths_mitchell_muir_en.txt,Project Gutenberg public domain terms; public domain in the USA,downloaded_staged,Full Project Gutenberg TXT staged at content/_staging/raw/english/two_old_faiths_mitchell_muir_en.txt on 2026-07-04; review before ingestion.
bhagavata_purana_mn_dutt_ia_en,Shrimad Bhagwatam,English,Internet Archive,https://archive.org/details/in.ernet.dli.2015.272582,https://archive.org/metadata/in.ernet.dli.2015.272582,content/_staging/raw/english/bhagavata_purana_mn_dutt_ia_en.txt,Pre-1929 publication likely public domain in USA; IA scan terms and OCR quality need review,downloaded_staged,Internet Archive OCR TXT and metadata JSON staged on 2026-07-04; review before ingestion.
devi_bhagavatam_vijnanananda_en,Srimad Devi Bhagavatam,English,Internet Archive,https://archive.org/details/srimaddevibhagav26vijnuoft,https://archive.org/metadata/srimaddevibhagav26vijnuoft,content/_staging/raw/english/devi_bhagavatam_vijnanananda_en.txt,Pre-1929 publication likely public domain in USA; IA scan terms and OCR quality need review,downloaded_staged,Internet Archive OCR TXT and metadata JSON staged on 2026-07-04; review before ingestion.
manu_samhita_dutt_1909_en,Manu Samhita: English Translation,English,Internet Archive,https://archive.org/details/cu31924023014941,https://archive.org/metadata/cu31924023014941,content/_staging/raw/english/manu_samhita_dutt_1909_en.txt,Pre-1929 publication likely public domain in USA; IA scan terms and OCR quality need review,downloaded_staged,Internet Archive OCR TXT and metadata JSON staged on 2026-07-04; review before ingestion.
harita_samhita_dutt_1906_en,Harita Samhita,English,Internet Archive,https://archive.org/details/samhitaoriginalt00duttuoft,https://archive.org/metadata/samhitaoriginalt00duttuoft,content/_staging/raw/english/harita_samhita_dutt_1906_en.txt,Pre-1929 publication likely public domain in USA; IA scan terms and OCR quality need review,downloaded_staged,Internet Archive OCR TXT and metadata JSON staged on 2026-07-04; review before ingestion.
garuda_purana_dutt_1908_en,The Garuda Puranam,English,Internet Archive,https://archive.org/details/garudapuranam00duttgoog,https://archive.org/metadata/garudapuranam00duttgoog,content/_staging/raw/english/garuda_purana_dutt_1908_en.txt,Pre-1929 publication likely public domain in USA; IA scan terms and OCR quality need review,downloaded_staged,Internet Archive OCR TXT and metadata JSON staged on 2026-07-04; review before ingestion.
agni_purana_dutt_vol1_en,Agni Puranam Vol. 1,English,Internet Archive,https://archive.org/details/in.ernet.dli.2015.279469,https://archive.org/metadata/in.ernet.dli.2015.279469,content/_staging/raw/english/agni_purana_dutt_vol1_en.txt,Pre-1929 publication likely public domain in USA; IA scan terms and OCR quality need review,downloaded_staged,Internet Archive OCR TXT and metadata JSON staged on 2026-07-04; review before ingestion.
agni_purana_dutt_vol2_en,Agni Puranam Vol. 2,English,Internet Archive,https://archive.org/details/in.ernet.dli.2015.33600,https://archive.org/metadata/in.ernet.dli.2015.33600,content/_staging/raw/english/agni_purana_dutt_vol2_en.txt,Pre-1929 publication likely public domain in USA; IA scan terms and OCR quality need review,downloaded_staged,Internet Archive OCR TXT and metadata JSON staged on 2026-07-04; review before ingestion.
markandeya_purana_dutt_1896_en,Markandeya Puranam,English,Internet Archive,https://archive.org/details/in.ernet.dli.2015.163375,https://archive.org/metadata/in.ernet.dli.2015.163375,content/_staging/raw/english/markandeya_purana_dutt_1896_en.txt,Pre-1929 publication likely public domain in USA; IA scan terms and OCR quality need review,downloaded_staged,Internet Archive OCR TXT and metadata JSON staged on 2026-07-04; review before ingestion.
brahmanism_hinduism_monier_williams_1891_en,Brahmanism and Hinduism,English,Internet Archive,https://archive.org/details/brahmanismhindui00moni,https://archive.org/metadata/brahmanismhindui00moni,content/_staging/raw/english/brahmanism_hinduism_monier_williams_1891_en.txt,Pre-1929 publication likely public domain in USA; IA scan terms and OCR quality need review,downloaded_staged,Internet Archive OCR TXT and metadata JSON staged on 2026-07-04; review before ingestion.
dharmasastra_mn_dutt_6_vols_smritis_en,"Dharmasastra with English Translation, M. N. Dutt, 6 Vols",English,Internet Archive,https://archive.org/details/dharmasastra-with-english-translation-mn-dutt-6-vols-20-smritis,https://archive.org/metadata/dharmasastra-with-english-translation-mn-dutt-6-vols-20-smritis,content/_staging/raw/english/dharmasastra_mn_dutt_6_vols_smritis_en.txt,Pre-1929 publication likely public domain in USA; IA scan terms and OCR quality need review,downloaded_staged,Internet Archive OCR TXT and metadata JSON staged on 2026-07-04; review before ingestion.
rig_veda_griffith_vol1_ia_en,"The Hymns of the Rigveda, Vol. 1",English,Internet Archive,https://archive.org/details/in.gov.ignca.16311,https://archive.org/metadata/in.gov.ignca.16311,content/_staging/raw/english/rig_veda_griffith_vol1_ia_en.txt,Pre-1929 publication likely public domain in USA; IA scan terms and OCR quality need review,downloaded_staged,Internet Archive OCR TXT and metadata JSON staged on 2026-07-04; review before ingestion.
rig_veda_griffith_vol2_ia_en,"The Hymns of the Rigveda, Vol. 2",English,Internet Archive,https://archive.org/details/in.ernet.dli.2015.47262,https://archive.org/metadata/in.ernet.dli.2015.47262,content/_staging/raw/english/rig_veda_griffith_vol2_ia_en.txt,Pre-1929 publication likely public domain in USA; IA scan terms and OCR quality need review,downloaded_staged,Internet Archive OCR TXT and metadata JSON staged on 2026-07-04; review before ingestion.
rig_veda_griffith_vol3_ia_en,"The Hymns of the Rigveda, Vol. 3",English,Internet Archive,https://archive.org/details/dli.csl.3712,https://archive.org/metadata/dli.csl.3712,content/_staging/raw/english/rig_veda_griffith_vol3_ia_en.txt,Pre-1929 publication likely public domain in USA; IA scan terms and OCR quality need review,downloaded_staged,Internet Archive OCR TXT and metadata JSON staged on 2026-07-04; review before ingestion.
rig_veda_griffith_vol4_ia_en,"The Hymns of the Rigveda, Vol. 4",English,Internet Archive,https://archive.org/details/dli.csl.6827,https://archive.org/metadata/dli.csl.6827,content/_staging/raw/english/rig_veda_griffith_vol4_ia_en.txt,Pre-1929 publication likely public domain in USA; IA scan terms and OCR quality need review,downloaded_staged,Internet Archive OCR TXT and metadata JSON staged on 2026-07-04; review before ingestion.
sama_veda_griffith_1893_ia_en,The Hymns of the Sama Veda,English,Internet Archive,https://archive.org/details/in.ernet.dli.2015.47949,https://archive.org/metadata/in.ernet.dli.2015.47949,content/_staging/raw/english/sama_veda_griffith_1893_ia_en.txt,Pre-1929 publication likely public domain in USA; IA scan terms and OCR quality need review,downloaded_staged,Internet Archive OCR TXT and metadata JSON staged on 2026-07-04; review before ingestion.
atharva_veda_griffith_vol1_ia_en,"The Hymns of the Atharva-Veda, Vol. 1",English,Internet Archive,https://archive.org/details/in.ernet.dli.2015.102416,https://archive.org/metadata/in.ernet.dli.2015.102416,content/_staging/raw/english/atharva_veda_griffith_vol1_ia_en.txt,Pre-1929 publication likely public domain in USA; IA scan terms and OCR quality need review,downloaded_staged,Internet Archive OCR TXT and metadata JSON staged on 2026-07-04; review before ingestion.
atharva_veda_griffith_vol2_ia_en,"The Hymns of the Atharva-Veda, Vol. 2",English,Internet Archive,https://archive.org/details/in.ernet.dli.2015.188973,https://archive.org/metadata/in.ernet.dli.2015.188973,content/_staging/raw/english/atharva_veda_griffith_vol2_ia_en.txt,Pre-1929 publication likely public domain in USA; IA scan terms and OCR quality need review,downloaded_staged,Internet Archive OCR TXT and metadata JSON staged on 2026-07-04; review before ingestion.
white_yajurveda_griffith_1899_ia_en,The White Yajurveda,English,Internet Archive,https://archive.org/details/in.ernet.dli.2015.196045,https://archive.org/metadata/in.ernet.dli.2015.196045,content/_staging/raw/english/white_yajurveda_griffith_1899_ia_en.txt,Pre-1929 publication likely public domain in USA; IA scan terms and OCR quality need review,downloaded_staged,Internet Archive OCR TXT and metadata JSON staged on 2026-07-04; review before ingestion.
sbe01_upanishads_part1_muller_en,The Upanishads Part 1,English,Sacred Texts,https://www.sacred-texts.com/hin/sbe01/index.htm,https://www.sacred-texts.com/hin/sbe01/index.htm,content/_staging/raw/english/sacred_texts/sbe01_upanishads_part1_muller_en.jsonl,Public-domain Sacred Books of the East edition; site terms apply,scraped_staged,Page-level JSONL staged at content/_staging/raw/english/sacred_texts/sbe01_upanishads_part1_muller_en.jsonl on 2026-07-04; review before ingestion.
sbe26_satapatha_brahmana_part2_en,Satapatha Brahmana Part 2,English,Sacred Texts,https://www.sacred-texts.com/hin/sbr/sbe26/index.htm,https://www.sacred-texts.com/hin/sbr/sbe26/index.htm,content/_staging/raw/english/sacred_texts/sbe26_satapatha_brahmana_part2_en.jsonl,Public-domain Sacred Books of the East edition; site terms apply,scraped_staged,Page-level JSONL staged at content/_staging/raw/english/sacred_texts/sbe26_satapatha_brahmana_part2_en.jsonl on 2026-07-04; review before ingestion.
sbe34_vedanta_sutras_sankara_part1_en,Vedanta Sutras with Sankara Commentary Part 1,English,Sacred Texts,https://www.sacred-texts.com/hin/sbe34/index.htm,https://www.sacred-texts.com/hin/sbe34/index.htm,content/_staging/raw/english/sacred_texts/sbe34_vedanta_sutras_sankara_part1_en.jsonl,Public-domain Sacred Books of the East edition; site terms apply,scraped_staged,Page-level JSONL staged at content/_staging/raw/english/sacred_texts/sbe34_vedanta_sutras_sankara_part1_en.jsonl on 2026-07-04; review before ingestion.
sbe41_satapatha_brahmana_part3_en,Satapatha Brahmana Part 3,English,Sacred Texts,https://www.sacred-texts.com/hin/sbr/sbe41/index.htm,https://www.sacred-texts.com/hin/sbr/sbe41/index.htm,content/_staging/raw/english/sacred_texts/sbe41_satapatha_brahmana_part3_en.jsonl,Public-domain Sacred Books of the East edition; site terms apply,scraped_staged,Page-level JSONL staged at content/_staging/raw/english/sacred_texts/sbe41_satapatha_brahmana_part3_en.jsonl on 2026-07-04; review before ingestion.
sbe43_satapatha_brahmana_part4_en,Satapatha Brahmana Part 4,English,Sacred Texts,https://www.sacred-texts.com/hin/sbr/sbe43/index.htm,https://www.sacred-texts.com/hin/sbr/sbe43/index.htm,content/_staging/raw/english/sacred_texts/sbe43_satapatha_brahmana_part4_en.jsonl,Public-domain Sacred Books of the East edition; site terms apply,scraped_staged,Page-level JSONL staged at content/_staging/raw/english/sacred_texts/sbe43_satapatha_brahmana_part4_en.jsonl on 2026-07-04; review before ingestion.
sbe44_satapatha_brahmana_part5_en,Satapatha Brahmana Part 5,English,Sacred Texts,https://www.sacred-texts.com/hin/sbr/sbe44/index.htm,https://www.sacred-texts.com/hin/sbr/sbe44/index.htm,content/_staging/raw/english/sacred_texts/sbe44_satapatha_brahmana_part5_en.jsonl,Public-domain Sacred Books of the East edition; site terms apply,scraped_staged,Page-level JSONL staged at content/_staging/raw/english/sacred_texts/sbe44_satapatha_brahmana_part5_en.jsonl on 2026-07-04; review before ingestion.
sbe48_vedanta_sutras_ramanuja_en,Vedanta Sutras with Ramanuja Commentary,English,Sacred Texts,https://www.sacred-texts.com/hin/sbe48/index.htm,https://www.sacred-texts.com/hin/sbe48/index.htm,content/_staging/raw/english/sacred_texts/sbe48_vedanta_sutras_ramanuja_en.jsonl,Public-domain Sacred Books of the East edition; site terms apply,scraped_staged,Page-level JSONL staged at content/_staging/raw/english/sacred_texts/sbe48_vedanta_sutras_ramanuja_en.jsonl on 2026-07-04; review before ingestion.
sankhya_aphorisms_kapila_ballantyne_en,The Sankhya Aphorisms of Kapila,English,Sacred Texts,https://www.sacred-texts.com/hin/sak/index.htm,https://www.sacred-texts.com/hin/sak/index.htm,content/_staging/raw/english/sacred_texts/sankhya_aphorisms_kapila_ballantyne_en.jsonl,Public-domain source edition likely; site terms apply,scraped_staged,Page-level JSONL staged at content/_staging/raw/english/sacred_texts/sankhya_aphorisms_kapila_ballantyne_en.jsonl on 2026-07-05; review before ingestion.
vishnu_purana_wilson_sacred_texts_en,The Vishnu Purana,English,Sacred Texts,https://www.sacred-texts.com/hin/vp/index.htm,https://www.sacred-texts.com/hin/vp/index.htm,content/_staging/raw/english/sacred_texts/vishnu_purana_wilson_sacred_texts_en.jsonl,Public-domain source edition likely; site terms apply,scraped_staged,Page-level JSONL staged at content/_staging/raw/english/sacred_texts/vishnu_purana_wilson_sacred_texts_en.jsonl on 2026-07-05; review before ingestion.
mahanirvana_tantra_avalon_en,Mahanirvana Tantra,English,Sacred Texts,https://www.sacred-texts.com/tantra/maha/index.htm,https://www.sacred-texts.com/tantra/maha/index.htm,content/_staging/raw/english/sacred_texts/mahanirvana_tantra_avalon_en.jsonl,Public-domain source edition likely; site terms apply,scraped_staged,Page-level JSONL staged at content/_staging/raw/english/sacred_texts/mahanirvana_tantra_avalon_en.jsonl on 2026-07-05; review before ingestion.
nyaya_sutras_gotama_vidyabhusana_1913_en,The Nyaya Sutras of Gotama,English,Internet Archive,https://archive.org/details/TheNyayaSutrasOfGotama,https://archive.org/metadata/TheNyayaSutrasOfGotama,content/_staging/raw/english/nyaya_sutras_gotama_vidyabhusana_1913_en.txt,Pre-1929 publication likely public domain in USA; IA scan terms and OCR quality need review,downloaded_staged,Internet Archive OCR TXT and metadata JSON staged on 2026-07-05; review before ingestion.
vaisesika_sutras_kanada_sinha_1923_en,The Vaisesika Sutras of Kanada,English,Internet Archive,https://archive.org/details/thevaiasesikasut00kanauoft,https://archive.org/metadata/thevaiasesikasut00kanauoft,content/_staging/raw/english/vaisesika_sutras_kanada_sinha_1923_en.txt,Pre-1929 publication likely public domain in USA; IA scan terms and OCR quality need review,downloaded_staged,Internet Archive OCR TXT and metadata JSON staged on 2026-07-05; review before ingestion.
purva_mimamsa_sutras_jaimini_jha_1916_en,The Purva Mimamsa Sutras of Jaimini,English,Internet Archive,https://archive.org/details/in.ernet.dli.2015.274358,https://archive.org/metadata/in.ernet.dli.2015.274358,content/_staging/raw/english/purva_mimamsa_sutras_jaimini_jha_1916_en.txt,Pre-1929 publication likely public domain in USA; IA scan terms and OCR quality need review,downloaded_staged,Internet Archive OCR TXT and metadata JSON staged on 2026-07-05; review before ingestion.
yoga_system_patanjali_woods_1914_en,The Yoga-System of Patanjali,English,Internet Archive,https://archive.org/details/yogasystemofpata00wooduoft,https://archive.org/metadata/yogasystemofpata00wooduoft,content/_staging/raw/english/yoga_system_patanjali_woods_1914_en.txt,Pre-1929 publication likely public domain in USA; IA scan terms and OCR quality need review,downloaded_staged,Internet Archive OCR TXT and metadata JSON staged on 2026-07-05; review before ingestion.
hymns_to_the_goddess_avalon_en,Hymns to the Goddess,English,Sacred Texts,https://www.sacred-texts.com/tantra/htg/index.htm,https://www.sacred-texts.com/tantra/htg/index.htm,content/_staging/raw/english/sacred_texts/hymns_to_the_goddess_avalon_en.jsonl,Public-domain source edition likely; site terms apply,scraped_staged,Page-level JSONL staged at content/_staging/raw/english/sacred_texts/hymns_to_the_goddess_avalon_en.jsonl on 2026-07-05; review before ingestion.
hymn_to_kali_avalon_en,Hymn to Kali,English,Sacred Texts,https://www.sacred-texts.com/tantra/htk/index.htm,https://www.sacred-texts.com/tantra/htk/index.htm,content/_staging/raw/english/sacred_texts/hymn_to_kali_avalon_en.jsonl,Public-domain source edition likely; site terms apply,scraped_staged,Page-level JSONL staged at content/_staging/raw/english/sacred_texts/hymn_to_kali_avalon_en.jsonl on 2026-07-05; review before ingestion.
shakti_and_shakta_avalon_1918_en,Shakti and Shakta,English,Sacred Texts,https://www.sacred-texts.com/tantra/sas/index.htm,https://www.sacred-texts.com/tantra/sas/index.htm,content/_staging/raw/english/sacred_texts/shakti_and_shakta_avalon_1918_en.jsonl,Public-domain source edition likely; site terms apply,scraped_staged,Page-level JSONL staged at content/_staging/raw/english/sacred_texts/shakti_and_shakta_avalon_1918_en.jsonl on 2026-07-05; review before ingestion.
thirteen_principal_upanishads_hume_1921_en,The Thirteen Principal Upanishads,English,Internet Archive,https://archive.org/details/thirteenprincipa00hume,https://archive.org/metadata/thirteenprincipa00hume,content/_staging/raw/english/thirteen_principal_upanishads_hume_1921_en.txt,Pre-1929 publication likely public domain in USA; IA scan terms and OCR quality need review,downloaded_staged,Internet Archive OCR TXT and metadata JSON staged on 2026-07-05; review before ingestion.
thirty_minor_upanishads_aiyar_1914_en,Thirty Minor Upanishads,English,Internet Archive,https://archive.org/details/thirtyminorupani00xxxxuoft,https://archive.org/metadata/thirtyminorupani00xxxxuoft,content/_staging/raw/english/thirty_minor_upanishads_aiyar_1914_en.txt,Pre-1929 publication likely public domain in USA; IA scan terms and OCR quality need review,downloaded_staged,Internet Archive OCR TXT and metadata JSON staged on 2026-07-05; review before ingestion.
samkhya_philosophy_sinha_1915_en,The Samkhya Philosophy,English,Internet Archive,https://archive.org/details/thesamkhyaphilos00sinhuoft,https://archive.org/metadata/thesamkhyaphilos00sinhuoft,content/_staging/raw/english/samkhya_philosophy_sinha_1915_en.txt,Pre-1929 publication likely public domain in USA; IA scan terms and OCR quality need review,downloaded_staged,Internet Archive OCR TXT and metadata JSON staged on 2026-07-05; review before ingestion.
tattva_kaumudi_jha_1896_en,"An English Translation, with the Sanskrit Text of the Tattva-Kaumudi",English,Internet Archive,https://archive.org/details/anenglishtransla00vaacuoft,https://archive.org/metadata/anenglishtransla00vaacuoft,content/_staging/raw/english/tattva_kaumudi_jha_1896_en.txt,Pre-1929 publication likely public domain in USA; IA scan terms and OCR quality need review,downloaded_staged,Internet Archive OCR TXT and metadata JSON staged on 2026-07-05; review before ingestion.
taittiriya_upanishad_mahadeva_sastri_1903_en,The Taittiriya Upanishad,English,Internet Archive,https://archive.org/details/in.ernet.dli.2015.217334,https://archive.org/metadata/in.ernet.dli.2015.217334,content/_staging/raw/english/taittiriya_upanishad_mahadeva_sastri_1903_en.txt,Pre-1929 publication likely public domain in USA; IA scan terms and OCR quality need review,downloaded_staged,Internet Archive OCR TXT and metadata JSON staged on 2026-07-05; review before ingestion.
amritabindu_kaivalya_upanishads_mahadeva_sastri_1898_en,Amritabindu and Kaivalya Upanishads,English,Internet Archive,https://archive.org/details/amritabindukaiva00mahauoft,https://archive.org/metadata/amritabindukaiva00mahauoft,content/_staging/raw/english/amritabindu_kaivalya_upanishads_mahadeva_sastri_1898_en.txt,Pre-1929 publication likely public domain in USA; IA scan terms and OCR quality need review,downloaded_staged,Internet Archive OCR TXT and metadata JSON staged on 2026-07-05; review before ingestion.
panchadasi_vidyaranya_1912_en,Panchadasi of Vidyaranya,English,Internet Archive,https://archive.org/details/PanchadasiOfVidyaranya,https://archive.org/metadata/PanchadasiOfVidyaranya,content/_staging/raw/english/panchadasi_vidyaranya_1912_en.txt,Pre-1929 publication likely public domain in USA; IA scan terms and OCR quality need review,downloaded_staged,Internet Archive OCR TXT and metadata JSON staged on 2026-07-05; review before ingestion.
bhagavad_gita_sankara_bhashya_mahadeva_sastri_1901_en,The Bhagavad-Gita with the Commentary of Sri Sankaracharya,English,Internet Archive,https://archive.org/details/bhagavadgitawith00maharich,https://archive.org/metadata/bhagavadgitawith00maharich,content/_staging/raw/english/bhagavad_gita_sankara_bhashya_mahadeva_sastri_1901_en.txt,Pre-1929 publication likely public domain in USA; IA scan terms and OCR quality need review,downloaded_staged,Internet Archive OCR TXT and metadata JSON staged on 2026-07-05; review before ingestion.
narada_bhakti_sutras_sinha_1917_en,The Bhakti Sutras of Narada,English,Internet Archive,https://archive.org/details/in.ernet.dli.2015.114952,https://archive.org/metadata/in.ernet.dli.2015.114952,content/_staging/raw/english/narada_bhakti_sutras_sinha_1917_en.txt,Pre-1929 publication likely public domain in USA; IA scan terms and OCR quality need review,downloaded_staged,Internet Archive OCR TXT and metadata JSON staged on 2026-07-05; review before ingestion.
sri_bhashya_ramanuja_rangacharya_1899_en,The Vedanta-Sutras with the Sri-Bhashya of Ramanujacharya,English,Internet Archive,https://archive.org/details/vedantasutraswit00badaiala,https://archive.org/metadata/vedantasutraswit00badaiala,content/_staging/raw/english/sri_bhashya_ramanuja_rangacharya_1899_en.txt,Pre-1929 publication likely public domain in USA; IA scan terms and OCR quality need review,downloaded_staged,Internet Archive OCR TXT and metadata JSON staged on 2026-07-05; review before ingestion.
tiruvacagam_pope_1900_en,The Tiruvacagam,English,Internet Archive,https://archive.org/details/tiruvacagamorsac00maniuoft,https://archive.org/metadata/tiruvacagamorsac00maniuoft,content/_staging/raw/english/tiruvacagam_pope_1900_en.txt,Pre-1929 publication likely public domain in USA; IA scan terms and OCR quality need review,downloaded_staged,Internet Archive OCR TXT and metadata JSON staged on 2026-07-05; review before ingestion.
hymns_tamil_saivite_saints_kingsbury_phillips_1921_en,Hymns of the Tamil Saivite Saints,English,Internet Archive,https://archive.org/details/hymnsoftamilsaiv00kinguoft,https://archive.org/metadata/hymnsoftamilsaiv00kinguoft,content/_staging/raw/english/hymns_tamil_saivite_saints_kingsbury_phillips_1921_en.txt,Pre-1929 publication likely public domain in USA; IA scan terms and OCR quality need review,downloaded_staged,Internet Archive OCR TXT and metadata JSON staged on 2026-07-05; review before ingestion.
studies_saiva_siddhanta_nallasvami_1911_en,Studies in Saiva Siddhanta,English,Internet Archive,https://archive.org/details/in.ernet.dli.2015.69899,https://archive.org/metadata/in.ernet.dli.2015.69899,content/_staging/raw/english/studies_saiva_siddhanta_nallasvami_1911_en.txt,Pre-1929 publication likely public domain in USA; IA scan terms and OCR quality need review,downloaded_staged,Internet Archive OCR TXT and metadata JSON staged on 2026-07-05; review before ingestion.
vedantasara_sadananda_ballantyne_1898_en,The Vedanta-Sara,English,Internet Archive,https://archive.org/details/vedantasara00sadauoft,https://archive.org/metadata/vedantasara00sadauoft,content/_staging/raw/english/vedantasara_sadananda_ballantyne_1898_en.txt,Pre-1929 publication likely public domain in USA; IA scan terms and OCR quality need review,downloaded_staged,Internet Archive OCR TXT and metadata JSON staged on 2026-07-05; review before ingestion.
hatha_yoga_pradipika_pancham_sinh_1915_en,The Hatha Yoga Pradipika,English,Internet Archive,https://archive.org/details/dli.csl.7087,https://archive.org/metadata/dli.csl.7087,content/_staging/raw/english/hatha_yoga_pradipika_pancham_sinh_1915_en.txt,Pre-1929 publication likely public domain in USA; IA scan terms and OCR quality need review,downloaded_staged,Internet Archive OCR TXT and metadata JSON staged on 2026-07-05; review before ingestion.
siva_samhita_vasu_1914_en,Siva Samhita,English,Internet Archive,https://archive.org/details/sacredbooksofthehindusvol15sivasamhitawithsanskrittextscvasu1914_202002,https://archive.org/metadata/sacredbooksofthehindusvol15sivasamhitawithsanskrittextscvasu1914_202002,content/_staging/raw/english/siva_samhita_vasu_1914_en.txt,Pre-1929 publication likely public domain in USA; IA scan terms and OCR quality need review,downloaded_staged,Internet Archive OCR TXT and metadata JSON staged on 2026-07-05; review before ingestion.
gheranda_sanhita_vasu_1895_en,The Gheranda Sanhita,English,Internet Archive,https://archive.org/details/b28140102,https://archive.org/metadata/b28140102,content/_staging/raw/english/gheranda_sanhita_vasu_1895_en.txt,Pre-1929 publication likely public domain in USA; IA scan terms and OCR quality need review,downloaded_staged,Internet Archive OCR TXT and metadata JSON staged on 2026-07-05; review before ingestion.
satakas_bhartrihari_wortham_1886_en,The Satakas of Bhartrihari,English,Internet Archive,https://archive.org/details/satakasofbhartri00bharuoft,https://archive.org/metadata/satakasofbhartri00bharuoft,content/_staging/raw/english/satakas_bhartrihari_wortham_1886_en.txt,Pre-1929 publication likely public domain in USA; IA scan terms and OCR quality need review,downloaded_staged,Internet Archive OCR TXT and metadata JSON staged on 2026-07-05; review before ingestion.
gita_govinda_arnold_1875_en,The Indian Song of Songs,English,Internet Archive,https://archive.org/details/indiansongofsong00jayarich,https://archive.org/metadata/indiansongofsong00jayarich,content/_staging/raw/english/gita_govinda_arnold_1875_en.txt,Pre-1929 publication likely public domain in USA; IA scan terms and OCR quality need review,downloaded_staged,Internet Archive OCR TXT and metadata JSON staged on 2026-07-05; review before ingestion.
bhakti_sutras_narada_sandilya_sinha_1917_1918_en,Bhakti Sutras of Narada and Sandilya Sutram,English,Internet Archive,https://archive.org/details/in.ernet.dli.2015.142440,https://archive.org/metadata/in.ernet.dli.2015.142440,content/_staging/raw/english/bhakti_sutras_narada_sandilya_sinha_1917_1918_en.txt,Pre-1929 publication likely public domain in USA; IA scan terms and OCR quality need review,downloaded_staged,Internet Archive OCR TXT and metadata JSON staged on 2026-07-05; review before ingestion.
bhagavad_gita_chatterji_1887_en,The Bhagavad Gita,English,Internet Archive,https://archive.org/details/in.ernet.dli.2015.180559,https://archive.org/metadata/in.ernet.dli.2015.180559,content/_staging/raw/english/bhagavad_gita_chatterji_1887_en.txt,Pre-1929 publication likely public domain in USA; IA scan terms and OCR quality need review,downloaded_staged,Internet Archive OCR TXT and metadata JSON staged on 2026-07-05; review before ingestion.
ramakrishna_life_sayings_muller_1898_en,Ramakrishna: His Life and Sayings,English,Internet Archive,https://archive.org/details/ramakrishnahisli025100mbp,https://archive.org/metadata/ramakrishnahisli025100mbp,content/_staging/raw/english/ramakrishna_life_sayings_muller_1898_en.txt,Pre-1929 publication likely public domain in USA; IA scan terms and OCR quality need review,downloaded_staged,Internet Archive OCR TXT and metadata JSON staged on 2026-07-05; review before ingestion.
gospel_ramakrishna_abhedananda_1907_en,The Gospel of Ramakrishna,English,Internet Archive,https://archive.org/details/gospelofrmakri00ramarich,https://archive.org/metadata/gospelofrmakri00ramarich,content/_staging/raw/english/gospel_ramakrishna_abhedananda_1907_en.txt,Pre-1929 publication likely public domain in USA; IA scan terms and OCR quality need review,downloaded_staged,Internet Archive OCR TXT and metadata JSON staged on 2026-07-05; review before ingestion.
raja_yoga_vivekananda_1923_en,Raja Yoga,English,Internet Archive,https://archive.org/details/in.ernet.dli.2015.42344,https://archive.org/metadata/in.ernet.dli.2015.42344,content/_staging/raw/english/raja_yoga_vivekananda_1923_en.txt,Pre-1929 publication likely public domain in USA; IA scan terms and OCR quality need review,downloaded_staged,Internet Archive OCR TXT and metadata JSON staged on 2026-07-05; review before ingestion.
bhakti_yoga_vivekananda_1896_en,Bhakti-Yoga,English,Internet Archive,https://archive.org/details/in.ernet.dli.2015.195578,https://archive.org/metadata/in.ernet.dli.2015.195578,content/_staging/raw/english/bhakti_yoga_vivekananda_1896_en.txt,Pre-1929 publication likely public domain in USA; IA scan terms and OCR quality need review,downloaded_staged,Internet Archive OCR TXT and metadata JSON staged on 2026-07-05; review before ingestion.
karma_yoga_vivekananda_1907_en,Karma Yoga,English,Internet Archive,https://archive.org/details/in.ernet.dli.2015.195766,https://archive.org/metadata/in.ernet.dli.2015.195766,content/_staging/raw/english/karma_yoga_vivekananda_1907_en.txt,Pre-1929 publication likely public domain in USA; IA scan terms and OCR quality need review,downloaded_staged,Internet Archive OCR TXT and metadata JSON staged on 2026-07-05; review before ingestion.
jnana_yoga_vivekananda_1902_en,Vedanta Philosophy: Lectures on Jnana Yoga,English,Internet Archive,https://archive.org/details/vedntaphilosop00vive,https://archive.org/metadata/vedntaphilosop00vive,content/_staging/raw/english/jnana_yoga_vivekananda_1902_en.txt,Pre-1929 publication likely public domain in USA; IA scan terms and OCR quality need review,downloaded_staged,Internet Archive OCR TXT and metadata JSON staged on 2026-07-05; review before ingestion.
vedanta_philosophy_sketch_tripathi_1901_en,A Sketch of the Vedanta Philosophy,English,Internet Archive,https://archive.org/details/in.ernet.dli.2015.218962,https://archive.org/metadata/in.ernet.dli.2015.218962,content/_staging/raw/english/vedanta_philosophy_sketch_tripathi_1901_en.txt,Pre-1929 publication likely public domain in USA; IA scan terms and OCR quality need review,downloaded_staged,Internet Archive OCR TXT and metadata JSON staged on 2026-07-05; review before ingestion.
my_master_vivekananda_1901_en,My Master,English,Internet Archive,https://archive.org/details/mymaster00vivegoog,https://archive.org/metadata/mymaster00vivegoog,content/_staging/raw/english/my_master_vivekananda_1901_en.txt,Pre-1929 publication likely public domain in USA; IA scan terms and OCR quality need review,downloaded_staged,Internet Archive OCR TXT and metadata JSON staged on 2026-07-05; review before ingestion.
lectures_colombo_almora_vivekananda_1897_en,Lectures from Colombo to Almora,English,Internet Archive,https://archive.org/details/in.ernet.dli.2015.195770,https://archive.org/metadata/in.ernet.dli.2015.195770,content/_staging/raw/english/lectures_colombo_almora_vivekananda_1897_en.txt,Pre-1929 publication likely public domain in USA; IA scan terms and OCR quality need review,downloaded_staged,Internet Archive OCR TXT and metadata JSON staged on 2026-07-05; review before ingestion.
inspired_talks_vivekananda_1910_en,Inspired Talks,English,Internet Archive,https://archive.org/details/inspiredtalks00viverich,https://archive.org/metadata/inspiredtalks00viverich,content/_staging/raw/english/inspired_talks_vivekananda_1910_en.txt,Pre-1929 publication likely public domain in USA; IA scan terms and OCR quality need review,downloaded_staged,Internet Archive OCR TXT and metadata JSON staged on 2026-07-05; review before ingestion.
chaitanya_life_teachings_sarkar_1922_en,Chaitanya's Life and Teachings,English,Internet Archive,https://archive.org/details/chaitanyaslifean00kaviuoft,https://archive.org/metadata/chaitanyaslifean00kaviuoft,content/_staging/raw/english/chaitanya_life_teachings_sarkar_1922_en.txt,Pre-1929 publication likely public domain in USA; IA scan terms and OCR quality need review,downloaded_staged,Internet Archive OCR TXT and metadata JSON staged on 2026-07-05; review before ingestion.
chaitanya_companions_sen_1917_en,Chaitanya and His Companions,English,Internet Archive,https://archive.org/details/chaitanyahiscomp00senduoft,https://archive.org/metadata/chaitanyahiscomp00senduoft,content/_staging/raw/english/chaitanya_companions_sen_1917_en.txt,Pre-1929 publication likely public domain in USA; IA scan terms and OCR quality need review,downloaded_staged,Internet Archive OCR TXT and metadata JSON staged on 2026-07-05; review before ingestion.
three_great_acharyas_1923_en,"Three Great Acharyas: Sankara, Ramanuja, Madhwa",English,Internet Archive,https://archive.org/details/rkas.2429.threegreatachary0000unse,https://archive.org/metadata/rkas.2429.threegreatachary0000unse,content/_staging/raw/english/three_great_acharyas_1923_en.txt,Pre-1929 publication likely public domain in USA; IA scan terms and OCR quality need review,downloaded_staged,Internet Archive OCR TXT and metadata JSON staged on 2026-07-05; review before ingestion.
chaitanya_vaishnava_poets_beames_1873_en,Chaitanya and the Vaishnava Poets of Bengal,English,Project Gutenberg,https://www.gutenberg.org/ebooks/6817,https://www.gutenberg.org/ebooks/6817.txt.utf-8,content/_staging/raw/english/chaitanya_vaishnava_poets_beames_1873_en.txt,Project Gutenberg public domain terms; public domain in the USA,downloaded_staged,Full Project Gutenberg TXT staged at content/_staging/raw/english/chaitanya_vaishnava_poets_beames_1873_en.txt on 2026-07-05; review before ingestion.
upanishads_madhwa_bhashya_sbh_vol1_1911_en,Sacred Books of the Hindus Vol. 1: Upanishads with Madhwa Bhashya,English,Internet Archive,https://archive.org/details/sacredbooksofthehindusvol01upanishadsisatomandukyawithmadhwabhashya_202002,https://archive.org/metadata/sacredbooksofthehindusvol01upanishadsisatomandukyawithmadhwabhashya_202002,content/_staging/raw/english/upanishads_madhwa_bhashya_sbh_vol1_1911_en.txt,Pre-1929 publication likely public domain in USA; IA scan terms and OCR quality need review,downloaded_staged,Internet Archive OCR TXT and metadata JSON staged on 2026-07-05; review before ingestion.
classical_dictionary_hindu_mythology_dowson_1888_en,A Classical Dictionary of Hindu Mythology and Religion,English,Internet Archive,https://archive.org/details/aclassicaldictio00dowsuoft,https://archive.org/metadata/aclassicaldictio00dowsuoft,content/_staging/raw/english/classical_dictionary_hindu_mythology_dowson_1888_en.txt,Pre-1929 publication likely public domain in USA; IA scan terms and OCR quality need review,downloaded_staged,Internet Archive OCR TXT and metadata JSON staged on 2026-07-05; review before ingestion.
vedic_mythology_macdonell_1897_en,Vedic Mythology,English,Internet Archive,https://archive.org/details/vedicmythology00macduoft,https://archive.org/metadata/vedicmythology00macduoft,content/_staging/raw/english/vedic_mythology_macdonell_1897_en.txt,Pre-1929 publication likely public domain in USA; IA scan terms and OCR quality need review,downloaded_staged,Internet Archive OCR TXT and metadata JSON staged on 2026-07-05; review before ingestion.
vedic_reader_macdonell_1917_en,A Vedic Reader for Students,English,Internet Archive,https://archive.org/details/vedicreaderforst00macd,https://archive.org/metadata/vedicreaderforst00macd,content/_staging/raw/english/vedic_reader_macdonell_1917_en.txt,Pre-1929 publication likely public domain in USA; IA scan terms and OCR quality need review,downloaded_staged,Internet Archive OCR TXT and metadata JSON staged on 2026-07-05; review before ingestion.
religion_philosophy_veda_upanishads_keith_part1_1925_en,"The Religion and Philosophy of the Veda and Upanishads, Part 1",English,Internet Archive,https://archive.org/details/in.ernet.dli.2015.33654,https://archive.org/metadata/in.ernet.dli.2015.33654,content/_staging/raw/english/religion_philosophy_veda_upanishads_keith_part1_1925_en.txt,Pre-1929 publication likely public domain in USA; IA scan terms and OCR quality need review,downloaded_staged,Internet Archive OCR TXT and metadata JSON staged on 2026-07-05; review before ingestion.
religion_philosophy_veda_upanishads_keith_part2_1925_en,"The Religion and Philosophy of the Veda and Upanishads, Part 2",English,Internet Archive,https://archive.org/details/in.ernet.dli.2015.228867,https://archive.org/metadata/in.ernet.dli.2015.228867,content/_staging/raw/english/religion_philosophy_veda_upanishads_keith_part2_1925_en.txt,Pre-1929 publication likely public domain in USA; IA scan terms and OCR quality need review,downloaded_staged,Internet Archive OCR TXT and metadata JSON staged on 2026-07-05; review before ingestion.
hindu_mysticism_dasgupta_1927_en,Hindu Mysticism: Six Lectures,English,Internet Archive,https://archive.org/details/hindumysticismsi00dasg_0,https://archive.org/metadata/hindumysticismsi00dasg_0,content/_staging/raw/english/hindu_mysticism_dasgupta_1927_en.txt,Pre-1929 publication likely public domain in USA; IA scan terms and OCR quality need review,downloaded_staged,Internet Archive OCR TXT and metadata JSON staged on 2026-07-05; review before ingestion.
religion_of_veda_bloomfield_1908_en,The Religion of the Veda,English,Internet Archive,https://archive.org/details/religionveda00bloouoft,https://archive.org/metadata/religionveda00bloouoft,content/_staging/raw/english/religion_of_veda_bloomfield_1908_en.txt,Pre-1929 publication likely public domain in USA; IA scan terms and OCR quality need review,downloaded_staged,Internet Archive OCR TXT and metadata JSON staged on 2026-07-05; review before ingestion.
vedic_index_macdonell_keith_vol1_1912_en,"Vedic Index of Names and Subjects, Vol. 1",English,Internet Archive,https://archive.org/details/vedicindexofname01macduoft,https://archive.org/metadata/vedicindexofname01macduoft,content/_staging/raw/english/vedic_index_macdonell_keith_vol1_1912_en.txt,Pre-1929 publication likely public domain in USA; IA scan terms and OCR quality need review,downloaded_staged,Internet Archive OCR TXT and metadata JSON staged on 2026-07-05; review before ingestion.
vedic_index_macdonell_keith_vol2_1912_en,"Vedic Index of Names and Subjects, Vol. 2",English,Internet Archive,https://archive.org/details/vedicindexofname02macduoft,https://archive.org/metadata/vedicindexofname02macduoft,content/_staging/raw/english/vedic_index_macdonell_keith_vol2_1912_en.txt,Pre-1929 publication likely public domain in USA; IA scan terms and OCR quality need review,downloaded_staged,Internet Archive OCR TXT and metadata JSON staged on 2026-07-05; review before ingestion.
hindu_feasts_fasts_ceremonies_sastri_1903_en,"Hindu Feasts, Fasts and Ceremonies",English,Internet Archive,https://archive.org/details/hindufeastsfasts00sastuoft,https://archive.org/metadata/hindufeastsfasts00sastuoft,content/_staging/raw/english/hindu_feasts_fasts_ceremonies_sastri_1903_en.txt,Pre-1929 publication likely public domain in USA; IA scan terms and OCR quality need review,downloaded_staged,Internet Archive OCR TXT and metadata JSON staged on 2026-07-05; review before ingestion.
hindu_fasts_feasts_mukerji_1918_en,Hindu Fasts and Feasts,English,Internet Archive,https://archive.org/details/hindufastsfeasts00muke,https://archive.org/metadata/hindufastsfeasts00muke,content/_staging/raw/english/hindu_fasts_feasts_mukerji_1918_en.txt,Pre-1929 publication likely public domain in USA; IA scan terms and OCR quality need review,downloaded_staged,Internet Archive OCR TXT and metadata JSON staged on 2026-07-05; review before ingestion.
prem_sagar_eastwick_1851_en,"The Prem Sagar; or, The Ocean of Love",English,Internet Archive,https://archive.org/details/premsgarorocea00chat,https://archive.org/metadata/premsgarorocea00chat,content/_staging/raw/english/prem_sagar_eastwick_1851_en.txt,Pre-1929 publication likely public domain in USA; IA scan terms and OCR quality need review,downloaded_staged,Internet Archive OCR TXT and metadata JSON staged on 2026-07-05; review before ingestion.
panchatantra_ryder_1925_en,The Panchatantra,English,Internet Archive,https://archive.org/details/panchatantra0000arth,https://archive.org/metadata/panchatantra0000arth,content/_staging/raw/english/panchatantra_ryder_1925_en.txt,Pre-1929 publication likely public domain in USA; IA scan terms and OCR quality need review,downloaded_staged,Internet Archive OCR TXT and metadata JSON staged on 2026-07-05; review before ingestion.
hitopadesa_wilkins_1886_en,"Fables and Proverbs from the Sanskrit, Being the Hitopadesa",English,Internet Archive,https://archive.org/details/fablesproverbsfr00wilkuoft,https://archive.org/metadata/fablesproverbsfr00wilkuoft,content/_staging/raw/english/hitopadesa_wilkins_1886_en.txt,Pre-1929 publication likely public domain in USA; IA scan terms and OCR quality need review,downloaded_staged,Internet Archive OCR TXT and metadata JSON staged on 2026-07-05; review before ingestion.
psalms_maratha_saints_macnicol_1919_en,Psalms of Maratha Saints,English,Internet Archive,https://archive.org/details/psalmsofmarathas00macnuoft,https://archive.org/metadata/psalmsofmarathas00macnuoft,content/_staging/raw/english/psalms_maratha_saints_macnicol_1919_en.txt,Pre-1929 publication likely public domain in USA; IA scan terms and OCR quality need review,downloaded_staged,Internet Archive OCR TXT and metadata JSON staged on 2026-07-05; review before ingestion.
bijak_kabir_ahmad_shah_1917_en,The Bijak of Kabir,English,Internet Archive,https://archive.org/details/bijakofkabirtran00kabiuoft,https://archive.org/metadata/bijakofkabirtran00kabiuoft,content/_staging/raw/english/bijak_kabir_ahmad_shah_1917_en.txt,Pre-1929 publication likely public domain in USA; IA scan terms and OCR quality need review,downloaded_staged,Internet Archive OCR TXT and metadata JSON staged on 2026-07-05; review before ingestion.
mystics_ascetics_saints_oman_1905_en,"The Mystics, Ascetics, and Saints of India",English,Internet Archive,https://archive.org/details/mysticsasceticss00oman,https://archive.org/metadata/mysticsasceticss00oman,content/_staging/raw/english/mystics_ascetics_saints_oman_1905_en.txt,Pre-1929 publication likely public domain in USA; IA scan terms and OCR quality need review,downloaded_staged,Internet Archive OCR TXT and metadata JSON staged on 2026-07-05; review before ingestion.
matsya_puranam_taluqdar_vol1_1916_en,"The Matsya Puranam, Part 1",English,Internet Archive,https://archive.org/details/in.ernet.dli.2015.45856,https://archive.org/metadata/in.ernet.dli.2015.45856,content/_staging/raw/english/matsya_puranam_taluqdar_vol1_1916_en.txt,Pre-1929 publication likely public domain in USA; IA scan terms and OCR quality need review,downloaded_staged,Internet Archive OCR TXT and metadata JSON staged on 2026-07-05; review before ingestion.
matsya_puranam_taluqdar_vol2_1917_en,"The Matsya Puranam, Part 2",English,Internet Archive,https://archive.org/details/in.ernet.dli.2015.45858,https://archive.org/metadata/in.ernet.dli.2015.45858,content/_staging/raw/english/matsya_puranam_taluqdar_vol2_1917_en.txt,Pre-1929 publication likely public domain in USA; IA scan terms and OCR quality need review,downloaded_staged,Internet Archive OCR TXT and metadata JSON staged on 2026-07-05; review before ingestion.
brahma_vaivarta_puranam_sen_brahma_prakriti_1920_en,Brahma-Vaivarta Puranam: Brahma and Prakriti Khandas,English,Internet Archive,https://archive.org/details/dli.csl.4679,https://archive.org/metadata/dli.csl.4679,content/_staging/raw/english/brahma_vaivarta_puranam_sen_brahma_prakriti_1920_en.txt,Pre-1929 publication likely public domain in USA; IA scan terms and OCR quality need review,downloaded_staged,Internet Archive OCR TXT and metadata JSON staged on 2026-07-05; review before ingestion.
vivekachudamani_madhavananda_1921_en,Vivekachudamani of Sri Sankaracharya,English,Internet Archive,https://archive.org/details/vivekachudamanio00sankrich,https://archive.org/metadata/vivekachudamanio00sankrich,content/_staging/raw/english/vivekachudamani_madhavananda_1921_en.txt,Pre-1929 publication likely public domain in USA; IA scan terms and OCR quality need review,downloaded_staged,Internet Archive OCR TXT and metadata JSON staged on 2026-07-05; review before ingestion.
prabodha_chandrodaya_atma_bodha_taylor_1893_en,Prabodha Chandrodaya and Atma Bodha,English,Internet Archive,https://archive.org/details/prabdhachandr00krsnrich,https://archive.org/metadata/prabdhachandr00krsnrich,content/_staging/raw/english/prabodha_chandrodaya_atma_bodha_taylor_1893_en.txt,Pre-1929 publication likely public domain in USA; IA scan terms and OCR quality need review,downloaded_staged,Internet Archive OCR TXT and metadata JSON staged on 2026-07-05; review before ingestion.
bhagavad_gita_besant_bhagavan_das_1905_en,The Bhagavad Gita,English,Internet Archive,https://archive.org/details/wg1100,https://archive.org/metadata/wg1100,content/_staging/raw/english/bhagavad_gita_besant_bhagavan_das_1905_en.txt,Pre-1929 publication likely public domain in USA; IA scan terms and OCR quality need review,downloaded_staged,Internet Archive OCR TXT and metadata JSON staged on 2026-07-05; review before ingestion.
bhagavad_gita_davies_1889_en,"Hindu Philosophy: The Bhagavad Gita; or, The Sacred Lay",English,Internet Archive,https://archive.org/details/hinduphilosophyb00daviuoft,https://archive.org/metadata/hinduphilosophyb00daviuoft,content/_staging/raw/english/bhagavad_gita_davies_1889_en.txt,Pre-1929 publication likely public domain in USA; IA scan terms and OCR quality need review,downloaded_staged,Internet Archive OCR TXT and metadata JSON staged on 2026-07-05; review before ingestion.
srimad_bhagavad_gita_swarupananda_1909_en,Shrimad Bhagavad Gita,English,Internet Archive,https://archive.org/details/in.ernet.dli.2015.237563,https://archive.org/metadata/in.ernet.dli.2015.237563,content/_staging/raw/english/srimad_bhagavad_gita_swarupananda_1909_en.txt,Pre-1929 publication likely public domain in USA; IA scan terms and OCR quality need review,downloaded_staged,Internet Archive OCR TXT and metadata JSON staged on 2026-07-05; review before ingestion.
ramayana_tulsidas_growse_1914_en,The Ramayana of Tulsi Das,English,Internet Archive,https://archive.org/details/rmyanaoftuls00tulauoft,https://archive.org/metadata/rmyanaoftuls00tulauoft,content/_staging/raw/english/ramayana_tulsidas_growse_1914_en.txt,Pre-1929 publication likely public domain in USA; IA scan terms and OCR quality need review,downloaded_staged,Internet Archive OCR TXT and metadata JSON staged on 2026-07-05; review before ingestion.
ekanath_bhaktalilamrita_abbott_1927_en,Ekanath: A Translation from the Bhaktalilamrita,English,Internet Archive,https://archive.org/details/Ekanath.Bhaktalilamrita,https://archive.org/metadata/Ekanath.Bhaktalilamrita,content/_staging/raw/english/ekanath_bhaktalilamrita_abbott_1927_en.txt,Pre-1929 publication likely public domain in USA; IA scan terms and OCR quality need review,downloaded_staged,Internet Archive OCR TXT and metadata JSON staged on 2026-07-05; review before ingestion.
bhanudas_bhaktavijaya_abbott_1926_en,Bhanudas,English,Internet Archive,https://archive.org/details/dli.ernet.236982,https://archive.org/metadata/dli.ernet.236982,content/_staging/raw/english/bhanudas_bhaktavijaya_abbott_1926_en.txt,Pre-1929 publication likely public domain in USA; IA scan terms and OCR quality need review,downloaded_staged,Internet Archive OCR TXT and metadata JSON staged on 2026-07-05; review before ingestion.
bahina_bai_autobiography_verses_abbott_1929_en,Bahina Bai: A Translation of Her Autobiography and Verses,English,Internet Archive,https://archive.org/details/in.ernet.dli.2015.61668,https://archive.org/metadata/in.ernet.dli.2015.61668,content/_staging/raw/english/bahina_bai_autobiography_verses_abbott_1929_en.txt,Pre-1929 publication likely public domain in USA; IA scan terms and OCR quality need review,downloaded_staged,Internet Archive OCR TXT and metadata JSON staged on 2026-07-05; review before ingestion.
principles_of_tantra_tantratattva_part1_1914_en,"Principles of Tantra: Tantratattva, Part 1",English,Internet Archive,https://archive.org/details/dli.bengal.10689.636,https://archive.org/metadata/dli.bengal.10689.636,content/_staging/raw/english/principles_of_tantra_tantratattva_part1_1914_en.txt,Pre-1929 publication likely public domain in USA; IA scan terms and OCR quality need review,downloaded_staged,Internet Archive OCR TXT and metadata JSON staged on 2026-07-05; review before ingestion.
principles_of_tantra_tantratattva_part2_1916_en,"Principles of Tantra: Tantratattva, Part 2",English,Internet Archive,https://archive.org/details/principlesoftant2852bhat,https://archive.org/metadata/principlesoftant2852bhat,content/_staging/raw/english/principles_of_tantra_tantratattva_part2_1916_en.txt,Pre-1929 publication likely public domain in USA; IA scan terms and OCR quality need review,downloaded_staged,Internet Archive OCR TXT and metadata JSON staged on 2026-07-05; review before ingestion.
serpent_power_avalon_1924_en,The Serpent Power,English,Internet Archive,https://archive.org/details/dli.ministry.06283,https://archive.org/metadata/dli.ministry.06283,content/_staging/raw/english/serpent_power_avalon_1924_en.txt,Pre-1929 publication likely public domain in USA; IA scan terms and OCR quality need review,downloaded_staged,Internet Archive OCR TXT and metadata JSON staged on 2026-07-05; review before ingestion.
garland_of_letters_woodroffe_1922_en,The Garland of Letters,English,Internet Archive,https://archive.org/details/in.ernet.dli.2015.274061,https://archive.org/metadata/in.ernet.dli.2015.274061,content/_staging/raw/english/garland_of_letters_woodroffe_1922_en.txt,Pre-1929 publication likely public domain in USA; IA scan terms and OCR quality need review,downloaded_staged,Internet Archive OCR TXT and metadata JSON staged on 2026-07-05; review before ingestion.
pancaratra_ahirbudhnya_samhita_schrader_1916_en,Introduction to the Pancaratra and the Ahirbudhnya Samhita,English,Internet Archive,https://archive.org/details/introtothepancar00shcruoft,https://archive.org/metadata/introtothepancar00shcruoft,content/_staging/raw/english/pancaratra_ahirbudhnya_samhita_schrader_1916_en.txt,1930-or-earlier publication likely public domain in USA as of 2026; IA scan terms and OCR quality need review,downloaded_staged,Internet Archive OCR TXT and metadata JSON staged on 2026-07-05; review before ingestion.
vedanta_desika_narayanacharya_vol1_1917_en,"Sri Vedanta Desika, Vol. 1",English,Internet Archive,https://archive.org/details/gss.srivedantadesika0000knar,https://archive.org/metadata/gss.srivedantadesika0000knar,content/_staging/raw/english/vedanta_desika_narayanacharya_vol1_1917_en.txt,1930-or-earlier publication likely public domain in USA as of 2026; IA scan terms and OCR quality need review,downloaded_staged,Internet Archive OCR TXT and metadata JSON staged on 2026-07-05; review before ingestion.
hymns_of_alvars_hooper_1929_en,Hymns of the Alvars,English,Internet Archive,https://archive.org/details/in.ernet.dli.2015.164001,https://archive.org/metadata/in.ernet.dli.2015.164001,content/_staging/raw/english/hymns_of_alvars_hooper_1929_en.txt,1930-or-earlier publication likely public domain in USA as of 2026; IA scan terms and OCR quality need review,downloaded_staged,Internet Archive OCR TXT and metadata JSON staged on 2026-07-05; review before ingestion.
chaitanya_upadesh_vol1_1919_en,"Shri Shri Chaitanya-upadesh, Vol. 1",English,Internet Archive,https://archive.org/details/in.ernet.dli.2015.92361,https://archive.org/metadata/in.ernet.dli.2015.92361,content/_staging/raw/english/chaitanya_upadesh_vol1_1919_en.txt,1930-or-earlier publication likely public domain in USA as of 2026; IA scan terms and OCR quality need review,downloaded_staged,Internet Archive OCR TXT and metadata JSON staged on 2026-07-05; review before ingestion.
metaphysics_saiva_siddhanta_subramania_pillai_1929_en,The Metaphysics of the Saiva Siddhanta System,English,Internet Archive,https://archive.org/details/the-metaphysics-of-the-saiva-siddhanta-system,https://archive.org/metadata/the-metaphysics-of-the-saiva-siddhanta-system,content/_staging/raw/english/metaphysics_saiva_siddhanta_subramania_pillai_1929_en.txt,1930-or-earlier publication likely public domain in USA as of 2026; IA scan terms and OCR quality need review,downloaded_staged,Internet Archive OCR TXT and metadata JSON staged on 2026-07-05; review before ingestion.
siva_jnana_botham_navamoney_david_nadar_1927_en,Siva Jnana Botham,English,Internet Archive,https://archive.org/details/siva-jnana-botham-1927,https://archive.org/metadata/siva-jnana-botham-1927,content/_staging/raw/english/siva_jnana_botham_navamoney_david_nadar_1927_en.txt,1930-or-earlier publication likely public domain in USA as of 2026; IA scan terms and OCR quality need review,downloaded_staged,Internet Archive OCR TXT and metadata JSON staged on 2026-07-05; review before ingestion.
sivajnana_siddhiyar_nallaswami_pillai_1913_en,Sivajnana Siddhiyar of Arunandi Sivacharya,English,Internet Archive,https://archive.org/details/sivajnanasiddhiyarofarunandisivacharya1913,https://archive.org/metadata/sivajnanasiddhiyarofarunandisivacharya1913,content/_staging/raw/english/sivajnana_siddhiyar_nallaswami_pillai_1913_en.txt,1930-or-earlier publication likely public domain in USA as of 2026; IA scan terms and OCR quality need review,downloaded_staged,Internet Archive OCR TXT and metadata JSON staged on 2026-07-05; review before ingestion.
siddhanta_deepika_complete_14_volumes_1897_1914_en,"Siddhanta Deepika: The Light of Truth, Complete 14 Volumes",English,Internet Archive,https://archive.org/details/SiddhantaDeepika-Complete14Volumes,https://archive.org/metadata/SiddhantaDeepika-Complete14Volumes,content/_staging/raw/english/siddhanta_deepika_complete_14_volumes_1897_1914_en.txt,1930-or-earlier publication likely public domain in USA as of 2026; IA scan terms and OCR quality need review,downloaded_staged,Internet Archive OCR TXT and metadata JSON staged on 2026-07-05; review before ingestion.
brahma_vaivarta_puranam_sen_part2_1921_en,"Brahma-Vaivarta Puranam, Part 2",English,Internet Archive,https://archive.org/details/hrir_the-scared-book-of-hindus-edited-major-b-d-basu-volume-xxiv-part-2-brahma-vaivar,https://archive.org/metadata/hrir_the-scared-book-of-hindus-edited-major-b-d-basu-volume-xxiv-part-2-brahma-vaivar,content/_staging/raw/english/brahma_vaivarta_puranam_sen_part2_1921_en.txt,1930-or-earlier publication likely public domain in USA as of 2026; IA scan terms and OCR quality need review,downloaded_staged,Internet Archive OCR TXT and metadata JSON staged on 2026-07-05; review before ingestion.
brahma_vaivarta_puranam_sen_ganesh_khanda_part3_en,"Brahma-Vaivarta Puranam: Ganesh Khanda, Part 3",English,Internet Archive,https://archive.org/details/wqcb_the-brahma-vaivarta-purana-ganesh-khanda-part-3-bahadurgunj-panini-office,https://archive.org/metadata/wqcb_the-brahma-vaivarta-purana-ganesh-khanda-part-3-bahadurgunj-panini-office,content/_staging/raw/english/brahma_vaivarta_puranam_sen_ganesh_khanda_part3_en.txt,1930-or-earlier publication likely public domain in USA as of 2026; IA scan terms and OCR quality need review,downloaded_staged,Internet Archive OCR TXT and metadata JSON staged on 2026-07-05; review before ingestion.
brahma_vaivarta_puranam_sen_part4_1922_en,"Brahma-Vaivarta Puranam, Part 4",English,Internet Archive,https://archive.org/details/guhw_the-sacred-books-of-the-hindus-brahma-vaivarta-puranam-part-4-ed-by-b-d-basu-tra,https://archive.org/metadata/guhw_the-sacred-books-of-the-hindus-brahma-vaivarta-puranam-part-4-ed-by-b-d-basu-tra,content/_staging/raw/english/brahma_vaivarta_puranam_sen_part4_1922_en.txt,1930-or-earlier publication likely public domain in USA as of 2026; IA scan terms and OCR quality need review,downloaded_staged,Internet Archive OCR TXT and metadata JSON staged on 2026-07-05; review before ingestion.
yajnavalkya_smriti_mitakshara_vidyarnava_1918_en,Yajnavalkya Smriti with the Mitakshara and Balambhatta,English,Internet Archive,https://archive.org/details/yajnavalkyasmrit00yj,https://archive.org/metadata/yajnavalkyasmrit00yj,content/_staging/raw/english/yajnavalkya_smriti_mitakshara_vidyarnava_1918_en.txt,1930-or-earlier publication likely public domain in USA as of 2026; IA scan terms and OCR quality need review,downloaded_staged,Internet Archive OCR TXT and metadata JSON staged on 2026-07-05; review before ingestion.
parasara_dharma_samhita_vol1_part2_1893_en,"Parasara Dharma Samhita or Parasara Smriti, Vol. 1 Part 2",English,Internet Archive,https://archive.org/details/in.ernet.dli.2015.282567,https://archive.org/metadata/in.ernet.dli.2015.282567,content/_staging/raw/english/parasara_dharma_samhita_vol1_part2_1893_en.txt,1930-or-earlier publication likely public domain in USA as of 2026; IA scan terms and OCR quality need review,downloaded_staged,Internet Archive OCR TXT and metadata JSON staged on 2026-07-05; review before ingestion.
parasara_dharma_samhita_vol2_part1_1898_en,"Parasara Dharma Samhita or Parasara Smriti, Vol. 2 Part 1",English,Internet Archive,https://archive.org/details/in.ernet.dli.2015.283602,https://archive.org/metadata/in.ernet.dli.2015.283602,content/_staging/raw/english/parasara_dharma_samhita_vol2_part1_1898_en.txt,1930-or-earlier publication likely public domain in USA as of 2026; IA scan terms and OCR quality need review,downloaded_staged,Internet Archive OCR TXT and metadata JSON staged on 2026-07-05; review before ingestion.
parasara_dharma_samhita_1919_en,Parasara Dharma Samhita or Parasara Smriti,English,Internet Archive,https://archive.org/details/in.ernet.dli.2015.506272,https://archive.org/metadata/in.ernet.dli.2015.506272,content/_staging/raw/english/parasara_dharma_samhita_1919_en.txt,1930-or-earlier publication likely public domain in USA as of 2026; IA scan terms and OCR quality need review,downloaded_staged,Internet Archive OCR TXT and metadata JSON staged on 2026-07-05; review before ingestion.
elements_hindu_iconography_rao_vol1_part1_1914_en,"Elements of Hindu Iconography, Vol. 1 Part 1",English,Internet Archive,https://archive.org/details/in.gov.ignca.39172,https://archive.org/metadata/in.gov.ignca.39172,content/_staging/raw/english/elements_hindu_iconography_rao_vol1_part1_1914_en.txt,1930-or-earlier publication likely public domain in USA as of 2026; IA scan terms and OCR quality need review,downloaded_staged,Internet Archive OCR TXT and metadata JSON staged on 2026-07-05; review before ingestion.
elements_hindu_iconography_rao_vol1_part2_1914_en,"Elements of Hindu Iconography, Vol. 1 Part 2",English,Internet Archive,https://archive.org/details/in.ernet.dli.2015.459193,https://archive.org/metadata/in.ernet.dli.2015.459193,content/_staging/raw/english/elements_hindu_iconography_rao_vol1_part2_1914_en.txt,1930-or-earlier publication likely public domain in USA as of 2026; IA scan terms and OCR quality need review,downloaded_staged,Internet Archive OCR TXT and metadata JSON staged on 2026-07-05; review before ingestion.
elements_hindu_iconography_rao_vol2_part1_1916_en,"Elements of Hindu Iconography, Vol. 2 Part 1",English,Internet Archive,https://archive.org/details/in.ernet.dli.2015.506671,https://archive.org/metadata/in.ernet.dli.2015.506671,content/_staging/raw/english/elements_hindu_iconography_rao_vol2_part1_1916_en.txt,1930-or-earlier publication likely public domain in USA as of 2026; IA scan terms and OCR quality need review,downloaded_staged,Internet Archive OCR TXT and metadata JSON staged on 2026-07-05; review before ingestion.
elements_hindu_iconography_rao_vol2_part2_1916_en,"Elements of Hindu Iconography, Vol. 2 Part 2",English,Internet Archive,https://archive.org/details/in.ernet.dli.2015.459780,https://archive.org/metadata/in.ernet.dli.2015.459780,content/_staging/raw/english/elements_hindu_iconography_rao_vol2_part2_1916_en.txt,1930-or-earlier publication likely public domain in USA as of 2026; IA scan terms and OCR quality need review,downloaded_staged,Internet Archive OCR TXT and metadata JSON staged on 2026-07-05; review before ingestion.
south_indian_images_gods_goddesses_krishna_sastri_1916_en,South-Indian Images of Gods and Goddesses,English,Internet Archive,https://archive.org/details/southindianimage00krisuoft,https://archive.org/metadata/southindianimage00krisuoft,content/_staging/raw/english/south_indian_images_gods_goddesses_krishna_sastri_1916_en.txt,1930-or-earlier publication likely public domain in USA as of 2026; IA scan terms and OCR quality need review,downloaded_staged,Internet Archive OCR TXT and metadata JSON staged on 2026-07-05; review before ingestion.
hindu_religious_year_underhill_1921_en,The Hindu Religious Year,English,Internet Archive,https://archive.org/details/cu31924079584821,https://archive.org/metadata/cu31924079584821,content/_staging/raw/english/hindu_religious_year_underhill_1921_en.txt,1930-or-earlier publication likely public domain in USA as of 2026; IA scan terms and OCR quality need review,downloaded_staged,Internet Archive OCR TXT and metadata JSON staged on 2026-07-05; review before ingestion.
hindu_manners_customs_ceremonies_dubois_beauchamp_1906_en,"Hindu Manners, Customs and Ceremonies",English,Internet Archive,https://archive.org/details/hindumannerscust1906dubo,https://archive.org/metadata/hindumannerscust1906dubo,content/_staging/raw/english/hindu_manners_customs_ceremonies_dubois_beauchamp_1906_en.txt,1930-or-earlier publication likely public domain in USA as of 2026; IA scan terms and OCR quality need review,downloaded_staged,Internet Archive OCR TXT and metadata JSON staged on 2026-07-05; review before ingestion.
sri_ramakrishna_great_master_vol1_1920_en,"Sri Ramakrishna The Great Master, Vol. 1",English,Internet Archive,https://archive.org/details/in.ernet.dli.2015.203736,https://archive.org/metadata/in.ernet.dli.2015.203736,content/_staging/raw/english/sri_ramakrishna_great_master_vol1_1920_en.txt,1930-or-earlier publication likely public domain in USA as of 2026; IA scan terms and OCR quality need review,downloaded_staged,Internet Archive OCR TXT and metadata JSON staged on 2026-07-05; review before ingestion.
life_swami_vivekananda_disciples_1912_en,The Life of the Swami Vivekananda,English,Internet Archive,https://archive.org/details/dli.ministry.03948,https://archive.org/metadata/dli.ministry.03948,content/_staging/raw/english/life_swami_vivekananda_disciples_1912_en.txt,1930-or-earlier publication likely public domain in USA as of 2026; IA scan terms and OCR quality need review,downloaded_staged,Internet Archive OCR TXT and metadata JSON staged on 2026-07-05; review before ingestion.
spiritual_talks_brahmananda_1911_en,Spiritual Talks by Swami Brahmananda,English,Internet Archive,https://archive.org/details/nmim_spiritual-talks-by-swami-brahmananda-1911-ramakrishna-mission,https://archive.org/metadata/nmim_spiritual-talks-by-swami-brahmananda-1911-ramakrishna-mission,content/_staging/raw/english/spiritual_talks_brahmananda_1911_en.txt,1930-or-earlier publication likely public domain in USA as of 2026; IA scan terms and OCR quality need review,downloaded_staged,Internet Archive OCR TXT and metadata JSON staged on 2026-07-05; review before ingestion.
address_on_vedanta_vivekananda_1896_en,Address on Vedanta Philosophy: The Ideal of a Universal Religion,English,Internet Archive,https://archive.org/details/addressonvedanta00vive,https://archive.org/metadata/addressonvedanta00vive,content/_staging/raw/english/address_on_vedanta_vivekananda_1896_en.txt,1930-or-earlier publication likely public domain in USA as of 2026; IA scan terms and OCR quality need review,downloaded_staged,Internet Archive OCR TXT and metadata JSON staged on 2026-07-05; review before ingestion.
kabir_and_kabir_panth_westcott_1907_en,Kabir and the Kabir Panth,English,Internet Archive,https://archive.org/details/kabirkabirpanth00westuoft,https://archive.org/metadata/kabirkabirpanth00westuoft,content/_staging/raw/english/kabir_and_kabir_panth_westcott_1907_en.txt,1930-or-earlier publication likely public domain in USA as of 2026; IA scan terms and OCR quality need review,downloaded_staged,Internet Archive OCR TXT and metadata JSON staged on 2026-07-05; review before ingestion.
life_teaching_tukaram_edwards_1922_en,The Life and Teaching of Tukaram,English,Internet Archive,https://archive.org/details/in.ernet.dli.2015.21294,https://archive.org/metadata/in.ernet.dli.2015.21294,content/_staging/raw/english/life_teaching_tukaram_edwards_1922_en.txt,1930-or-earlier publication likely public domain in USA as of 2026; IA scan terms and OCR quality need review,downloaded_staged,Internet Archive OCR TXT and metadata JSON staged on 2026-07-05; review before ingestion.
spanda_karikas_vasu_1913_en,"The Spanda Karikas, with the Vivriti of Ramakantha",English,Internet Archive,https://archive.org/details/thespandakarikas00vasuuoft,https://archive.org/metadata/thespandakarikas00vasuuoft,content/_staging/raw/english/spanda_karikas_vasu_1913_en.txt,1930-or-earlier publication likely public domain in USA as of 2026; IA scan terms and OCR quality need review,downloaded_staged,Internet Archive OCR TXT and metadata JSON staged on 2026-07-05; review before ingestion.
mahanirvana_tantram_dutt_1900_en,Mahanirvana Tantram,English,Internet Archive,https://archive.org/details/in.ernet.dli.2015.61798,https://archive.org/metadata/in.ernet.dli.2015.61798,content/_staging/raw/english/mahanirvana_tantram_dutt_1900_en.txt,1930-or-earlier publication likely public domain in USA as of 2026; IA scan terms and OCR quality need review,downloaded_staged,Internet Archive OCR TXT and metadata JSON staged on 2026-07-05; review before ingestion.
satyarth_prakash_durga_prasad_1908_en,An English Translation of the Satyarth Prakash,English,Internet Archive,https://archive.org/details/in.ernet.dli.2015.237542,https://archive.org/metadata/in.ernet.dli.2015.237542,content/_staging/raw/english/satyarth_prakash_durga_prasad_1908_en.txt,1930-or-earlier publication likely public domain in USA as of 2026; IA scan terms and OCR quality need review,downloaded_staged,Internet Archive OCR TXT and metadata JSON staged on 2026-07-05; review before ingestion.
satyarth_prakash_bharadwaja_1915_en,Light of Truth: An English Translation of the Satyarth Prakash,English,Internet Archive,https://archive.org/details/dli.ministry.16408,https://archive.org/metadata/dli.ministry.16408,content/_staging/raw/english/satyarth_prakash_bharadwaja_1915_en.txt,1930-or-earlier publication likely public domain in USA as of 2026; IA scan terms and OCR quality need review,downloaded_staged,Internet Archive OCR TXT and metadata JSON staged on 2026-07-05; review before ingestion.
arya_samaj_lajpat_rai_1915_en,"The Arya Samaj: An Account of Its Origin, Doctrines, and Activities",English,Internet Archive,https://archive.org/details/the-arya-samaj,https://archive.org/metadata/the-arya-samaj,content/_staging/raw/english/arya_samaj_lajpat_rai_1915_en.txt,1930-or-earlier publication likely public domain in USA as of 2026; IA scan terms and OCR quality need review,downloaded_staged,Internet Archive OCR TXT and metadata JSON staged on 2026-07-05; review before ingestion.
yatindra_mata_dipika_srinivasa_1912_en,"Yatindra-Mata-Dipika, or The Light of the School of Sri Ramanuja",English,Internet Archive,https://archive.org/details/in.ernet.dli.2015.170080,https://archive.org/metadata/in.ernet.dli.2015.170080,content/_staging/raw/english/yatindra_mata_dipika_srinivasa_1912_en.txt,1930-or-earlier publication likely public domain in USA as of 2026; IA scan terms and OCR quality need review,downloaded_staged,Internet Archive OCR TXT and metadata JSON staged on 2026-07-05; review before ingestion.
philosophy_ramanuja_hebblethwaite_1926_en,The Philosophy of Ramanuja with Special Reference to His Theory of the Self,English,Internet Archive,https://archive.org/details/thephilosophyofr00hebb,https://archive.org/metadata/thephilosophyofr00hebb,content/_staging/raw/english/philosophy_ramanuja_hebblethwaite_1926_en.txt,1930-or-earlier publication likely public domain in USA as of 2026; IA scan terms and OCR quality need review,downloaded_staged,Internet Archive OCR TXT and metadata JSON staged on 2026-07-05; review before ingestion.
holy_city_benares_sen_1912_en,The Holy City (Benares),English,Internet Archive,https://archive.org/details/holycitybenares00senrrich,https://archive.org/metadata/holycitybenares00senrrich,content/_staging/raw/english/holy_city_benares_sen_1912_en.txt,1930-or-earlier publication likely public domain in USA as of 2026; IA scan terms and OCR quality need review,downloaded_staged,Internet Archive OCR TXT and metadata JSON staged on 2026-07-05; review before ingestion.
benares_gazetteer_nevill_1909_en,Benares: A Gazetteer,English,Internet Archive,https://archive.org/details/in.ernet.dli.2015.181552,https://archive.org/metadata/in.ernet.dli.2015.181552,content/_staging/raw/english/benares_gazetteer_nevill_1909_en.txt,1930-or-earlier publication likely public domain in USA as of 2026; IA scan terms and OCR quality need review,downloaded_staged,Internet Archive OCR TXT and metadata JSON staged on 2026-07-05; review before ingestion.
life_ramanujacharya_govindacharya_1906_en,The Life of Ramanujacharya,English,Internet Archive,https://archive.org/details/in.ernet.dli.2015.22323,https://archive.org/metadata/in.ernet.dli.2015.22323,content/_staging/raw/english/life_ramanujacharya_govindacharya_1906_en.txt,1930-or-earlier publication likely public domain in USA as of 2026; IA scan terms and OCR quality need review,downloaded_staged,Internet Archive OCR TXT and metadata JSON staged on 2026-07-05; review before ingestion.
bhakti_cult_ancient_india_goswami_1924_en,The Bhakti Cult in Ancient India,English,Internet Archive,https://archive.org/details/in.ernet.dli.2015.68602,https://archive.org/metadata/in.ernet.dli.2015.68602,content/_staging/raw/english/bhakti_cult_ancient_india_goswami_1924_en.txt,1930-or-earlier publication likely public domain in USA as of 2026; IA scan terms and OCR quality need review,downloaded_staged,Internet Archive OCR TXT and metadata JSON staged on 2026-07-05; review before ingestion.
who_is_krishna_saha_1930_en,Who Is Krishna?,English,Internet Archive,https://archive.org/details/rkas.1263.whoiskrishna0000kshe,https://archive.org/metadata/rkas.1263.whoiskrishna0000kshe,content/_staging/raw/english/who_is_krishna_saha_1930_en.txt,1930-or-earlier publication likely public domain in USA as of 2026; IA scan terms and OCR quality need review,downloaded_staged,Internet Archive OCR TXT and metadata JSON staged on 2026-07-05; review before ingestion.
pancharatra_vaishnava_daily_life_rajagopalachariar_1917_en,The Pancharatra and Vaishnava Daily Life,English,Internet Archive,https://archive.org/details/rajagopalachariar-t.-1917-01-the-pancharatra-and-vaishnava-daily-life-jan-1917-i,https://archive.org/metadata/rajagopalachariar-t.-1917-01-the-pancharatra-and-vaishnava-daily-life-jan-1917-i,content/_staging/raw/english/pancharatra_vaishnava_daily_life_rajagopalachariar_1917_en.txt,1930-or-earlier publication likely public domain in USA as of 2026; IA scan terms and OCR quality need review,downloaded_staged,Internet Archive OCR TXT and metadata JSON staged on 2026-07-05; review before ingestion.
hindu_system_moral_science_sarkar_1912_en,The Hindu System of Moral Science,English,Internet Archive,https://archive.org/details/cu31924022925402,https://archive.org/metadata/cu31924022925402,content/_staging/raw/english/hindu_system_moral_science_sarkar_1912_en.txt,1930-or-earlier publication likely public domain in USA as of 2026; IA scan terms and OCR quality need review,downloaded_staged,Internet Archive OCR TXT and metadata JSON staged on 2026-07-05; review before ingestion.
hindu_system_self_culture_sarkar_1902_en,The Hindu System of Self-Culture of the Patanjala Yoga Shastra,English,Internet Archive,https://archive.org/details/dli.ministry.13943,https://archive.org/metadata/dli.ministry.13943,content/_staging/raw/english/hindu_system_self_culture_sarkar_1902_en.txt,1930-or-earlier publication likely public domain in USA as of 2026; IA scan terms and OCR quality need review,downloaded_staged,Internet Archive OCR TXT and metadata JSON staged on 2026-07-05; review before ingestion.
divine_wisdom_dravida_saints_govindacharya_1902_en,The Divine Wisdom of the Dravida Saints,English,Internet Archive,https://archive.org/details/divinewisdomofdr00goviiala,https://archive.org/metadata/divinewisdomofdr00goviiala,content/_staging/raw/english/divine_wisdom_dravida_saints_govindacharya_1902_en.txt,1930-or-earlier publication likely public domain in USA as of 2026; IA scan terms and OCR quality need review,downloaded_staged,Internet Archive OCR TXT and metadata JSON staged on 2026-07-05; review before ingestion.
system_vedanta_deussen_johnston_1912_en,The System of the Vedanta,English,Internet Archive,https://archive.org/details/dli.csl.3525,https://archive.org/metadata/dli.csl.3525,content/_staging/raw/english/system_vedanta_deussen_johnston_1912_en.txt,1930-or-earlier publication likely public domain in USA as of 2026; IA scan terms and OCR quality need review,downloaded_staged,Internet Archive OCR TXT and metadata JSON staged on 2026-07-05; review before ingestion.
science_philosophy_religion_vivekananda_1908_en,The Science and Philosophy of Religion,English,Internet Archive,https://archive.org/details/dli.ministry.26988,https://archive.org/metadata/dli.ministry.26988,content/_staging/raw/english/science_philosophy_religion_vivekananda_1908_en.txt,1930-or-earlier publication likely public domain in USA as of 2026; IA scan terms and OCR quality need review,downloaded_staged,Internet Archive OCR TXT and metadata JSON staged on 2026-07-05; review before ingestion.
high_caste_hindu_woman_ramabai_1887_en,The High-Caste Hindu Woman,English,Internet Archive,https://archive.org/details/highcastehinduwo00ramaiala,https://archive.org/metadata/highcastehinduwo00ramaiala,content/_staging/raw/english/high_caste_hindu_woman_ramabai_1887_en.txt,1930-or-earlier publication likely public domain in USA as of 2026; IA scan terms and OCR quality need review,downloaded_staged,Internet Archive OCR TXT and metadata JSON staged on 2026-07-05; review before ingestion.
holy_lives_azhvars_govindacharya_1902_en,"The Holy Lives of the Azhvars, or the Dravida Saints",English,Internet Archive,https://archive.org/details/holylivesazhvrs00govigoog,https://archive.org/metadata/holylivesazhvrs00govigoog,content/_staging/raw/english/holy_lives_azhvars_govindacharya_1902_en.txt,1930-or-earlier publication likely public domain in USA as of 2026; IA scan terms and OCR quality need review,downloaded_staged,Internet Archive OCR TXT and metadata JSON staged on 2026-07-05; review before ingestion.
hindu_mythology_wilkins_1882_en,"Hindu Mythology, Vedic and Puranic",English,Internet Archive,https://archive.org/details/hindumythologyve00wilk,https://archive.org/metadata/hindumythologyve00wilk,content/_staging/raw/english/hindu_mythology_wilkins_1882_en.txt,1930-or-earlier publication likely public domain in USA as of 2026; IA scan terms and OCR quality need review,downloaded_staged,Internet Archive OCR TXT and metadata JSON staged on 2026-07-05; review before ingestion.
indian_wisdom_monier_williams_1893_en,Indian Wisdom,English,Internet Archive,https://archive.org/details/cu31924023004785,https://archive.org/metadata/cu31924023004785,content/_staging/raw/english/indian_wisdom_monier_williams_1893_en.txt,1930-or-earlier publication likely public domain in USA as of 2026; IA scan terms and OCR quality need review,downloaded_staged,Internet Archive OCR TXT and metadata JSON staged on 2026-07-05; review before ingestion.
religious_sects_hindus_wilson_1846_en,Sketch of the Religious Sects of the Hindus,English,Internet Archive,https://archive.org/details/sketchofreligiou00wils,https://archive.org/metadata/sketchofreligiou00wils,content/_staging/raw/english/religious_sects_hindus_wilson_1846_en.txt,1930-or-earlier publication likely public domain in USA as of 2026; IA scan terms and OCR quality need review,downloaded_staged,Internet Archive OCR TXT and metadata JSON staged on 2026-07-06; review before ingestion.
hindu_pantheon_moor_1810_en,The Hindu Pantheon,English,Internet Archive,https://archive.org/details/in.gov.ignca.35409,https://archive.org/metadata/in.gov.ignca.35409,content/_staging/raw/english/hindu_pantheon_moor_1810_en.txt,1930-or-earlier publication likely public domain in USA as of 2026; IA scan terms and OCR quality need review,downloaded_staged,Internet Archive OCR TXT and metadata JSON staged on 2026-07-06; review before ingestion.
history_literature_religion_hindoos_ward_1863_en,"A View of the History, Literature, and Religion of the Hindoos",English,Internet Archive,https://archive.org/details/viewofhistorylit00ward,https://archive.org/metadata/viewofhistorylit00ward,content/_staging/raw/english/history_literature_religion_hindoos_ward_1863_en.txt,1930-or-earlier publication likely public domain in USA as of 2026; IA scan terms and OCR quality need review,downloaded_staged,Internet Archive OCR TXT and metadata JSON staged on 2026-07-06; review before ingestion.
hindu_jurisprudence_sen_1918_en,The General Principles of Hindu Jurisprudence,English,Internet Archive,https://archive.org/details/in.ernet.dli.2015.24786,https://archive.org/metadata/in.ernet.dli.2015.24786,content/_staging/raw/english/hindu_jurisprudence_sen_1918_en.txt,1930-or-earlier publication likely public domain in USA as of 2026; IA scan terms and OCR quality need review,downloaded_staged,Internet Archive OCR TXT and metadata JSON staged on 2026-07-06; review before ingestion.
primer_hinduism_farquhar_1912_en,A Primer of Hinduism,English,Internet Archive,https://archive.org/details/primerofhinduism0000farq,https://archive.org/metadata/primerofhinduism0000farq,content/_staging/raw/english/primer_hinduism_farquhar_1912_en.txt,1930-or-earlier publication likely public domain in USA as of 2026; IA scan terms and OCR quality need review,downloaded_staged,Internet Archive OCR TXT and metadata JSON staged on 2026-07-06; review before ingestion.
handbook_sanskrit_literature_small_1866_en,A Handbook of Sanskrit Literature,English,Internet Archive,https://archive.org/details/handbookofsanskr00smal,https://archive.org/metadata/handbookofsanskr00smal,content/_staging/raw/english/handbook_sanskrit_literature_small_1866_en.txt,1930-or-earlier publication likely public domain in USA as of 2026; IA scan terms and OCR quality need review,downloaded_staged,Internet Archive OCR TXT and metadata JSON staged on 2026-07-06; review before ingestion.
bhagavad_gita_ramanuja_bhashya_govindacharya_1898_en,Sri Bhagavad-Gita with Sri Ramanujacharya's Gita Bhashya,English,Internet Archive,https://archive.org/details/gita-bhasya,https://archive.org/metadata/gita-bhasya,content/_staging/raw/english/bhagavad_gita_ramanuja_bhashya_govindacharya_1898_en.txt,1930-or-earlier publication likely public domain in USA as of 2026; IA scan terms and OCR quality need review,downloaded_staged,Internet Archive OCR TXT and metadata JSON staged on 2026-07-06; review before ingestion.
lectures_bhagavad_gita_bhawani_shankar_1923_en,Lectures on Bhagavad Gita,English,Internet Archive,https://archive.org/details/in.ernet.dli.2015.96311,https://archive.org/metadata/in.ernet.dli.2015.96311,content/_staging/raw/english/lectures_bhagavad_gita_bhawani_shankar_1923_en.txt,1930-or-earlier publication likely public domain in USA as of 2026; IA scan terms and OCR quality need review,downloaded_staged,Internet Archive OCR TXT and metadata JSON staged on 2026-07-06; review before ingestion.
bhagavad_gita_exposition_rele_1928_en,Bhagavad-Gita: An Exposition,English,Internet Archive,https://archive.org/details/in.ernet.dli.2015.58942,https://archive.org/metadata/in.ernet.dli.2015.58942,content/_staging/raw/english/bhagavad_gita_exposition_rele_1928_en.txt,1930-or-earlier publication likely public domain in USA as of 2026; IA scan terms and OCR quality need review,downloaded_staged,Internet Archive OCR TXT and metadata JSON staged on 2026-07-06; review before ingestion.
one_hundred_poems_tayumanavar_1930_en,One Hundred Poems of Tayumanavar,English,Internet Archive,https://archive.org/details/one-hundred-poems-of-tayumanavar,https://archive.org/metadata/one-hundred-poems-of-tayumanavar,content/_staging/raw/english/one_hundred_poems_tayumanavar_1930_en.txt,1930-or-earlier publication likely public domain in USA as of 2026; IA scan terms and OCR quality need review,downloaded_staged,Internet Archive OCR TXT and metadata JSON staged on 2026-07-06; review before ingestion.
inspirations_saint_tukaram_munge_1930_en,Inspirations of Saint Tukaram,English,Internet Archive,https://archive.org/details/in.ernet.dli.2015.62808,https://archive.org/metadata/in.ernet.dli.2015.62808,content/_staging/raw/english/inspirations_saint_tukaram_munge_1930_en.txt,1930-or-earlier publication likely public domain in USA as of 2026; IA scan terms and OCR quality need review,downloaded_staged,Internet Archive OCR TXT and metadata JSON staged on 2026-07-06; review before ingestion.
tukaram_bhaktalilamrita_abbott_ch25_40_1930_en,"Tukaram: Translation from Mahipati's Bhaktalilamrita, Chapters 25-40",English,Internet Archive,https://archive.org/details/tukaramtranslati0000mahi,https://archive.org/metadata/tukaramtranslati0000mahi,content/_staging/raw/english/tukaram_bhaktalilamrita_abbott_ch25_40_1930_en.txt,1930-or-earlier publication likely public domain in USA as of 2026; IA scan terms and OCR quality need review,downloaded_staged,Internet Archive OCR TXT and metadata JSON staged on 2026-07-06; review before ingestion.
bhagavad_gita_arnold_sacred_texts_en,Bhagavad Gita,English,Sacred Texts,https://www.sacred-texts.com/hin/gita/index.htm,https://www.sacred-texts.com/hin/gita/index.htm,content/_staging/raw/english/sacred_texts/bhagavad_gita_arnold_sacred_texts_en.jsonl,Review before use; staging is not production approval,scraped_staged,Exact source-map Sacred Texts Bhagavad Gita pages scraped as page-level JSONL on 2026-07-06.
ramayana_griffith_sacred_texts_en,Valmiki Ramayana,English,Sacred Texts,https://www.sacred-texts.com/hin/rama/index.htm,https://www.sacred-texts.com/hin/rama/index.htm,content/_staging/raw/english/sacred_texts/ramayana_griffith_sacred_texts_en.jsonl,Review before use; staging is not production approval,scraped_staged,Exact source-map Sacred Texts Ramayana pages scraped as 507 page-level JSONL records on 2026-07-06.
mahabharata_ganguli_sacred_texts_en,Mahabharata,English,Sacred Texts,https://www.sacred-texts.com/hin/maha/index.htm,https://www.sacred-texts.com/hin/maha/index.htm,content/_staging/raw/english/sacred_texts/mahabharata_ganguli_sacred_texts_en.jsonl,Review before use; staging is not production approval,scraped_staged,Exact Sacred Texts landing/progress pages scraped on 2026-07-06; actual Ganguli full text is already staged in Project Gutenberg TXT volumes.
rig_veda_griffith_sacred_texts_en,Rig Veda selected hymns,English,Sacred Texts,https://www.sacred-texts.com/hin/rigveda/index.htm,https://www.sacred-texts.com/hin/rigveda/index.htm,content/_staging/raw/english/sacred_texts/rig_veda_griffith_sacred_texts_en.jsonl,Review before use; staging is not production approval,scraped_staged,Exact Sacred Texts Rig Veda book/index pages scraped on 2026-07-06; full Griffith OCR volumes are already staged from Internet Archive.
yoga_sutras_bongiovanni_sacred_texts_en,Yoga Sutras of Patanjali,English,Sacred Texts,https://www.sacred-texts.com/hin/yogasutr.htm,https://www.sacred-texts.com/hin/yogasutr.htm,content/_staging/raw/english/sacred_texts/yoga_sutras_bongiovanni_sacred_texts_en.jsonl,Review before use; staging is not production approval,scraped_staged,Exact source-map Yoga Sutras page scraped as JSONL on 2026-07-06.
tirukkural_project_madurai_source_map_ta_en,Tirukkural,Tamil/English,Project Madurai,https://projectmadurai.org/pm_etexts/tscii/pmtsc0017.html,https://projectmadurai.org/pm_etexts/tscii/pmtsc0017.html,content/_staging/raw/tamil/tirukkural_project_madurai_source_map_ta_en.html,Review before use; staging is not production approval,downloaded_staged,Exact source-map Project Madurai HTML downloaded on 2026-07-06.
kamba_ramayanam_project_madurai_ayodhya_part1_ta,Kamba Ramayanam Ayodhya Kandam Part 1,Tamil,Project Madurai,https://projectmadurai.org/pm_etexts/utf8/pmuni0422_01.html,https://projectmadurai.org/pm_etexts/utf8/pmuni0422_01.html,content/_staging/raw/tamil/kamba_ramayanam_project_madurai_ayodhya_part1_ta.html,Review before use; staging is not production approval,downloaded_staged,Representative source-map Kamba Ramayanam Project Madurai HTML downloaded on 2026-07-06; full series normalization still needed.
tiruvacagam_project_madurai_pope_part1_en,Tiruvacagam Part 1,English/Tamil,Project Madurai,https://www.projectmadurai.org/pm_etexts/tscii/pmtsc0094.html,https://www.projectmadurai.org/pm_etexts/tscii/pmtsc0094.html,content/_staging/raw/tamil/tiruvacagam_project_madurai_pope_part1_en.html,Review before use; staging is not production approval,downloaded_staged,Exact source-map Project Madurai Tiruvacagam HTML downloaded on 2026-07-06.
divya_prabandham_project_madurai_muthal_ayiram_ta,Naalayira Divya Prabandham Muthal Ayiram,Tamil,Project Madurai,https://www.projectmadurai.org/pm_etexts/utf8/pmuni0005_01.html,https://www.projectmadurai.org/pm_etexts/utf8/pmuni0005_01.html,content/_staging/raw/tamil/divya_prabandham_project_madurai_muthal_ayiram_ta.html,Review before use; staging is not production approval,downloaded_staged,Project Madurai UTF-8 text downloaded on 2026-07-06 after the source-map TSCII URL returned 404.
dnyaneshwari_wikisource_mr_rendered,Dnyaneshwari,Marathi,Wikisource,https://en.wikisource.org/wiki/mr:%E0%A4%9C%E0%A5%8D%E0%A4%9E%E0%A4%BE%E0%A4%A8%E0%A5%87%E0%A4%B6%E0%A5%8D%E0%A4%B5%E0%A4%B0%E0%A5%80,https://en.wikisource.org/wiki/mr:%E0%A4%9C%E0%A5%8D%E0%A4%9E%E0%A4%BE%E0%A4%A8%E0%A5%87%E0%A4%B6%E0%A5%8D%E0%A4%B5%E0%A4%B0%E0%A5%80,content/_staging/raw/marathi/dnyaneshwari_wikisource_mr_rendered.html,Review before use; staging is not production approval,downloaded_staged,Rendered Wikisource page downloaded on 2026-07-06; existing IA Marathi OCR remains separate.
ramcharitmanas_english_wikisource_rendered,The Ramayana of Tulsi Das,English,English Wikisource,https://en.wikisource.org/wiki/en:The%20R%C3%A1m%C3%A1yana%20of%20Tulsi%20D%C3%A1s,https://en.wikisource.org/wiki/en:The%20R%C3%A1m%C3%A1yana%20of%20Tulsi%20D%C3%A1s,content/_staging/raw/english/ramcharitmanas_english_wikisource_rendered.html,Review before use; staging is not production approval,downloaded_staged,Exact source-map English Wikisource rendered page downloaded on 2026-07-06.
vishnu_purana_taylor_anu_press_2021,The Vishnu Purana,English,ANU Press,https://press.anu.edu.au/publications/textbooks/visnu-purana,https://press.anu.edu.au/publications/textbooks/visnu-purana,content/_staging/raw/english/vishnu_purana_taylor_anu_press_2021.pdf,Review before use; staging is not production approval,downloaded_staged,ANU Press page and PDF downloaded on 2026-07-06; modern OA licence must be checked before embedding or RAG use.
brahma_vaivarta_purana_web_archive_gateway,Brahma Vaivarta Purana Devanagari gateway,Sanskrit,Web Archive,https://web.archive.org/web/20080408110939/http://is1.mum.edu/vedicreserve/puran.htm,https://web.archive.org/web/20080408110939/http://is1.mum.edu/vedicreserve/puran.htm,content/_staging/raw/sanskrit/brahma_vaivarta_purana_web_archive_gateway.html,Review before use; staging is not production approval,downloaded_staged,Source-map Web Archive gateway downloaded on 2026-07-06; existing English IA OCR parts remain the actual fuller text staging path.
markandeya_purana_wisdomlib_blocked,Markandeya Purana WisdomLib exact source,English,WisdomLib,https://www.wisdomlib.org/hinduism/book/the-markandeya-purana/,,content/_staging/raw/english/markandeya_purana_dutt_1896_en.txt,Exact source blocked; alternate actual text staged separately,blocked_metadata_only,Exact WisdomLib scrape returned 403 on 2026-07-06; actual Markandeya Purana OCR text is already staged from Internet Archive under the target path listed here.
garuda_purana_dutt_wisdomlib_blocked,Garuda Purana WisdomLib exact source,English,WisdomLib,https://www.wisdomlib.org/hinduism/book/the-garuda-purana-dutt,,content/_staging/raw/english/garuda_purana_dutt_1908_en.txt,Exact source blocked; alternate actual text staged separately,blocked_metadata_only,Exact WisdomLib scrape returned 403 on 2026-07-06; actual Garuda Purana OCR text is already staged from Internet Archive under the target path listed here.
vedicreserve_puranas_brahmavaivartapurana02,Brahma Vaivarta Purana 02,Sanskrit,Web Archive / Vedic Reserve,https://web.archive.org/web/20080408110939/http://is1.mum.edu/vedicreserve/puran.htm,https://web.archive.org/web/20080408110939/http://is1.mum.edu/vedicreserve/puranas/brahmavaivartapurana02.pdf,content/_staging/raw/sanskrit/vedicreserve_puranas/brahmavaivartapurana02.pdf,Review before use; staging is not production approval,downloaded_staged,Archived Devanagari PDF staged on 2026-07-06 (7173695 bytes); OCR extraction and legal review required.
vedicreserve_puranas_brahmavaivartapurana05,Brahma Vaivarta Purana 05,Sanskrit,Web Archive / Vedic Reserve,https://web.archive.org/web/20080408110939/http://is1.mum.edu/vedicreserve/puran.htm,https://web.archive.org/web/20080408110939/http://is1.mum.edu/vedicreserve/puranas/brahmavaivartapurana05.pdf,content/_staging/raw/sanskrit/vedicreserve_puranas/brahmavaivartapurana05.pdf,Review before use; staging is not production approval,downloaded_staged,Archived Devanagari PDF staged on 2026-07-06 (6935420 bytes); OCR extraction and legal review required.
vedicreserve_puranas_vishnu_purana,Vishnu Purana,Sanskrit,Web Archive / Vedic Reserve,https://web.archive.org/web/20080408110939/http://is1.mum.edu/vedicreserve/puran.htm,https://web.archive.org/web/20080408110939/http://is1.mum.edu/vedicreserve/puranas/vishnu_purana.pdf,content/_staging/raw/sanskrit/vedicreserve_puranas/vishnu_purana.pdf,Review before use; staging is not production approval,downloaded_staged,Archived Devanagari PDF staged on 2026-07-06 (1460649 bytes); OCR extraction and legal review required.
gretil_madhva_krsnamrtamaharnava,Krishnamritamaharnava,Sanskrit,GRETIL,https://gretil.sub.uni-goettingen.de/gretil/corpustei/transformations/plaintext/sa_mAdhva-kRSNAmRtamahArNava.txt,https://gretil.sub.uni-goettingen.de/gretil/corpustei/transformations/plaintext/sa_mAdhva-kRSNAmRtamahArNava.txt,content/_staging/raw/sanskrit/gretil/sa_mAdhva_kRSNAmRtamahArNava.txt,Review before use; staging is not production approval,downloaded_staged,Plaintext staged on 2026-07-06 (32424 bytes); XML sidecar at content/_staging/raw/sanskrit/gretil/sa_mAdhva_kRSNAmRtamahArNava.xml (43910 bytes).
gretil_madhva_anuvyakhyana,Anuvyakhyana,Sanskrit,GRETIL,https://gretil.sub.uni-goettingen.de/gretil/corpustei/transformations/plaintext/sa_mAdhva-anuvyAkhyAna.txt,https://gretil.sub.uni-goettingen.de/gretil/corpustei/transformations/plaintext/sa_mAdhva-anuvyAkhyAna.txt,content/_staging/raw/sanskrit/gretil/sa_mAdhva_anuvyAkhyAna.txt,Review before use; staging is not production approval,downloaded_staged,Plaintext staged on 2026-07-06 (252379 bytes); XML sidecar at content/_staging/raw/sanskrit/gretil/sa_mAdhva_anuvyAkhyAna.xml (306881 bytes).
gretil_madhva_mahabharatatatparyanirnaya,Mahabharata Tatparya Nirnaya,Sanskrit,GRETIL,https://gretil.sub.uni-goettingen.de/gretil/corpustei/transformations/plaintext/sa_mAdhva-mahAbhAratatAtparyanirNaya.txt,https://gretil.sub.uni-goettingen.de/gretil/corpustei/transformations/plaintext/sa_mAdhva-mahAbhAratatAtparyanirNaya.txt,content/_staging/raw/sanskrit/gretil/sa_mAdhva_mahAbhAratatAtparyanirNaya.txt,Review before use; staging is not production approval,downloaded_staged,Plaintext staged on 2026-07-06 (812269 bytes); XML sidecar at content/_staging/raw/sanskrit/gretil/sa_mAdhva_mahAbhAratatAtparyanirNaya.xml (855360 bytes).
gretil_abhinavagupta_anuttarastika,Anuttarashtika,Sanskrit,GRETIL,https://gretil.sub.uni-goettingen.de/gretil/corpustei/transformations/plaintext/sa_abhinavagupta-anuttarASTikA.txt,https://gretil.sub.uni-goettingen.de/gretil/corpustei/transformations/plaintext/sa_abhinavagupta-anuttarASTikA.txt,content/_staging/raw/sanskrit/gretil/sa_abhinavagupta_anuttarASTikA.txt,Review before use; staging is not production approval,downloaded_staged,Plaintext staged on 2026-07-06 (3850 bytes); XML sidecar at content/_staging/raw/sanskrit/gretil/sa_abhinavagupta_anuttarASTikA.xml (12091 bytes).
gretil_abhinavagupta_bhairavastava,Bhairavastava,Sanskrit,GRETIL,https://gretil.sub.uni-goettingen.de/gretil/corpustei/transformations/plaintext/sa_abhinavagupta-bhairavastava.txt,https://gretil.sub.uni-goettingen.de/gretil/corpustei/transformations/plaintext/sa_abhinavagupta-bhairavastava.txt,content/_staging/raw/sanskrit/gretil/sa_abhinavagupta_bhairavastava.txt,Review before use; staging is not production approval,downloaded_staged,Plaintext staged on 2026-07-06 (3199 bytes); XML sidecar at content/_staging/raw/sanskrit/gretil/sa_abhinavagupta_bhairavastava.xml (11411 bytes).
gretil_abhinavagupta_bodhapajcadazika,Bodhapancharashika,Sanskrit,GRETIL,https://gretil.sub.uni-goettingen.de/gretil/corpustei/transformations/plaintext/sa_abhinavagupta-bodhapaJcadazikA.txt,https://gretil.sub.uni-goettingen.de/gretil/corpustei/transformations/plaintext/sa_abhinavagupta-bodhapaJcadazikA.txt,content/_staging/raw/sanskrit/gretil/sa_abhinavagupta_bodhapaJcadazikA.txt,Review before use; staging is not production approval,downloaded_staged,Plaintext staged on 2026-07-06 (3560 bytes); XML sidecar at content/_staging/raw/sanskrit/gretil/sa_abhinavagupta_bodhapaJcadazikA.xml (11901 bytes).
gretil_abhinavagupta_izvarapratyabhijjavimarzini,Ishvara Pratyabhijna Vimarshini,Sanskrit,GRETIL,https://gretil.sub.uni-goettingen.de/gretil/corpustei/transformations/plaintext/sa_abhinavagupta-IzvarapratyabhijJAvimarzinI.txt,https://gretil.sub.uni-goettingen.de/gretil/corpustei/transformations/plaintext/sa_abhinavagupta-IzvarapratyabhijJAvimarzinI.txt,content/_staging/raw/sanskrit/gretil/sa_abhinavagupta_IzvarapratyabhijJAvimarzinI.txt,Review before use; staging is not production approval,downloaded_staged,Plaintext staged on 2026-07-06 (357301 bytes); XML sidecar at content/_staging/raw/sanskrit/gretil/sa_abhinavagupta_IzvarapratyabhijJAvimarzinI.xml (389870 bytes).
gretil_abhinavagupta_kramastotra,Kramastotra,Sanskrit,GRETIL,https://gretil.sub.uni-goettingen.de/gretil/corpustei/transformations/plaintext/sa_abhinavagupta-kramastotra.txt,https://gretil.sub.uni-goettingen.de/gretil/corpustei/transformations/plaintext/sa_abhinavagupta-kramastotra.txt,content/_staging/raw/sanskrit/gretil/sa_abhinavagupta_kramastotra.txt,Review before use; staging is not production approval,downloaded_staged,Plaintext staged on 2026-07-06 (8499 bytes); XML sidecar at content/_staging/raw/sanskrit/gretil/sa_abhinavagupta_kramastotra.xml (17580 bytes).
gretil_abhinavagupta_malinizlokavarttika,Malini Shloka Varttika,Sanskrit,GRETIL,https://gretil.sub.uni-goettingen.de/gretil/corpustei/transformations/plaintext/sa_abhinavagupta-mAlinIzlokavArttika.txt,https://gretil.sub.uni-goettingen.de/gretil/corpustei/transformations/plaintext/sa_abhinavagupta-mAlinIzlokavArttika.txt,content/_staging/raw/sanskrit/gretil/sa_abhinavagupta_mAlinIzlokavArttika.txt,Review before use; staging is not production approval,downloaded_staged,Plaintext staged on 2026-07-06 (186911 bytes); XML sidecar at content/_staging/raw/sanskrit/gretil/sa_abhinavagupta_mAlinIzlokavArttika.xml (243423 bytes).
gretil_abhinavagupta_paramarthasara,Paramarthasara,Sanskrit,GRETIL,https://gretil.sub.uni-goettingen.de/gretil/corpustei/transformations/plaintext/sa_abhinavagupta-paramArthasAra.txt,https://gretil.sub.uni-goettingen.de/gretil/corpustei/transformations/plaintext/sa_abhinavagupta-paramArthasAra.txt,content/_staging/raw/sanskrit/gretil/sa_abhinavagupta_paramArthasAra.txt,Review before use; staging is not production approval,downloaded_staged,Plaintext staged on 2026-07-06 (15647 bytes); XML sidecar at content/_staging/raw/sanskrit/gretil/sa_abhinavagupta_paramArthasAra.xml (26052 bytes).
gretil_abhinavagupta_paramarthasara_comm,Paramarthasara Commentary,Sanskrit,GRETIL,https://gretil.sub.uni-goettingen.de/gretil/corpustei/transformations/plaintext/sa_abhinavagupta-paramArthasAra-comm.txt,https://gretil.sub.uni-goettingen.de/gretil/corpustei/transformations/plaintext/sa_abhinavagupta-paramArthasAra-comm.txt,content/_staging/raw/sanskrit/gretil/sa_abhinavagupta_paramArthasAra_comm.txt,Review before use; staging is not production approval,downloaded_staged,Plaintext staged on 2026-07-06 (158888 bytes); XML sidecar at content/_staging/raw/sanskrit/gretil/sa_abhinavagupta_paramArthasAra_comm.xml (190650 bytes).
gretil_abhinavagupta_paryantapajcazika,Paryantapanchashika,Sanskrit,GRETIL,https://gretil.sub.uni-goettingen.de/gretil/corpustei/transformations/plaintext/sa_abhinavagupta-paryantapaJcAzikA.txt,https://gretil.sub.uni-goettingen.de/gretil/corpustei/transformations/plaintext/sa_abhinavagupta-paryantapaJcAzikA.txt,content/_staging/raw/sanskrit/gretil/sa_abhinavagupta_paryantapaJcAzikA.txt,Review before use; staging is not production approval,downloaded_staged,Plaintext staged on 2026-07-06 (8148 bytes); XML sidecar at content/_staging/raw/sanskrit/gretil/sa_abhinavagupta_paryantapaJcAzikA.xml (17270 bytes).
gretil_abhinavagupta_tantraloka,Tantraloka,Sanskrit,GRETIL,https://gretil.sub.uni-goettingen.de/gretil/corpustei/transformations/plaintext/sa_abhinavagupta-tantrAloka.txt,https://gretil.sub.uni-goettingen.de/gretil/corpustei/transformations/plaintext/sa_abhinavagupta-tantrAloka.txt,content/_staging/raw/sanskrit/gretil/sa_abhinavagupta_tantrAloka.txt,Review before use; staging is not production approval,downloaded_staged,Plaintext staged on 2026-07-06 (771436 bytes); XML sidecar at content/_staging/raw/sanskrit/gretil/sa_abhinavagupta_tantrAloka.xml (1219780 bytes).
gretil_abhinavagupta_tantrasara,Tantrasara,Sanskrit,GRETIL,https://gretil.sub.uni-goettingen.de/gretil/corpustei/transformations/plaintext/sa_abhinavagupta-tantrasAra.txt,https://gretil.sub.uni-goettingen.de/gretil/corpustei/transformations/plaintext/sa_abhinavagupta-tantrasAra.txt,content/_staging/raw/sanskrit/gretil/sa_abhinavagupta_tantrasAra.txt,Review before use; staging is not production approval,downloaded_staged,Plaintext staged on 2026-07-06 (130963 bytes); XML sidecar at content/_staging/raw/sanskrit/gretil/sa_abhinavagupta_tantrasAra.xml (144692 bytes).
sanskritdocuments_hanuman_chalisa_hindi_itx,Hanuman Chalisa,Hindi/Awadhi,SanskritDocuments,https://sanskritdocuments.org/doc_hanumaana/hanuman40.itx,https://sanskritdocuments.org/doc_hanumaana/hanuman40.itx,content/_staging/raw/hindi/sanskritdocuments_hanuman_chalisa_hi.itx,Review before use; staging is not production approval,downloaded_staged,ITX source staged on 2026-07-06 (4611 bytes); legal/provenance and normalization review required.
sanskritdocuments_hanuman_chalisa_hindi_alt_itx,Hanuman Chalisa alternate Hindi/Awadhi file,Hindi/Awadhi,SanskritDocuments,https://sanskritdocuments.org/doc_z_otherlang_hindi/chaalisa.itx,https://sanskritdocuments.org/doc_z_otherlang_hindi/chaalisa.itx,content/_staging/raw/hindi/sanskritdocuments_hanuman_chalisa_alt_hi.itx,Review before use; staging is not production approval,downloaded_staged,ITX source staged on 2026-07-06 (4814 bytes); legal/provenance and normalization review required.
sanskritdocuments_shiva_mahimna_stotra_itx,Shiva Mahimna Stotra,Sanskrit,SanskritDocuments,https://sanskritdocuments.org/doc_shiva/shivamahi.itx,https://sanskritdocuments.org/doc_shiva/shivamahi.itx,content/_staging/raw/sanskrit/sanskritdocuments/shiva_mahimna_stotra.itx,Review before use; staging is not production approval,downloaded_staged,ITX source staged on 2026-07-06 (12233 bytes); legal/provenance and normalization review required.
sanskritdocuments_aditya_hridayam_itx,Aditya Hridayam,Sanskrit,SanskritDocuments,https://sanskritdocuments.org/doc_z_misc_navagraha/adityahriday.itx,https://sanskritdocuments.org/doc_z_misc_navagraha/adityahriday.itx,content/_staging/raw/sanskrit/sanskritdocuments/aditya_hridayam.itx,Review before use; staging is not production approval,downloaded_staged,ITX source staged on 2026-07-06 (18277 bytes); legal/provenance and normalization review required.
sanskritdocuments_bhaja_govindam_itx,Bhaja Govindam,Sanskrit,SanskritDocuments,https://sanskritdocuments.org/doc_vishhnu/bhajagovindam.itx,https://sanskritdocuments.org/doc_vishhnu/bhajagovindam.itx,content/_staging/raw/sanskrit/sanskritdocuments/bhaja_govindam.itx,Review before use; staging is not production approval,downloaded_staged,ITX source staged on 2026-07-06 (33246 bytes); legal/provenance and normalization review required.
sanskritdocuments_soundarya_lahari_itx,Soundarya Lahari,Sanskrit,SanskritDocuments,https://sanskritdocuments.org/doc_devii/saundaryalahari.itx,https://sanskritdocuments.org/doc_devii/saundaryalahari.itx,content/_staging/raw/sanskrit/sanskritdocuments/soundarya_lahari.itx,Review before use; staging is not production approval,downloaded_staged,ITX source staged on 2026-07-06 (23682 bytes); legal/provenance and normalization review required.
sanskritdocuments_lalita_sahasranama_itx,Lalita Sahasranama,Sanskrit,SanskritDocuments,https://sanskritdocuments.org/doc_devii/lalita1000.itx,https://sanskritdocuments.org/doc_devii/lalita1000.itx,content/_staging/raw/sanskrit/sanskritdocuments/lalita_sahasranama.itx,Review before use; staging is not production approval,downloaded_staged,ITX source staged on 2026-07-06 (81375 bytes); legal/provenance and normalization review required.
sanskritdocuments_hanuman_chalisa_sanskrit_translation_itx,Hanuman Chalisa Sanskrit translation,Sanskrit,SanskritDocuments,https://sanskritdocuments.org/doc_hanumaana/hanumAnachAlisAsaMskRRita.itx,https://sanskritdocuments.org/doc_hanumaana/hanumAnachAlisAsaMskRRita.itx,content/_staging/raw/sanskrit/sanskritdocuments/hanuman_chalisa_sanskrit_translation.itx,Review before use; staging is not production approval,downloaded_staged,ITX source staged on 2026-07-06 (14304 bytes); legal/provenance and normalization review required.
devi_mahatmya_markandeya_dutt_1896_en,Devi Mahatmya (Markandeya Purana chapters 81–93),English,Internet Archive scan; derived from existing staged Dutt text,https://archive.org/details/in.ernet.dli.2015.163375,https://archive.org/details/in.ernet.dli.2015.163375,content/_staging/raw/english/devi_mahatmya_markandeya_dutt_1896_en.txt,Public-domain candidate; Internet Archive scan metadata and terms apply,derived_staged,Devi Mahatmya section extract staged on 2026-08-06; review before ingestion.
lalita_sahasranama_gherwal_1930_en,Lalita Sahasranama,English,Sacred Texts,https://www.sacred-texts.com/hin/kmu/index.htm,https://www.sacred-texts.com/hin/kmu/index.htm,content/_staging/raw/english/sacred_texts/lalita_sahasranama_gherwal_1930_en.jsonl,Public-domain candidate; Sacred Texts site terms apply,scraped_staged,Two Sacred Texts pages staged on 2026-08-06; review before ingestion.
aditya_hridayam_wikisource_en,Aditya Hridayam,English,English Wikisource,https://en.wikisource.org/wiki/Aditya_Hridayam,https://en.wikisource.org/wiki/Aditya_Hridayam,content/_staging/raw/english/aditya_hridayam_wikisource_en.html,Public-domain candidate; preserve Wikisource attribution and page history,downloaded_staged,English Wikisource page staged on 2026-08-06; review before ingestion.
hanuman_chalisa_english_lead,Hanuman Chalisa — English translation lead,English,HanumanChalisa.com,https://hanumanchalisaa.com/disclaimer/,https://hanumanchalisaa.com/disclaimer/,,Unknown; modern site and third-party rights noted,metadata_only,Modern translation lead recorded on 2026-08-06; rights confirmation required before acquisition.
shiva_mahima_stotra_english_lead,Shiva Mahimna Stotra — English translation lead,English,University of Kentucky,https://www.ms.uky.edu/~sohum/sanskrit/yogavasishtha/mahimna/mahimna.pdf,https://www.ms.uky.edu/~sohum/sanskrit/yogavasishtha/mahimna/mahimna.pdf,,Unknown; rights statement not verified,metadata_only,Rights-review lead recorded on 2026-08-06; do not download into corpus until cleared.
bhaja_govindam_english_lead,Bhaja Govindam — English translation lead,English,Sanskrit Documents,https://sanskritdocuments.org/doc_vishhnu/bhajagovindam-ta.pdf,https://sanskritdocuments.org/doc_vishhnu/bhajagovindam-ta.pdf,,Unknown; rights statement not verified,metadata_only,Rights-review lead recorded on 2026-08-06; do not download into corpus until cleared.
soundarya_lahari_english_lead,Soundarya Lahari — English translation lead,English,Vignanam,https://vignanam.org/media/plain-english/soundarya-lahari.html,https://vignanam.org/media/plain-english/soundarya-lahari.html,,Unknown; rights statement not verified,metadata_only,Rights-review lead recorded on 2026-08-06; do not download into corpus until cleared.
kamba_ramayanam_english_lead,Kamba Ramayanam — English study/translation lead,English,Internet Archive,https://archive.org/download/Kamba.Ramayanam-A.Study/Kamba.Ramayanam-A.Study.pdf,https://archive.org/download/Kamba.Ramayanam-A.Study/Kamba.Ramayanam-A.Study.pdf,,Unknown; 1950 publication and scan rights require review,metadata_only,Rights-review lead recorded on 2026-08-06; do not download into corpus until cleared.
adhyatma_ramayana_english_lead,Adhyatma Ramayana — English translation lead,English,Internet Archive,https://archive.org/details/TheAdhyatmaRamayana,https://archive.org/details/TheAdhyatmaRamayana,,Unknown; scan and translation rights require review,metadata_only,Rights-review lead recorded on 2026-08-06; do not download into corpus until cleared.
dnyaneshwari_english_lead,Dnyaneshwari / Jnaneshwari — English translation lead,English,Wisdom Library,https://www.wisdomlib.org/hinduism/book/jnaneshwari-bhavartha-dipika,https://www.wisdomlib.org/hinduism/book/jnaneshwari-bhavartha-dipika,,Unknown; translation and site reuse rights require review,metadata_only,Rights-review lead recorded on 2026-08-06; do not download into corpus until cleared.
gita_rahasya_tilak_english_lead,Shrimad Bhagavad Gita Rahasya — English translation/commentary lead,English,Internet Archive,https://archive.org/details/SrimadBhagavadGitaRahasya-BgTilak-Volumes1And2,https://archive.org/details/SrimadBhagavadGitaRahasya-BgTilak-Volumes1And2,,Unknown; translation/edition rights require review,metadata_only,Rights-review lead recorded on 2026-08-06; do not download into corpus until cleared.
narayaneeyam_english_lead,Narayaneeyam — English translation/transliteration lead,English,Sanskrit Documents,https://sanskritdocuments.org/sites/completenarayaneeyam/NarayaneeyamEng_09022014.pdf,https://sanskritdocuments.org/sites/completenarayaneeyam/NarayaneeyamEng_09022014.pdf,,Private circulation / unknown reuse rights,metadata_only,Rights-review lead recorded on 2026-08-06; do not download into corpus until cleared.
divya_prabandham_english_lead,Nalayira Divya Prabandham — English translation lead,English,Ramanuja.org archive notice,https://www.ibiblio.org/sripedia/ramanuja/archives/mar02/msg00024.html,https://www.ibiblio.org/sripedia/ramanuja/archives/mar02/msg00024.html,,Unknown; commercial publication; permission required,metadata_only,Bibliographic rights lead recorded on 2026-08-06; seek publisher/translator permission.
tevaram_english_lead,Tēvāram — English renderings lead,English,French Institute of Pondicherry,https://www.ifpindia.org/digitaldb/site/digital_tevaram/U_TEV/TRANSLATION.HTM,https://www.ifpindia.org/digitaldb/site/digital_tevaram/U_TEV/TRANSLATION.HTM,,Unknown; institutional digital project rights require review,metadata_only,Institutional rights lead recorded on 2026-08-06; seek permission before acquisition.
eknathi_bhagwat_english_lead,Eknathi Bhagwat — English translation lead,English,Ramakant Maharaj site,https://ramakantmaharaj.guru/Eknathi%20Bhagwat%20-%20English.pdf,https://ramakantmaharaj.guru/Eknathi%20Bhagwat%20-%20English.pdf,,Unknown; modern hosted translation/edition,metadata_only,Rights-review lead recorded on 2026-08-06; do not download into corpus until cleared.
